source,station,station_id,period_start,period_end,source_scale_m,products,coverage_pct,NDVI_p05,NDVI_p95,nonwater_pixel_count
HLS,Pastos limpios,0,2021-01-01,2021-01-09,30,6,100.0,0.5102672179539999,0.8273659547170004,288
HLS,Palma,1,2021-01-01,2021-01-09,30,6,100.0,0.7252771854400635,0.8974256170210544,286
HLS,Bananera,2,2021-01-01,2021-01-09,30,6,100.0,0.7516512870788574,0.9083024041961558,287
HLS,Manglar,3,2021-01-01,2021-01-09,30,6,100.0,0.6612344006183843,0.8637739311419975,272
HLS,Bosque seco,4,2021-01-01,2021-01-09,30,6,100.0,0.6165460348129272,0.8762065598050954,271
HLS,Pastos limpios,00000000000000000000,2021-01-09,2021-01-17,30,8,95.23043513230918,-9999.0,-9999.0,0
HLS,Palma,00000000000000000001,2021-01-09,2021-01-17,30,8,100.0,-9999.0,-9999.0,0
HLS,Bananera,00000000000000000002,2021-01-09,2021-01-17,30,8,100.0,-9999.0,-9999.0,0
HLS,Manglar,00000000000000000003,2021-01-09,2021-01-17,30,8,30.86499805472702,-9999.0,-9999.0,0
HLS,Bosque seco,00000000000000000004,2021-01-09,2021-01-17,30,8,100.0,-9999.0,-9999.0,0
HLS,Pastos limpios,00000000000000000000,2021-01-17,2021-01-25,30,6,100.0,-9999.0,-9999.0,0
HLS,Palma,00000000000000000001,2021-01-17,2021-01-25,30,6,100.0,-9999.0,-9999.0,0
HLS,Bananera,00000000000000000002,2021-01-17,2021-01-25,30,6,100.0,-9999.0,-9999.0,0
HLS,Manglar,00000000000000000003,2021-01-17,2021-01-25,30,6,100.0,-9999.0,-9999.0,0
HLS,Bosque seco,00000000000000000004,2021-01-17,2021-01-25,30,6,100.0,-9999.0,-9999.0,0
HLS,Pastos limpios,00000000000000000000,2021-01-25,2021-02-02,30,8,100.0,-9999.0,-9999.0,0
HLS,Palma,00000000000000000001,2021-01-25,2021-02-02,30,8,100.0,-9999.0,-9999.0,0
HLS,Bananera,00000000000000000002,2021-01-25,2021-02-02,30,8,100.0,-9999.0,-9999.0,0
HLS,Manglar,00000000000000000003,2021-01-25,2021-02-02,30,8,100.0,-9999.0,-9999.0,0
HLS,Bosque seco,00000000000000000004,2021-01-25,2021-02-02,30,8,100.0,-9999.0,-9999.0,0
HLS,Pastos limpios,00000000000000000000,2021-02-02,2021-02-10,30,6,100.0,-9999.0,-9999.0,0
HLS,Palma,00000000000000000001,2021-02-02,2021-02-10,30,6,100.0,-9999.0,-9999.0,0
HLS,Bananera,00000000000000000002,2021-02-02,2021-02-10,30,6,100.0,-9999.0,-9999.0,0
HLS,Manglar,00000000000000000003,2021-02-02,2021-02-10,30,6,100.0,-9999.0,-9999.0,0
HLS,Bosque seco,00000000000000000004,2021-02-02,2021-02-10,30,6,100.0,-9999.0,-9999.0,0
HLS,Pastos limpios,00000000000000000000,2021-02-10,2021-02-18,30,8,100.0,-9999.0,-9999.0,0
HLS,Palma,00000000000000000001,2021-02-10,2021-02-18,30,8,100.0,-9999.0,-9999.0,0
HLS,Bananera,00000000000000000002,2021-02-10,2021-02-18,30,8,100.0,-9999.0,-9999.0,0
HLS,Manglar,00000000000000000003,2021-02-10,2021-02-18,30,8,100.0,-9999.0,-9999.0,0
HLS,Bosque seco,00000000000000000004,2021-02-10,2021-02-18,30,8,100.0,-9999.0,-9999.0,0
HLS,Pastos limpios,00000000000000000000,2021-02-18,2021-02-26,30,6,100.0,-9999.0,-9999.0,0
HLS,Palma,00000000000000000001,2021-02-18,2021-02-26,30,6,100.0,-9999.0,-9999.0,0
HLS,Bananera,00000000000000000002,2021-02-18,2021-02-26,30,6,100.0,-9999.0,-9999.0,0
HLS,Manglar,00000000000000000003,2021-02-18,2021-02-26,30,6,100.0,-9999.0,-9999.0,0
HLS,Bosque seco,00000000000000000004,2021-02-18,2021-02-26,30,6,100.0,-9999.0,-9999.0,0
HLS,Pastos limpios,00000000000000000000,2021-02-26,2021-03-06,30,8,100.0,-9999.0,-9999.0,0
HLS,Palma,00000000000000000001,2021-02-26,2021-03-06,30,8,100.0,-9999.0,-9999.0,0
HLS,Bananera,00000000000000000002,2021-02-26,2021-03-06,30,8,100.0,-9999.0,-9999.0,0
HLS,Manglar,00000000000000000003,2021-02-26,2021-03-06,30,8,100.0,-9999.0,-9999.0,0
HLS,Bosque seco,00000000000000000004,2021-02-26,2021-03-06,30,8,100.0,-9999.0,-9999.0,0
HLS,Pastos limpios,00000000000000000000,2021-03-06,2021-03-14,30,6,0.0,-9999.0,-9999.0,0
HLS,Palma,00000000000000000001,2021-03-06,2021-03-14,30,6,0.0,-9999.0,-9999.0,0
HLS,Bananera,00000000000000000002,2021-03-06,2021-03-14,30,6,0.0,-9999.0,-9999.0,0
HLS,Manglar,00000000000000000003,2021-03-06,2021-03-14,30,6,0.0,-9999.0,-9999.0,0
HLS,Bosque seco,00000000000000000004,2021-03-06,2021-03-14,30,6,0.0,-9999.0,-9999.0,0
HLS,Pastos limpios,00000000000000000000,2021-03-14,2021-03-22,30,8,100.0,-9999.0,-9999.0,0
HLS,Palma,00000000000000000001,2021-03-14,2021-03-22,30,8,100.0,-9999.0,-9999.0,0
HLS,Bananera,00000000000000000002,2021-03-14,2021-03-22,30,8,100.0,-9999.0,-9999.0,0
HLS,Manglar,00000000000000000003,2021-03-14,2021-03-22,30,8,100.0,-9999.0,-9999.0,0
HLS,Bosque seco,00000000000000000004,2021-03-14,2021-03-22,30,8,100.0,-9999.0,-9999.0,0
HLS,Pastos limpios,00000000000000000000,2021-03-22,2021-03-30,30,8,100.0,-9999.0,-9999.0,0
HLS,Palma,00000000000000000001,2021-03-22,2021-03-30,30,8,100.0,-9999.0,-9999.0,0
HLS,Bananera,00000000000000000002,2021-03-22,2021-03-30,30,8,100.0,-9999.0,-9999.0,0
HLS,Manglar,00000000000000000003,2021-03-22,2021-03-30,30,8,100.0,-9999.0,-9999.0,0
HLS,Bosque seco,00000000000000000004,2021-03-22,2021-03-30,30,8,100.0,-9999.0,-9999.0,0
HLS,Pastos limpios,00000000000000000000,2021-03-30,2021-04-07,30,5,0.0,-9999.0,-9999.0,0
HLS,Palma,00000000000000000001,2021-03-30,2021-04-07,30,5,0.0,-9999.0,-9999.0,0
HLS,Bananera,00000000000000000002,2021-03-30,2021-04-07,30,5,0.0,-9999.0,-9999.0,0
HLS,Manglar,00000000000000000003,2021-03-30,2021-04-07,30,5,0.0,-9999.0,-9999.0,0
HLS,Bosque seco,00000000000000000004,2021-03-30,2021-04-07,30,5,0.0,-9999.0,-9999.0,0
HLS,Pastos limpios,00000000000000000000,2021-04-07,2021-04-15,30,6,0.5935815973618594,-9999.0,-9999.0,0
HLS,Palma,00000000000000000001,2021-04-07,2021-04-15,30,6,15.216097537437074,-9999.0,-9999.0,0
HLS,Bananera,00000000000000000002,2021-04-07,2021-04-15,30,6,100.0,-9999.0,-9999.0,0
HLS,Manglar,00000000000000000003,2021-04-07,2021-04-15,30,6,100.0,-9999.0,-9999.0,0
HLS,Bosque seco,00000000000000000004,2021-04-07,2021-04-15,30,6,100.0,-9999.0,-9999.0,0
HLS,Pastos limpios,00000000000000000000,2021-04-15,2021-04-23,30,5,0.0,-9999.0,-9999.0,0
HLS,Palma,00000000000000000001,2021-04-15,2021-04-23,30,5,0.0,-9999.0,-9999.0,0
HLS,Bananera,00000000000000000002,2021-04-15,2021-04-23,30,5,0.0,-9999.0,-9999.0,0
HLS,Manglar,00000000000000000003,2021-04-15,2021-04-23,30,5,83.41330566722864,-9999.0,-9999.0,0
HLS,Bosque seco,00000000000000000004,2021-04-15,2021-04-23,30,5,0.0,-9999.0,-9999.0,0
HLS,Pastos limpios,00000000000000000000,2021-04-23,2021-05-01,30,3,100.0,-9999.0,-9999.0,0
HLS,Palma,00000000000000000001,2021-04-23,2021-05-01,30,3,100.0,-9999.0,-9999.0,0
HLS,Bananera,00000000000000000002,2021-04-23,2021-05-01,30,3,100.0,-9999.0,-9999.0,0
HLS,Manglar,00000000000000000003,2021-04-23,2021-05-01,30,3,100.0,-9999.0,-9999.0,0
HLS,Bosque seco,00000000000000000004,2021-04-23,2021-05-01,30,3,100.0,-9999.0,-9999.0,0
HLS,Pastos limpios,00000000000000000000,2021-05-01,2021-05-09,30,10,100.0,-9999.0,-9999.0,0
HLS,Palma,00000000000000000001,2021-05-01,2021-05-09,30,10,97.50687619629731,-9999.0,-9999.0,0
HLS,Bananera,00000000000000000002,2021-05-01,2021-05-09,30,10,43.188326522732396,-9999.0,-9999.0,0
HLS,Manglar,00000000000000000003,2021-05-01,2021-05-09,30,10,100.0,-9999.0,-9999.0,0
HLS,Bosque seco,00000000000000000004,2021-05-01,2021-05-09,30,10,99.58957025591502,-9999.0,-9999.0,0
HLS,Pastos limpios,00000000000000000000,2021-05-09,2021-05-17,30,6,0.0,-9999.0,-9999.0,0
HLS,Palma,00000000000000000001,2021-05-09,2021-05-17,30,6,45.49387978317867,-9999.0,-9999.0,0
HLS,Bananera,00000000000000000002,2021-05-09,2021-05-17,30,6,16.00920235528814,-9999.0,-9999.0,0
HLS,Manglar,00000000000000000003,2021-05-09,2021-05-17,30,6,100.0,-9999.0,-9999.0,0
HLS,Bosque seco,00000000000000000004,2021-05-09,2021-05-17,30,6,100.0,-9999.0,-9999.0,0
HLS,Pastos limpios,00000000000000000000,2021-05-17,2021-05-25,30,6,0.0,-9999.0,-9999.0,0
HLS,Palma,00000000000000000001,2021-05-17,2021-05-25,30,6,0.0,-9999.0,-9999.0,0
HLS,Bananera,00000000000000000002,2021-05-17,2021-05-25,30,6,0.0,-9999.0,-9999.0,0
HLS,Manglar,00000000000000000003,2021-05-17,2021-05-25,30,6,100.0,-9999.0,-9999.0,0
HLS,Bosque seco,00000000000000000004,2021-05-17,2021-05-25,30,6,4.9251569290197965,-9999.0,-9999.0,0
HLS,Pastos limpios,00000000000000000000,2021-05-25,2021-06-02,30,4,0.0,-9999.0,-9999.0,0
HLS,Palma,00000000000000000001,2021-05-25,2021-06-02,30,4,0.0,-9999.0,-9999.0,0
HLS,Bananera,00000000000000000002,2021-05-25,2021-06-02,30,4,0.0,-9999.0,-9999.0,0
HLS,Manglar,00000000000000000003,2021-05-25,2021-06-02,30,4,0.0,-9999.0,-9999.0,0
HLS,Bosque seco,00000000000000000004,2021-05-25,2021-06-02,30,4,0.0,-9999.0,-9999.0,0
HLS,Pastos limpios,00000000000000000000,2021-06-02,2021-06-10,30,4,0.0,-9999.0,-9999.0,0
HLS,Palma,00000000000000000001,2021-06-02,2021-06-10,30,4,0.0,-9999.0,-9999.0,0
HLS,Bananera,00000000000000000002,2021-06-02,2021-06-10,30,4,0.0,-9999.0,-9999.0,0
HLS,Manglar,00000000000000000003,2021-06-02,2021-06-10,30,4,100.0,-9999.0,-9999.0,0
HLS,Bosque seco,00000000000000000004,2021-06-02,2021-06-10,30,4,100.0,-9999.0,-9999.0,0
HLS,Pastos limpios,00000000000000000000,2021-06-10,2021-06-18,30,7,81.67457572589079,-9999.0,-9999.0,0
HLS,Palma,00000000000000000001,2021-06-10,2021-06-18,30,7,7.6016149008380145,-9999.0,-9999.0,0
HLS,Bananera,00000000000000000002,2021-06-10,2021-06-18,30,7,89.54599568840696,-9999.0,-9999.0,0
HLS,Manglar,00000000000000000003,2021-06-10,2021-06-18,30,7,100.0,-9999.0,-9999.0,0
HLS,Bosque seco,00000000000000000004,2021-06-10,2021-06-18,30,7,100.0,-9999.0,-9999.0,0
HLS,Pastos limpios,00000000000000000000,2021-06-18,2021-06-26,30,7,57.603152899541534,-9999.0,-9999.0,0
HLS,Palma,00000000000000000001,2021-06-18,2021-06-26,30,7,0.0,-9999.0,-9999.0,0
HLS,Bananera,00000000000000000002,2021-06-18,2021-06-26,30,7,0.0,-9999.0,-9999.0,0
HLS,Manglar,00000000000000000003,2021-06-18,2021-06-26,30,7,100.0,-9999.0,-9999.0,0
HLS,Bosque seco,00000000000000000004,2021-06-18,2021-06-26,30,7,100.0,-9999.0,-9999.0,0
HLS,Pastos limpios,00000000000000000000,2021-06-26,2021-07-04,30,5,9.223839781227374,-9999.0,-9999.0,0
HLS,Palma,00000000000000000001,2021-06-26,2021-07-04,30,5,100.0,-9999.0,-9999.0,0
HLS,Bananera,00000000000000000002,2021-06-26,2021-07-04,30,5,100.0,-9999.0,-9999.0,0
HLS,Manglar,00000000000000000003,2021-06-26,2021-07-04,30,5,100.0,-9999.0,-9999.0,0
HLS,Bosque seco,00000000000000000004,2021-06-26,2021-07-04,30,5,100.0,-9999.0,-9999.0,0
HLS,Pastos limpios,00000000000000000000,2021-07-04,2021-07-12,30,6,93.04431754202527,-9999.0,-9999.0,0
HLS,Palma,00000000000000000001,2021-07-04,2021-07-12,30,6,97.84626272699491,-9999.0,-9999.0,0
HLS,Bananera,00000000000000000002,2021-07-04,2021-07-12,30,6,57.048167572959215,-9999.0,-9999.0,0
HLS,Manglar,00000000000000000003,2021-07-04,2021-07-12,30,6,100.0,-9999.0,-9999.0,0
HLS,Bosque seco,00000000000000000004,2021-07-04,2021-07-12,30,6,100.0,-9999.0,-9999.0,0
HLS,Pastos limpios,00000000000000000000,2021-07-12,2021-07-20,30,3,99.8761360894394,-9999.0,-9999.0,0
HLS,Palma,00000000000000000001,2021-07-12,2021-07-20,30,3,100.0,-9999.0,-9999.0,0
HLS,Bananera,00000000000000000002,2021-07-12,2021-07-20,30,3,100.0,-9999.0,-9999.0,0
HLS,Manglar,00000000000000000003,2021-07-12,2021-07-20,30,3,83.07126183374399,-9999.0,-9999.0,0
HLS,Bosque seco,00000000000000000004,2021-07-12,2021-07-20,30,3,100.0,-9999.0,-9999.0,0
HLS,Pastos limpios,00000000000000000000,2021-07-20,2021-07-28,30,8,100.0,-9999.0,-9999.0,0
HLS,Palma,00000000000000000001,2021-07-20,2021-07-28,30,8,100.0,-9999.0,-9999.0,0
HLS,Bananera,00000000000000000002,2021-07-20,2021-07-28,30,8,100.0,-9999.0,-9999.0,0
HLS,Manglar,00000000000000000003,2021-07-20,2021-07-28,30,8,100.0,-9999.0,-9999.0,0
HLS,Bosque seco,00000000000000000004,2021-07-20,2021-07-28,30,8,100.0,-9999.0,-9999.0,0
HLS,Pastos limpios,00000000000000000000,2021-07-28,2021-08-05,30,5,100.0,-9999.0,-9999.0,0
HLS,Palma,00000000000000000001,2021-07-28,2021-08-05,30,5,100.0,-9999.0,-9999.0,0
HLS,Bananera,00000000000000000002,2021-07-28,2021-08-05,30,5,99.24547121850767,-9999.0,-9999.0,0
HLS,Manglar,00000000000000000003,2021-07-28,2021-08-05,30,5,100.0,-9999.0,-9999.0,0
HLS,Bosque seco,00000000000000000004,2021-07-28,2021-08-05,30,5,100.0,-9999.0,-9999.0,0
HLS,Pastos limpios,00000000000000000000,2021-08-05,2021-08-13,30,8,97.53880801093864,-9999.0,-9999.0,0
HLS,Palma,00000000000000000001,2021-08-05,2021-08-13,30,8,77.29809718357436,-9999.0,-9999.0,0
HLS,Bananera,00000000000000000002,2021-08-05,2021-08-13,30,8,40.67054924547122,-9999.0,-9999.0,0
HLS,Manglar,00000000000000000003,2021-08-05,2021-08-13,30,8,100.0,-9999.0,-9999.0,0
HLS,Bosque seco,00000000000000000004,2021-08-05,2021-08-13,30,8,100.0,-9999.0,-9999.0,0
HLS,Pastos limpios,00000000000000000000,2021-08-13,2021-08-21,30,4,63.13681331939194,-9999.0,-9999.0,0
HLS,Palma,00000000000000000001,2021-08-13,2021-08-21,30,4,7.345868652587222,-9999.0,-9999.0,0
HLS,Bananera,00000000000000000002,2021-08-13,2021-08-21,30,4,0.0,-9999.0,-9999.0,0
HLS,Manglar,00000000000000000003,2021-08-13,2021-08-21,30,4,100.0,-9999.0,-9999.0,0
HLS,Bosque seco,00000000000000000004,2021-08-13,2021-08-21,30,4,90.93191694833412,-9999.0,-9999.0,0
HLS,Pastos limpios,00000000000000000000,2021-08-21,2021-08-29,30,6,0.0,-9999.0,-9999.0,0
HLS,Palma,00000000000000000001,2021-08-21,2021-08-29,30,6,6.581846841775106,-9999.0,-9999.0,0
HLS,Bananera,00000000000000000002,2021-08-21,2021-08-29,30,6,4.527172688953955,-9999.0,-9999.0,0
HLS,Manglar,00000000000000000003,2021-08-21,2021-08-29,30,6,81.08222020490207,-9999.0,-9999.0,0
HLS,Bosque seco,00000000000000000004,2021-08-21,2021-08-29,30,6,44.239497827136645,-9999.0,-9999.0,0
HLS,Pastos limpios,00000000000000000000,2021-08-29,2021-09-06,30,4,0.0,-9999.0,-9999.0,0
HLS,Palma,00000000000000000001,2021-08-29,2021-09-06,30,4,0.0,-9999.0,-9999.0,0
HLS,Bananera,00000000000000000002,2021-08-29,2021-09-06,30,4,0.0,-9999.0,-9999.0,0
HLS,Manglar,00000000000000000003,2021-08-29,2021-09-06,30,4,0.0,-9999.0,-9999.0,0
HLS,Bosque seco,00000000000000000004,2021-08-29,2021-09-06,30,4,0.0,-9999.0,-9999.0,0
HLS,Pastos limpios,00000000000000000000,2021-09-06,2021-09-14,30,8,0.0,-9999.0,-9999.0,0
HLS,Palma,00000000000000000001,2021-09-06,2021-09-14,30,8,0.0,-9999.0,-9999.0,0
HLS,Bananera,00000000000000000002,2021-09-06,2021-09-14,30,8,0.0,-9999.0,-9999.0,0
HLS,Manglar,00000000000000000003,2021-09-06,2021-09-14,30,8,100.0,-9999.0,-9999.0,0
HLS,Bosque seco,00000000000000000004,2021-09-06,2021-09-14,30,8,0.0,-9999.0,-9999.0,0
HLS,Pastos limpios,00000000000000000000,2021-09-14,2021-09-22,30,6,0.0,-9999.0,-9999.0,0
HLS,Palma,00000000000000000001,2021-09-14,2021-09-22,30,6,0.0,-9999.0,-9999.0,0
HLS,Bananera,00000000000000000002,2021-09-14,2021-09-22,30,6,0.0,-9999.0,-9999.0,0
HLS,Manglar,00000000000000000003,2021-09-14,2021-09-22,30,6,100.0,-9999.0,-9999.0,0
HLS,Bosque seco,00000000000000000004,2021-09-14,2021-09-22,30,6,0.0,-9999.0,-9999.0,0
HLS,Pastos limpios,00000000000000000000,2021-09-22,2021-09-30,30,5,98.35920534062576,-9999.0,-9999.0,0
HLS,Palma,00000000000000000001,2021-09-22,2021-09-30,30,5,86.4229303051262,-9999.0,-9999.0,0
HLS,Bananera,00000000000000000002,2021-09-22,2021-09-30,30,5,10.885163615302938,-9999.0,-9999.0,0
HLS,Manglar,00000000000000000003,2021-09-22,2021-09-30,30,5,100.0,-9999.0,-9999.0,0
HLS,Bosque seco,00000000000000000004,2021-09-22,2021-09-30,30,5,100.0,-9999.0,-9999.0,0
HLS,Pastos limpios,00000000000000000000,2021-09-30,2021-10-08,30,6,0.0,-9999.0,-9999.0,0
HLS,Palma,00000000000000000001,2021-09-30,2021-10-08,30,6,66.14337874571746,-9999.0,-9999.0,0
HLS,Bananera,00000000000000000002,2021-09-30,2021-10-08,30,6,0.0,-9999.0,-9999.0,0
HLS,Manglar,00000000000000000003,2021-09-30,2021-10-08,30,6,24.255933082609264,-9999.0,-9999.0,0
HLS,Bosque seco,00000000000000000004,2021-09-30,2021-10-08,30,6,99.93722839208114,-9999.0,-9999.0,0
HLS,Pastos limpios,00000000000000000000,2021-10-08,2021-10-16,30,10,0.0,-9999.0,-9999.0,0
HLS,Palma,00000000000000000001,2021-10-08,2021-10-16,30,10,0.0,-9999.0,-9999.0,0
HLS,Bananera,00000000000000000002,2021-10-08,2021-10-16,30,10,34.09376106052318,-9999.0,-9999.0,0
HLS,Manglar,00000000000000000003,2021-10-08,2021-10-16,30,10,0.0,-9999.0,-9999.0,0
HLS,Bosque seco,00000000000000000004,2021-10-08,2021-10-16,30,10,0.0,-9999.0,-9999.0,0
HLS,Pastos limpios,00000000000000000000,2021-10-16,2021-10-24,30,6,22.504624788868334,-9999.0,-9999.0,0
HLS,Palma,00000000000000000001,2021-10-16,2021-10-24,30,6,0.0,-9999.0,-9999.0,0
HLS,Bananera,00000000000000000002,2021-10-16,2021-10-24,30,6,0.0,-9999.0,-9999.0,0
HLS,Manglar,00000000000000000003,2021-10-16,2021-10-24,30,6,0.0,-9999.0,-9999.0,0
HLS,Bosque seco,00000000000000000004,2021-10-16,2021-10-24,30,6,0.0,-9999.0,-9999.0,0
HLS,Pastos limpios,00000000000000000000,2021-10-24,2021-11-01,30,6,100.0,-9999.0,-9999.0,0
HLS,Palma,00000000000000000001,2021-10-24,2021-11-01,30,6,100.0,-9999.0,-9999.0,0
HLS,Bananera,00000000000000000002,2021-10-24,2021-11-01,30,6,100.0,-9999.0,-9999.0,0
HLS,Manglar,00000000000000000003,2021-10-24,2021-11-01,30,6,100.0,-9999.0,-9999.0,0
HLS,Bosque seco,00000000000000000004,2021-10-24,2021-11-01,30,6,100.0,-9999.0,-9999.0,0
HLS,Pastos limpios,00000000000000000000,2021-11-01,2021-11-09,30,6,0.0933000884742218,-9999.0,-9999.0,0
HLS,Palma,00000000000000000001,2021-11-01,2021-11-09,30,6,0.0,-9999.0,-9999.0,0
HLS,Bananera,00000000000000000002,2021-11-01,2021-11-09,30,6,0.0,-9999.0,-9999.0,0
HLS,Manglar,00000000000000000003,2021-11-01,2021-11-09,30,6,0.0,-9999.0,-9999.0,0
HLS,Bosque seco,00000000000000000004,2021-11-01,2021-11-09,30,6,0.0,-9999.0,-9999.0,0
HLS,Pastos limpios,00000000000000000000,2021-11-09,2021-11-17,30,8,98.24981903000078,-9999.0,-9999.0,0
HLS,Palma,00000000000000000001,2021-11-09,2021-11-17,30,8,21.638706149169238,-9999.0,-9999.0,0
HLS,Bananera,00000000000000000002,2021-11-09,2021-11-17,30,8,0.0,-9999.0,-9999.0,0
HLS,Manglar,00000000000000000003,2021-11-09,2021-11-17,30,8,100.0,-9999.0,-9999.0,0
HLS,Bosque seco,00000000000000000004,2021-11-09,2021-11-17,30,8,0.0,-9999.0,-9999.0,0
HLS,Pastos limpios,00000000000000000000,2021-11-17,2021-11-25,30,9,100.0,-9999.0,-9999.0,0
HLS,Palma,00000000000000000001,2021-11-17,2021-11-25,30,9,100.0,-9999.0,-9999.0,0
HLS,Bananera,00000000000000000002,2021-11-17,2021-11-25,30,9,100.0,-9999.0,-9999.0,0
HLS,Manglar,00000000000000000003,2021-11-17,2021-11-25,30,9,100.0,-9999.0,-9999.0,0
HLS,Bosque seco,00000000000000000004,2021-11-17,2021-11-25,30,9,76.04377917270241,-9999.0,-9999.0,0
HLS,Pastos limpios,00000000000000000000,2021-11-25,2021-12-03,30,8,100.0,-9999.0,-9999.0,0
HLS,Palma,00000000000000000001,2021-11-25,2021-12-03,30,8,100.0,-9999.0,-9999.0,0
HLS,Bananera,00000000000000000002,2021-11-25,2021-12-03,30,8,100.0,-9999.0,-9999.0,0
HLS,Manglar,00000000000000000003,2021-11-25,2021-12-03,30,8,100.0,-9999.0,-9999.0,0
HLS,Bosque seco,00000000000000000004,2021-11-25,2021-12-03,30,8,100.0,-9999.0,-9999.0,0
HLS,Pastos limpios,00000000000000000000,2021-12-03,2021-12-11,30,7,100.0,-9999.0,-9999.0,0
HLS,Palma,00000000000000000001,2021-12-03,2021-12-11,30,7,100.0,-9999.0,-9999.0,0
HLS,Bananera,00000000000000000002,2021-12-03,2021-12-11,30,7,100.0,-9999.0,-9999.0,0
HLS,Manglar,00000000000000000003,2021-12-03,2021-12-11,30,7,100.0,-9999.0,-9999.0,0
HLS,Bosque seco,00000000000000000004,2021-12-03,2021-12-11,30,7,100.0,-9999.0,-9999.0,0
HLS,Pastos limpios,00000000000000000000,2021-12-11,2021-12-19,30,8,100.0,-9999.0,-9999.0,0
HLS,Palma,00000000000000000001,2021-12-11,2021-12-19,30,8,100.0,-9999.0,-9999.0,0
HLS,Bananera,00000000000000000002,2021-12-11,2021-12-19,30,8,100.0,-9999.0,-9999.0,0
HLS,Manglar,00000000000000000003,2021-12-11,2021-12-19,30,8,100.0,-9999.0,-9999.0,0
HLS,Bosque seco,00000000000000000004,2021-12-11,2021-12-19,30,8,100.0,-9999.0,-9999.0,0
HLS,Pastos limpios,00000000000000000000,2021-12-19,2021-12-27,30,8,100.0,-9999.0,-9999.0,0
HLS,Palma,00000000000000000001,2021-12-19,2021-12-27,30,8,100.0,-9999.0,-9999.0,0
HLS,Bananera,00000000000000000002,2021-12-19,2021-12-27,30,8,100.0,-9999.0,-9999.0,0
HLS,Manglar,00000000000000000003,2021-12-19,2021-12-27,30,8,100.0,-9999.0,-9999.0,0
HLS,Bosque seco,00000000000000000004,2021-12-19,2021-12-27,30,8,100.0,-9999.0,-9999.0,0
HLS,Pastos limpios,00000000000000000000,2021-12-27,2022-01-01,30,6,100.0,-9999.0,-9999.0,0
HLS,Palma,00000000000000000001,2021-12-27,2022-01-01,30,6,100.0,-9999.0,-9999.0,0
HLS,Bananera,00000000000000000002,2021-12-27,2022-01-01,30,6,100.0,-9999.0,-9999.0,0
HLS,Manglar,00000000000000000003,2021-12-27,2022-01-01,30,6,100.0,-9999.0,-9999.0,0
HLS,Bosque seco,00000000000000000004,2021-12-27,2022-01-01,30,6,100.0,-9999.0,-9999.0,0
HLS,Pastos limpios,00000000000000000000,2022-01-01,2022-01-09,30,8,100.0,-9999.0,-9999.0,0
HLS,Palma,00000000000000000001,2022-01-01,2022-01-09,30,8,100.0,-9999.0,-9999.0,0
HLS,Bananera,00000000000000000002,2022-01-01,2022-01-09,30,8,100.0,-9999.0,-9999.0,0
HLS,Manglar,00000000000000000003,2022-01-01,2022-01-09,30,8,100.0,-9999.0,-9999.0,0
HLS,Bosque seco,00000000000000000004,2022-01-01,2022-01-09,30,8,100.0,-9999.0,-9999.0,0
HLS,Pastos limpios,00000000000000000000,2022-01-09,2022-01-17,30,7,100.0,-9999.0,-9999.0,0
HLS,Palma,00000000000000000001,2022-01-09,2022-01-17,30,7,77.29327178266395,-9999.0,-9999.0,0
HLS,Bananera,00000000000000000002,2022-01-09,2022-01-17,30,7,13.594388493838286,-9999.0,-9999.0,0
HLS,Manglar,00000000000000000003,2022-01-09,2022-01-17,30,7,93.53358838023603,-9999.0,-9999.0,0
HLS,Bosque seco,00000000000000000004,2022-01-09,2022-01-17,30,7,100.0,-9999.0,-9999.0,0
HLS,Pastos limpios,00000000000000000000,2022-01-17,2022-01-25,30,8,100.0,-9999.0,-9999.0,0
HLS,Palma,00000000000000000001,2022-01-17,2022-01-25,30,8,100.0,-9999.0,-9999.0,0
HLS,Bananera,00000000000000000002,2022-01-17,2022-01-25,30,8,100.0,-9999.0,-9999.0,0
HLS,Manglar,00000000000000000003,2022-01-17,2022-01-25,30,8,100.0,-9999.0,-9999.0,0
HLS,Bosque seco,00000000000000000004,2022-01-17,2022-01-25,30,8,100.0,-9999.0,-9999.0,0
HLS,Pastos limpios,00000000000000000000,2022-01-25,2022-02-02,30,8,100.0,-9999.0,-9999.0,0
HLS,Palma,00000000000000000001,2022-01-25,2022-02-02,30,8,100.0,-9999.0,-9999.0,0
HLS,Bananera,00000000000000000002,2022-01-25,2022-02-02,30,8,100.0,-9999.0,-9999.0,0
HLS,Manglar,00000000000000000003,2022-01-25,2022-02-02,30,8,100.0,-9999.0,-9999.0,0
HLS,Bosque seco,00000000000000000004,2022-01-25,2022-02-02,30,8,100.0,-9999.0,-9999.0,0
HLS,Pastos limpios,00000000000000000000,2022-02-02,2022-02-10,30,8,100.0,-9999.0,-9999.0,0
HLS,Palma,00000000000000000001,2022-02-02,2022-02-10,30,8,100.0,-9999.0,-9999.0,0
HLS,Bananera,00000000000000000002,2022-02-02,2022-02-10,30,8,100.0,-9999.0,-9999.0,0
HLS,Manglar,00000000000000000003,2022-02-02,2022-02-10,30,8,100.0,-9999.0,-9999.0,0
HLS,Bosque seco,00000000000000000004,2022-02-02,2022-02-10,30,8,100.0,-9999.0,-9999.0,0
HLS,Pastos limpios,00000000000000000000,2022-02-10,2022-02-18,30,10,100.0,-9999.0,-9999.0,0
HLS,Palma,00000000000000000001,2022-02-10,2022-02-18,30,10,100.0,-9999.0,-9999.0,0
HLS,Bananera,00000000000000000002,2022-02-10,2022-02-18,30,10,100.0,-9999.0,-9999.0,0
HLS,Manglar,00000000000000000003,2022-02-10,2022-02-18,30,10,100.0,-9999.0,-9999.0,0
HLS,Bosque seco,00000000000000000004,2022-02-10,2022-02-18,30,10,100.0,-9999.0,-9999.0,0
HLS,Pastos limpios,00000000000000000000,2022-02-18,2022-02-26,30,8,100.0,-9999.0,-9999.0,0
HLS,Palma,00000000000000000001,2022-02-18,2022-02-26,30,8,100.0,-9999.0,-9999.0,0
HLS,Bananera,00000000000000000002,2022-02-18,2022-02-26,30,8,100.0,-9999.0,-9999.0,0
HLS,Manglar,00000000000000000003,2022-02-18,2022-02-26,30,8,100.0,-9999.0,-9999.0,0
HLS,Bosque seco,00000000000000000004,2022-02-18,2022-02-26,30,8,100.0,-9999.0,-9999.0,0
HLS,Pastos limpios,00000000000000000000,2022-02-26,2022-03-06,30,8,100.0,-9999.0,-9999.0,0
HLS,Palma,00000000000000000001,2022-02-26,2022-03-06,30,8,100.0,-9999.0,-9999.0,0
HLS,Bananera,00000000000000000002,2022-02-26,2022-03-06,30,8,100.0,-9999.0,-9999.0,0
HLS,Manglar,00000000000000000003,2022-02-26,2022-03-06,30,8,100.0,-9999.0,-9999.0,0
HLS,Bosque seco,00000000000000000004,2022-02-26,2022-03-06,30,8,100.0,-9999.0,-9999.0,0
HLS,Pastos limpios,00000000000000000000,2022-03-06,2022-03-14,30,8,100.0,-9999.0,-9999.0,0
HLS,Palma,00000000000000000001,2022-03-06,2022-03-14,30,8,100.0,-9999.0,-9999.0,0
HLS,Bananera,00000000000000000002,2022-03-06,2022-03-14,30,8,100.0,-9999.0,-9999.0,0
HLS,Manglar,00000000000000000003,2022-03-06,2022-03-14,30,8,100.0,-9999.0,-9999.0,0
HLS,Bosque seco,00000000000000000004,2022-03-06,2022-03-14,30,8,100.0,-9999.0,-9999.0,0
HLS,Pastos limpios,00000000000000000000,2022-03-14,2022-03-22,30,8,100.0,-9999.0,-9999.0,0
HLS,Palma,00000000000000000001,2022-03-14,2022-03-22,30,8,0.0,-9999.0,-9999.0,0
HLS,Bananera,00000000000000000002,2022-03-14,2022-03-22,30,8,0.0,-9999.0,-9999.0,0
HLS,Manglar,00000000000000000003,2022-03-14,2022-03-22,30,8,100.0,-9999.0,-9999.0,0
HLS,Bosque seco,00000000000000000004,2022-03-14,2022-03-22,30,8,0.0,-9999.0,-9999.0,0
HLS,Pastos limpios,00000000000000000000,2022-03-22,2022-03-30,30,10,100.0,-9999.0,-9999.0,0
HLS,Palma,00000000000000000001,2022-03-22,2022-03-30,30,10,100.0,-9999.0,-9999.0,0
HLS,Bananera,00000000000000000002,2022-03-22,2022-03-30,30,10,100.0,-9999.0,-9999.0,0
HLS,Manglar,00000000000000000003,2022-03-22,2022-03-30,30,10,100.0,-9999.0,-9999.0,0
HLS,Bosque seco,00000000000000000004,2022-03-22,2022-03-30,30,10,100.0,-9999.0,-9999.0,0
HLS,Pastos limpios,00000000000000000000,2022-03-30,2022-04-07,30,8,0.0,-9999.0,-9999.0,0
HLS,Palma,00000000000000000001,2022-03-30,2022-04-07,30,8,100.0,-9999.0,-9999.0,0
HLS,Bananera,00000000000000000002,2022-03-30,2022-04-07,30,8,100.0,-9999.0,-9999.0,0
HLS,Manglar,00000000000000000003,2022-03-30,2022-04-07,30,8,100.0,-9999.0,-9999.0,0
HLS,Bosque seco,00000000000000000004,2022-03-30,2022-04-07,30,8,100.0,-9999.0,-9999.0,0
HLS,Pastos limpios,00000000000000000000,2022-04-07,2022-04-15,30,8,100.0,-9999.0,-9999.0,0
HLS,Palma,00000000000000000001,2022-04-07,2022-04-15,30,8,100.0,-9999.0,-9999.0,0
HLS,Bananera,00000000000000000002,2022-04-07,2022-04-15,30,8,100.0,-9999.0,-9999.0,0
HLS,Manglar,00000000000000000003,2022-04-07,2022-04-15,30,8,100.0,-9999.0,-9999.0,0
HLS,Bosque seco,00000000000000000004,2022-04-07,2022-04-15,30,8,100.0,-9999.0,-9999.0,0
HLS,Pastos limpios,00000000000000000000,2022-04-15,2022-04-23,30,8,100.0,-9999.0,-9999.0,0
HLS,Palma,00000000000000000001,2022-04-15,2022-04-23,30,8,0.0,-9999.0,-9999.0,0
HLS,Bananera,00000000000000000002,2022-04-15,2022-04-23,30,8,16.747643103059943,-9999.0,-9999.0,0
HLS,Manglar,00000000000000000003,2022-04-15,2022-04-23,30,8,0.0,-9999.0,-9999.0,0
HLS,Bosque seco,00000000000000000004,2022-04-15,2022-04-23,30,8,70.61805890873974,-9999.0,-9999.0,0
HLS,Pastos limpios,00000000000000000000,2022-04-23,2022-05-01,30,8,0.0,-9999.0,-9999.0,0
HLS,Palma,00000000000000000001,2022-04-23,2022-05-01,30,8,0.0,-9999.0,-9999.0,0
HLS,Bananera,00000000000000000002,2022-04-23,2022-05-01,30,8,0.0,-9999.0,-9999.0,0
HLS,Manglar,00000000000000000003,2022-04-23,2022-05-01,30,8,0.0,-9999.0,-9999.0,0
HLS,Bosque seco,00000000000000000004,2022-04-23,2022-05-01,30,8,0.0,-9999.0,-9999.0,0
HLS,Pastos limpios,00000000000000000000,2022-05-01,2022-05-09,30,4,100.0,-9999.0,-9999.0,0
HLS,Palma,00000000000000000001,2022-05-01,2022-05-09,30,4,100.0,-9999.0,-9999.0,0
HLS,Bananera,00000000000000000002,2022-05-01,2022-05-09,30,4,100.0,-9999.0,-9999.0,0
HLS,Manglar,00000000000000000003,2022-05-01,2022-05-09,30,4,100.0,-9999.0,-9999.0,0
HLS,Bosque seco,00000000000000000004,2022-05-01,2022-05-09,30,4,100.0,-9999.0,-9999.0,0
HLS,Pastos limpios,00000000000000000000,2022-05-09,2022-05-17,30,11,0.0,-9999.0,-9999.0,0
HLS,Palma,00000000000000000001,2022-05-09,2022-05-17,30,11,0.0,-9999.0,-9999.0,0
HLS,Bananera,00000000000000000002,2022-05-09,2022-05-17,30,11,0.0,-9999.0,-9999.0,0
HLS,Manglar,00000000000000000003,2022-05-09,2022-05-17,30,11,0.0,-9999.0,-9999.0,0
HLS,Bosque seco,00000000000000000004,2022-05-09,2022-05-17,30,11,0.0,-9999.0,-9999.0,0
HLS,Pastos limpios,00000000000000000000,2022-05-17,2022-05-25,30,61,100.0,-9999.0,-9999.0,0
HLS,Palma,00000000000000000001,2022-05-17,2022-05-25,30,61,100.0,-9999.0,-9999.0,0
HLS,Bananera,00000000000000000002,2022-05-17,2022-05-25,30,61,100.0,-9999.0,-9999.0,0
HLS,Manglar,00000000000000000003,2022-05-17,2022-05-25,30,61,100.0,-9999.0,-9999.0,0
HLS,Bosque seco,00000000000000000004,2022-05-17,2022-05-25,30,61,100.0,-9999.0,-9999.0,0
HLS,Pastos limpios,00000000000000000000,2022-05-25,2022-06-02,30,46,100.0,-9999.0,-9999.0,0
HLS,Palma,00000000000000000001,2022-05-25,2022-06-02,30,46,42.53430055813806,-9999.0,-9999.0,0
HLS,Bananera,00000000000000000002,2022-05-25,2022-06-02,30,46,84.47182985295537,-9999.0,-9999.0,0
HLS,Manglar,00000000000000000003,2022-05-25,2022-06-02,30,46,100.0,-9999.0,-9999.0,0
HLS,Bosque seco,00000000000000000004,2022-05-25,2022-06-02,30,46,100.0,-9999.0,-9999.0,0
HLS,Pastos limpios,00000000000000000000,2022-06-02,2022-06-10,30,61,5.8023003297675535,-9999.0,-9999.0,0
HLS,Palma,00000000000000000001,2022-06-02,2022-06-10,30,61,100.0,-9999.0,-9999.0,0
HLS,Bananera,00000000000000000002,2022-06-02,2022-06-10,30,61,0.0,-9999.0,-9999.0,0
HLS,Manglar,00000000000000000003,2022-06-02,2022-06-10,30,61,41.39378809492932,-9999.0,-9999.0,0
HLS,Bosque seco,00000000000000000004,2022-06-02,2022-06-10,30,61,100.0,-9999.0,-9999.0,0
HLS,Pastos limpios,00000000000000000000,2022-06-10,2022-06-18,30,59,0.0,-9999.0,-9999.0,0
HLS,Palma,00000000000000000001,2022-06-10,2022-06-18,30,59,0.0,-9999.0,-9999.0,0
HLS,Bananera,00000000000000000002,2022-06-10,2022-06-18,30,59,0.0,-9999.0,-9999.0,0
HLS,Manglar,00000000000000000003,2022-06-10,2022-06-18,30,59,0.0,-9999.0,-9999.0,0
HLS,Bosque seco,00000000000000000004,2022-06-10,2022-06-18,30,59,11.271527442459362,-9999.0,-9999.0,0
HLS,Pastos limpios,00000000000000000000,2022-06-18,2022-06-26,30,51,100.0,-9999.0,-9999.0,0
HLS,Palma,00000000000000000001,2022-06-18,2022-06-26,30,51,100.0,-9999.0,-9999.0,0
HLS,Bananera,00000000000000000002,2022-06-18,2022-06-26,30,51,76.71096238617714,-9999.0,-9999.0,0
HLS,Manglar,00000000000000000003,2022-06-18,2022-06-26,30,51,57.100246401244966,-9999.0,-9999.0,0
HLS,Bosque seco,00000000000000000004,2022-06-18,2022-06-26,30,51,32.57363592467407,-9999.0,-9999.0,0
HLS,Pastos limpios,00000000000000000000,2022-06-26,2022-07-04,30,49,100.0,-9999.0,-9999.0,0
HLS,Palma,00000000000000000001,2022-06-26,2022-07-04,30,49,0.0,-9999.0,-9999.0,0
HLS,Bananera,00000000000000000002,2022-06-26,2022-07-04,30,49,0.0,-9999.0,-9999.0,0
HLS,Manglar,00000000000000000003,2022-06-26,2022-07-04,30,49,11.107508753728444,-9999.0,-9999.0,0
HLS,Bosque seco,00000000000000000004,2022-06-26,2022-07-04,30,49,100.0,-9999.0,-9999.0,0
HLS,Pastos limpios,00000000000000000000,2022-07-04,2022-07-12,30,40,57.913616987050574,-9999.0,-9999.0,0
HLS,Palma,00000000000000000001,2022-07-04,2022-07-12,30,40,100.0,-9999.0,-9999.0,0
HLS,Bananera,00000000000000000002,2022-07-04,2022-07-12,30,40,66.9230026706136,-9999.0,-9999.0,0
HLS,Manglar,00000000000000000003,2022-07-04,2022-07-12,30,40,100.0,-9999.0,-9999.0,0
HLS,Bosque seco,00000000000000000004,2022-07-04,2022-07-12,30,40,100.0,-9999.0,-9999.0,0
HLS,Pastos limpios,00000000000000000000,2022-07-12,2022-07-20,30,66,35.32212659856833,-9999.0,-9999.0,0
HLS,Palma,00000000000000000001,2022-07-12,2022-07-20,30,66,72.06575412973896,-9999.0,-9999.0,0
HLS,Bananera,00000000000000000002,2022-07-12,2022-07-20,30,66,14.299044370797004,-9999.0,-9999.0,0
HLS,Manglar,00000000000000000003,2022-07-12,2022-07-20,30,66,100.0,-9999.0,-9999.0,0
HLS,Bosque seco,00000000000000000004,2022-07-12,2022-07-20,30,66,100.0,-9999.0,-9999.0,0
HLS,Pastos limpios,00000000000000000000,2022-07-20,2022-07-28,30,53,0.0,-9999.0,-9999.0,0
HLS,Palma,00000000000000000001,2022-07-20,2022-07-28,30,53,0.0,-9999.0,-9999.0,0
HLS,Bananera,00000000000000000002,2022-07-20,2022-07-28,30,53,0.0,-9999.0,-9999.0,0
HLS,Manglar,00000000000000000003,2022-07-20,2022-07-28,30,53,3.9651147711062125,-9999.0,-9999.0,0
HLS,Bosque seco,00000000000000000004,2022-07-20,2022-07-28,30,53,15.296957991308545,-9999.0,-9999.0,0
HLS,Pastos limpios,00000000000000000000,2022-07-28,2022-08-05,30,59,0.0,-9999.0,-9999.0,0
HLS,Palma,00000000000000000001,2022-07-28,2022-08-05,30,59,0.0,-9999.0,-9999.0,0
HLS,Bananera,00000000000000000002,2022-07-28,2022-08-05,30,59,0.0,-9999.0,-9999.0,0
HLS,Manglar,00000000000000000003,2022-07-28,2022-08-05,30,59,85.13811438205161,-9999.0,-9999.0,0
HLS,Bosque seco,00000000000000000004,2022-07-28,2022-08-05,30,59,35.49814904233061,-9999.0,-9999.0,0
HLS,Pastos limpios,00000000000000000000,2022-08-05,2022-08-13,30,55,0.0,-9999.0,-9999.0,0
HLS,Palma,00000000000000000001,2022-08-05,2022-08-13,30,55,0.0,-9999.0,-9999.0,0
HLS,Bananera,00000000000000000002,2022-08-05,2022-08-13,30,55,0.0,-9999.0,-9999.0,0
HLS,Manglar,00000000000000000003,2022-08-05,2022-08-13,30,55,0.0,-9999.0,-9999.0,0
HLS,Bosque seco,00000000000000000004,2022-08-05,2022-08-13,30,55,0.0,-9999.0,-9999.0,0
HLS,Pastos limpios,00000000000000000000,2022-08-13,2022-08-21,30,55,100.0,-9999.0,-9999.0,0
HLS,Palma,00000000000000000001,2022-08-13,2022-08-21,30,55,0.6224767174406075,-9999.0,-9999.0,0
HLS,Bananera,00000000000000000002,2022-08-13,2022-08-21,30,55,55.477975481836594,-9999.0,-9999.0,0
HLS,Manglar,00000000000000000003,2022-08-13,2022-08-21,30,55,100.0,-9999.0,-9999.0,0
HLS,Bosque seco,00000000000000000004,2022-08-13,2022-08-21,30,55,100.0,-9999.0,-9999.0,0
HLS,Pastos limpios,00000000000000000000,2022-08-21,2022-08-29,30,56,0.0,-9999.0,-9999.0,0
HLS,Palma,00000000000000000001,2022-08-21,2022-08-29,30,56,0.0,-9999.0,-9999.0,0
HLS,Bananera,00000000000000000002,2022-08-21,2022-08-29,30,56,0.0,-9999.0,-9999.0,0
HLS,Manglar,00000000000000000003,2022-08-21,2022-08-29,30,56,0.0,-9999.0,-9999.0,0
HLS,Bosque seco,00000000000000000004,2022-08-21,2022-08-29,30,56,0.0,-9999.0,-9999.0,0
HLS,Pastos limpios,00000000000000000000,2022-08-29,2022-09-06,30,62,55.84492881846699,-9999.0,-9999.0,0
HLS,Palma,00000000000000000001,2022-08-29,2022-09-06,30,62,1.232085699120169,-9999.0,-9999.0,0
HLS,Bananera,00000000000000000002,2022-08-29,2022-09-06,30,62,13.71504874674217,-9999.0,-9999.0,0
HLS,Manglar,00000000000000000003,2022-08-29,2022-09-06,30,62,91.67261055634806,-9999.0,-9999.0,0
HLS,Bosque seco,00000000000000000004,2022-08-29,2022-09-06,30,62,54.833413809753736,-9999.0,-9999.0,0
HLS,Pastos limpios,00000000000000000000,2022-09-06,2022-09-14,30,67,0.0,-9999.0,-9999.0,0
HLS,Palma,00000000000000000001,2022-09-06,2022-09-14,30,67,6.043010406781298,-9999.0,-9999.0,0
HLS,Bananera,00000000000000000002,2022-09-06,2022-09-14,30,67,0.0,-9999.0,-9999.0,0
HLS,Manglar,00000000000000000003,2022-09-06,2022-09-14,30,67,85.6001167163792,-9999.0,-9999.0,0
HLS,Bosque seco,00000000000000000004,2022-09-06,2022-09-14,30,67,100.0,-9999.0,-9999.0,0
HLS,Pastos limpios,00000000000000000000,2022-09-14,2022-09-22,30,50,6.9572910801898145,-9999.0,-9999.0,0
HLS,Palma,00000000000000000001,2022-09-14,2022-09-22,30,50,0.0,-9999.0,-9999.0,0
HLS,Bananera,00000000000000000002,2022-09-14,2022-09-22,30,50,44.727951349786025,-9999.0,-9999.0,0
HLS,Manglar,00000000000000000003,2022-09-14,2022-09-22,30,50,100.0,-9999.0,-9999.0,0
HLS,Bosque seco,00000000000000000004,2022-09-14,2022-09-22,30,50,0.0,-9999.0,-9999.0,0
HLS,Pastos limpios,00000000000000000000,2022-09-22,2022-09-30,30,62,0.0,-9999.0,-9999.0,0
HLS,Palma,00000000000000000001,2022-09-22,2022-09-30,30,62,0.0,-9999.0,-9999.0,0
HLS,Bananera,00000000000000000002,2022-09-22,2022-09-30,30,62,0.0,-9999.0,-9999.0,0
HLS,Manglar,00000000000000000003,2022-09-22,2022-09-30,30,62,0.0,-9999.0,-9999.0,0
HLS,Bosque seco,00000000000000000004,2022-09-22,2022-09-30,30,62,0.0,-9999.0,-9999.0,0
HLS,Pastos limpios,00000000000000000000,2022-09-30,2022-10-08,30,64,27.279015523204368,-9999.0,-9999.0,0
HLS,Palma,00000000000000000001,2022-09-30,2022-10-08,30,64,80.51181418989563,-9999.0,-9999.0,0
HLS,Bananera,00000000000000000002,2022-09-30,2022-10-08,30,64,61.09109044692558,-9999.0,-9999.0,0
HLS,Manglar,00000000000000000003,2022-09-30,2022-10-08,30,64,0.0,-9999.0,-9999.0,0
HLS,Bosque seco,00000000000000000004,2022-09-30,2022-10-08,30,64,19.756961210365358,-9999.0,-9999.0,0
HLS,Pastos limpios,00000000000000000000,2022-10-08,2022-10-16,30,55,87.61200032172447,-9999.0,-9999.0,0
HLS,Palma,00000000000000000001,2022-10-08,2022-10-16,30,55,64.54295411043735,-9999.0,-9999.0,0
HLS,Bananera,00000000000000000002,2022-10-08,2022-10-16,30,55,17.082274204446733,-9999.0,-9999.0,0
HLS,Manglar,00000000000000000003,2022-10-08,2022-10-16,30,55,100.0,-9999.0,-9999.0,0
HLS,Bosque seco,00000000000000000004,2022-10-08,2022-10-16,30,55,0.0,-9999.0,-9999.0,0
HLS,Pastos limpios,00000000000000000000,2022-10-16,2022-10-24,30,27,0.0,-9999.0,-9999.0,0
HLS,Palma,00000000000000000001,2022-10-16,2022-10-24,30,27,0.0,-9999.0,-9999.0,0
HLS,Bananera,00000000000000000002,2022-10-16,2022-10-24,30,27,0.0,-9999.0,-9999.0,0
HLS,Manglar,00000000000000000003,2022-10-16,2022-10-24,30,27,100.0,-9999.0,-9999.0,0
HLS,Bosque seco,00000000000000000004,2022-10-16,2022-10-24,30,27,49.956542732979244,-9999.0,-9999.0,0
HLS,Pastos limpios,00000000000000000000,2022-10-24,2022-11-01,30,7,100.0,-9999.0,-9999.0,0
HLS,Palma,00000000000000000001,2022-10-24,2022-11-01,30,7,100.0,-9999.0,-9999.0,0
HLS,Bananera,00000000000000000002,2022-10-24,2022-11-01,30,7,0.0,-9999.0,-9999.0,0
HLS,Manglar,00000000000000000003,2022-10-24,2022-11-01,30,7,63.18246660614706,-9999.0,-9999.0,0
HLS,Bosque seco,00000000000000000004,2022-10-24,2022-11-01,30,7,4.427812650893286,-9999.0,-9999.0,0
HLS,Pastos limpios,00000000000000000000,2022-11-01,2022-11-09,30,3,57.040135124266065,-9999.0,-9999.0,0
HLS,Palma,00000000000000000001,2022-11-01,2022-11-09,30,3,0.5131009634717153,-9999.0,-9999.0,0
HLS,Bananera,00000000000000000002,2022-11-01,2022-11-09,30,3,0.0,-9999.0,-9999.0,0
HLS,Manglar,00000000000000000003,2022-11-01,2022-11-09,30,3,0.0,-9999.0,-9999.0,0
HLS,Bosque seco,00000000000000000004,2022-11-01,2022-11-09,30,3,0.0,-9999.0,-9999.0,0
HLS,Pastos limpios,00000000000000000000,2022-11-09,2022-11-17,30,7,0.0,-9999.0,-9999.0,0
HLS,Palma,00000000000000000001,2022-11-09,2022-11-17,30,7,8.31094883466568,-9999.0,-9999.0,0
HLS,Bananera,00000000000000000002,2022-11-09,2022-11-17,30,7,0.0,-9999.0,-9999.0,0
HLS,Manglar,00000000000000000003,2022-11-09,2022-11-17,30,7,100.0,-9999.0,-9999.0,0
HLS,Bosque seco,00000000000000000004,2022-11-09,2022-11-17,30,7,56.33188475776597,-9999.0,-9999.0,0
HLS,Pastos limpios,00000000000000000000,2022-11-17,2022-11-25,30,24,0.0,-9999.0,-9999.0,0
HLS,Palma,00000000000000000001,2022-11-17,2022-11-25,30,24,100.0,-9999.0,-9999.0,0
HLS,Bananera,00000000000000000002,2022-11-17,2022-11-25,30,24,0.0,-9999.0,-9999.0,0
HLS,Manglar,00000000000000000003,2022-11-17,2022-11-25,30,24,25.562508105304115,-9999.0,-9999.0,0
HLS,Bosque seco,00000000000000000004,2022-11-17,2022-11-25,30,24,100.0,-9999.0,-9999.0,0
HLS,Pastos limpios,00000000000000000000,2022-11-25,2022-12-03,30,15,49.796509289793285,-9999.0,-9999.0,0
HLS,Palma,00000000000000000001,2022-11-25,2022-12-03,30,15,44.329349696804,-9999.0,-9999.0,0
HLS,Bananera,00000000000000000002,2022-11-25,2022-12-03,30,15,4.972811223012323,-9999.0,-9999.0,0
HLS,Manglar,00000000000000000003,2022-11-25,2022-12-03,30,15,37.60536895344315,-9999.0,-9999.0,0
HLS,Bosque seco,00000000000000000004,2022-11-25,2022-12-03,30,15,83.8081442137454,-9999.0,-9999.0,0
HLS,Pastos limpios,00000000000000000000,2022-12-03,2022-12-11,30,18,100.0,-9999.0,-9999.0,0
HLS,Palma,00000000000000000001,2022-12-03,2022-12-11,30,18,100.0,-9999.0,-9999.0,0
HLS,Bananera,00000000000000000002,2022-12-03,2022-12-11,30,18,100.0,-9999.0,-9999.0,0
HLS,Manglar,00000000000000000003,2022-12-03,2022-12-11,30,18,100.0,-9999.0,-9999.0,0
HLS,Bosque seco,00000000000000000004,2022-12-03,2022-12-11,30,18,100.0,-9999.0,-9999.0,0
HLS,Pastos limpios,00000000000000000000,2022-12-11,2022-12-19,30,14,100.0,-9999.0,-9999.0,0
HLS,Palma,00000000000000000001,2022-12-11,2022-12-19,30,14,100.0,-9999.0,-9999.0,0
HLS,Bananera,00000000000000000002,2022-12-11,2022-12-19,30,14,100.0,-9999.0,-9999.0,0
HLS,Manglar,00000000000000000003,2022-12-11,2022-12-19,30,14,67.50097263649332,-9999.0,-9999.0,0
HLS,Bosque seco,00000000000000000004,2022-12-11,2022-12-19,30,14,100.0,-9999.0,-9999.0,0
HLS,Pastos limpios,00000000000000000000,2022-12-19,2022-12-27,30,21,100.0,-9999.0,-9999.0,0
HLS,Palma,00000000000000000001,2022-12-19,2022-12-27,30,21,100.0,-9999.0,-9999.0,0
HLS,Bananera,00000000000000000002,2022-12-19,2022-12-27,30,21,100.0,-9999.0,-9999.0,0
HLS,Manglar,00000000000000000003,2022-12-19,2022-12-27,30,21,100.0,-9999.0,-9999.0,0
HLS,Bosque seco,00000000000000000004,2022-12-19,2022-12-27,30,21,100.0,-9999.0,-9999.0,0
HLS,Pastos limpios,00000000000000000000,2022-12-27,2023-01-01,30,9,100.0,-9999.0,-9999.0,0
HLS,Palma,00000000000000000001,2022-12-27,2023-01-01,30,9,100.0,-9999.0,-9999.0,0
HLS,Bananera,00000000000000000002,2022-12-27,2023-01-01,30,9,100.0,-9999.0,-9999.0,0
HLS,Manglar,00000000000000000003,2022-12-27,2023-01-01,30,9,100.0,-9999.0,-9999.0,0
HLS,Bosque seco,00000000000000000004,2022-12-27,2023-01-01,30,9,100.0,-9999.0,-9999.0,0
HLS,Pastos limpios,00000000000000000000,2023-01-01,2023-01-09,30,20,100.0,-9999.0,-9999.0,0
HLS,Palma,00000000000000000001,2023-01-01,2023-01-09,30,20,100.0,-9999.0,-9999.0,0
HLS,Bananera,00000000000000000002,2023-01-01,2023-01-09,30,20,100.0,-9999.0,-9999.0,0
HLS,Manglar,00000000000000000003,2023-01-01,2023-01-09,30,20,100.0,-9999.0,-9999.0,0
HLS,Bosque seco,00000000000000000004,2023-01-01,2023-01-09,30,20,100.0,-9999.0,-9999.0,0
HLS,Pastos limpios,00000000000000000000,2023-01-09,2023-01-17,30,13,100.0,-9999.0,-9999.0,0
HLS,Palma,00000000000000000001,2023-01-09,2023-01-17,30,13,100.0,-9999.0,-9999.0,0
HLS,Bananera,00000000000000000002,2023-01-09,2023-01-17,30,13,100.0,-9999.0,-9999.0,0
HLS,Manglar,00000000000000000003,2023-01-09,2023-01-17,30,13,100.0,-9999.0,-9999.0,0
HLS,Bosque seco,00000000000000000004,2023-01-09,2023-01-17,30,13,100.0,-9999.0,-9999.0,0
HLS,Pastos limpios,00000000000000000000,2023-01-17,2023-01-25,30,16,100.0,-9999.0,-9999.0,0
HLS,Palma,00000000000000000001,2023-01-17,2023-01-25,30,16,100.0,-9999.0,-9999.0,0
HLS,Bananera,00000000000000000002,2023-01-17,2023-01-25,30,16,100.0,-9999.0,-9999.0,0
HLS,Manglar,00000000000000000003,2023-01-17,2023-01-25,30,16,100.0,-9999.0,-9999.0,0
HLS,Bosque seco,00000000000000000004,2023-01-17,2023-01-25,30,16,100.0,-9999.0,-9999.0,0
HLS,Pastos limpios,00000000000000000000,2023-01-25,2023-02-02,30,18,100.0,-9999.0,-9999.0,0
HLS,Palma,00000000000000000001,2023-01-25,2023-02-02,30,18,100.0,-9999.0,-9999.0,0
HLS,Bananera,00000000000000000002,2023-01-25,2023-02-02,30,18,100.0,-9999.0,-9999.0,0
HLS,Manglar,00000000000000000003,2023-01-25,2023-02-02,30,18,100.0,-9999.0,-9999.0,0
HLS,Bosque seco,00000000000000000004,2023-01-25,2023-02-02,30,18,100.0,-9999.0,-9999.0,0
HLS,Pastos limpios,00000000000000000000,2023-02-02,2023-02-10,30,21,100.0,-9999.0,-9999.0,0
HLS,Palma,00000000000000000001,2023-02-02,2023-02-10,30,21,100.0,-9999.0,-9999.0,0
HLS,Bananera,00000000000000000002,2023-02-02,2023-02-10,30,21,100.0,-9999.0,-9999.0,0
HLS,Manglar,00000000000000000003,2023-02-02,2023-02-10,30,21,100.0,-9999.0,-9999.0,0
HLS,Bosque seco,00000000000000000004,2023-02-02,2023-02-10,30,21,100.0,-9999.0,-9999.0,0
HLS,Pastos limpios,00000000000000000000,2023-02-10,2023-02-18,30,20,100.0,-9999.0,-9999.0,0
HLS,Palma,00000000000000000001,2023-02-10,2023-02-18,30,20,100.0,-9999.0,-9999.0,0
HLS,Bananera,00000000000000000002,2023-02-10,2023-02-18,30,20,100.0,-9999.0,-9999.0,0
HLS,Manglar,00000000000000000003,2023-02-10,2023-02-18,30,20,100.0,-9999.0,-9999.0,0
HLS,Bosque seco,00000000000000000004,2023-02-10,2023-02-18,30,20,100.0,-9999.0,-9999.0,0
HLS,Pastos limpios,00000000000000000000,2023-02-18,2023-02-26,30,31,100.0,-9999.0,-9999.0,0
HLS,Palma,00000000000000000001,2023-02-18,2023-02-26,30,31,100.0,-9999.0,-9999.0,0
HLS,Bananera,00000000000000000002,2023-02-18,2023-02-26,30,31,100.0,-9999.0,-9999.0,0
HLS,Manglar,00000000000000000003,2023-02-18,2023-02-26,30,31,100.0,-9999.0,-9999.0,0
HLS,Bosque seco,00000000000000000004,2023-02-18,2023-02-26,30,31,100.0,-9999.0,-9999.0,0
HLS,Pastos limpios,00000000000000000000,2023-02-26,2023-03-06,30,40,100.0,-9999.0,-9999.0,0
HLS,Palma,00000000000000000001,2023-02-26,2023-03-06,30,40,100.0,-9999.0,-9999.0,0
HLS,Bananera,00000000000000000002,2023-02-26,2023-03-06,30,40,100.0,-9999.0,-9999.0,0
HLS,Manglar,00000000000000000003,2023-02-26,2023-03-06,30,40,100.0,-9999.0,-9999.0,0
HLS,Bosque seco,00000000000000000004,2023-02-26,2023-03-06,30,40,100.0,-9999.0,-9999.0,0
HLS,Pastos limpios,00000000000000000000,2023-03-06,2023-03-14,30,36,51.37135043834955,-9999.0,-9999.0,0
HLS,Palma,00000000000000000001,2023-03-06,2023-03-14,30,36,0.0,-9999.0,-9999.0,0
HLS,Bananera,00000000000000000002,2023-03-06,2023-03-14,30,36,0.0,-9999.0,-9999.0,0
HLS,Manglar,00000000000000000003,2023-03-06,2023-03-14,30,36,100.0,-9999.0,-9999.0,0
HLS,Bosque seco,00000000000000000004,2023-03-06,2023-03-14,30,36,0.0,-9999.0,-9999.0,0
HLS,Pastos limpios,00000000000000000000,2023-03-14,2023-03-22,30,42,97.04656961312638,-9999.0,-9999.0,0
HLS,Palma,00000000000000000001,2023-03-14,2023-03-22,30,42,100.0,-9999.0,-9999.0,0
HLS,Bananera,00000000000000000002,2023-03-14,2023-03-22,30,42,100.0,-9999.0,-9999.0,0
HLS,Manglar,00000000000000000003,2023-03-14,2023-03-22,30,42,100.0,-9999.0,-9999.0,0
HLS,Bosque seco,00000000000000000004,2023-03-14,2023-03-22,30,42,100.0,-9999.0,-9999.0,0
HLS,Pastos limpios,00000000000000000000,2023-03-22,2023-03-30,30,43,100.0,-9999.0,-9999.0,0
HLS,Palma,00000000000000000001,2023-03-22,2023-03-30,30,43,100.0,-9999.0,-9999.0,0
HLS,Bananera,00000000000000000002,2023-03-22,2023-03-30,30,43,100.0,-9999.0,-9999.0,0
HLS,Manglar,00000000000000000003,2023-03-22,2023-03-30,30,43,100.0,-9999.0,-9999.0,0
HLS,Bosque seco,00000000000000000004,2023-03-22,2023-03-30,30,43,100.0,-9999.0,-9999.0,0
HLS,Pastos limpios,00000000000000000000,2023-03-30,2023-04-07,30,59,100.0,-9999.0,-9999.0,0
HLS,Palma,00000000000000000001,2023-03-30,2023-04-07,30,59,100.0,-9999.0,-9999.0,0
HLS,Bananera,00000000000000000002,2023-03-30,2023-04-07,30,59,100.0,-9999.0,-9999.0,0
HLS,Manglar,00000000000000000003,2023-03-30,2023-04-07,30,59,100.0,-9999.0,-9999.0,0
HLS,Bosque seco,00000000000000000004,2023-03-30,2023-04-07,30,59,100.0,-9999.0,-9999.0,0
HLS,Pastos limpios,00000000000000000000,2023-04-07,2023-04-15,30,64,100.0,-9999.0,-9999.0,0
HLS,Palma,00000000000000000001,2023-04-07,2023-04-15,30,64,11.608306123433753,-9999.0,-9999.0,0
HLS,Bananera,00000000000000000002,2023-04-07,2023-04-15,30,64,100.0,-9999.0,-9999.0,0
HLS,Manglar,00000000000000000003,2023-04-07,2023-04-15,30,64,100.0,-9999.0,-9999.0,0
HLS,Bosque seco,00000000000000000004,2023-04-07,2023-04-15,30,64,100.0,-9999.0,-9999.0,0
HLS,Pastos limpios,00000000000000000000,2023-04-15,2023-04-23,30,36,100.0,-9999.0,-9999.0,0
HLS,Palma,00000000000000000001,2023-04-15,2023-04-23,30,36,0.0,-9999.0,-9999.0,0
HLS,Bananera,00000000000000000002,2023-04-15,2023-04-23,30,36,100.0,-9999.0,-9999.0,0
HLS,Manglar,00000000000000000003,2023-04-15,2023-04-23,30,36,100.0,-9999.0,-9999.0,0
HLS,Bosque seco,00000000000000000004,2023-04-15,2023-04-23,30,36,100.0,-9999.0,-9999.0,0
HLS,Pastos limpios,00000000000000000000,2023-04-23,2023-05-01,30,61,100.0,-9999.0,-9999.0,0
HLS,Palma,00000000000000000001,2023-04-23,2023-05-01,30,61,99.91796818452333,-9999.0,-9999.0,0
HLS,Bananera,00000000000000000002,2023-04-23,2023-05-01,30,61,93.31381318575245,-9999.0,-9999.0,0
HLS,Manglar,00000000000000000003,2023-04-23,2023-05-01,30,61,0.0,-9999.0,-9999.0,0
HLS,Bosque seco,00000000000000000004,2023-04-23,2023-05-01,30,61,100.0,-9999.0,-9999.0,0
HLS,Pastos limpios,00000000000000000000,2023-05-01,2023-05-09,30,54,100.0,-9999.0,-9999.0,0
HLS,Palma,00000000000000000001,2023-05-01,2023-05-09,30,54,100.0,-9999.0,-9999.0,0
HLS,Bananera,00000000000000000002,2023-05-01,2023-05-09,30,54,100.0,-9999.0,-9999.0,0
HLS,Manglar,00000000000000000003,2023-05-01,2023-05-09,30,54,100.0,-9999.0,-9999.0,0
HLS,Bosque seco,00000000000000000004,2023-05-01,2023-05-09,30,54,38.24400450667955,-9999.0,-9999.0,0
HLS,Pastos limpios,00000000000000000000,2023-05-09,2023-05-17,30,46,100.0,-9999.0,-9999.0,0
HLS,Palma,00000000000000000001,2023-05-09,2023-05-17,30,46,100.0,-9999.0,-9999.0,0
HLS,Bananera,00000000000000000002,2023-05-09,2023-05-17,30,46,100.0,-9999.0,-9999.0,0
HLS,Manglar,00000000000000000003,2023-05-09,2023-05-17,30,46,100.0,-9999.0,-9999.0,0
HLS,Bosque seco,00000000000000000004,2023-05-09,2023-05-17,30,46,100.0,-9999.0,-9999.0,0
HLS,Pastos limpios,00000000000000000000,2023-05-17,2023-05-25,30,52,99.8471808895681,-9999.0,-9999.0,0
HLS,Palma,00000000000000000001,2023-05-17,2023-05-25,30,52,20.62376349101672,-9999.0,-9999.0,0
HLS,Bananera,00000000000000000002,2023-05-17,2023-05-25,30,52,68.63959586859293,-9999.0,-9999.0,0
HLS,Manglar,00000000000000000003,2023-05-17,2023-05-25,30,52,100.0,-9999.0,-9999.0,0
HLS,Bosque seco,00000000000000000004,2023-05-17,2023-05-25,30,52,63.492676645742804,-9999.0,-9999.0,0
HLS,Pastos limpios,00000000000000000000,2023-05-25,2023-06-02,30,37,0.0,-9999.0,-9999.0,0
HLS,Palma,00000000000000000001,2023-05-25,2023-06-02,30,37,0.0,-9999.0,-9999.0,0
HLS,Bananera,00000000000000000002,2023-05-25,2023-06-02,30,37,0.0,-9999.0,-9999.0,0
HLS,Manglar,00000000000000000003,2023-05-25,2023-06-02,30,37,100.0,-9999.0,-9999.0,0
HLS,Bosque seco,00000000000000000004,2023-05-25,2023-06-02,30,37,2.6331884757765973,-9999.0,-9999.0,0
HLS,Pastos limpios,00000000000000000000,2023-06-02,2023-06-10,30,50,3.7625673610552566,-9999.0,-9999.0,0
HLS,Palma,00000000000000000001,2023-06-02,2023-06-10,30,50,0.0,-9999.0,-9999.0,0
HLS,Bananera,00000000000000000002,2023-06-02,2023-06-10,30,50,100.0,-9999.0,-9999.0,0
HLS,Manglar,00000000000000000003,2023-06-02,2023-06-10,30,50,99.679029957204,-9999.0,-9999.0,0
HLS,Bosque seco,00000000000000000004,2023-06-02,2023-06-10,30,50,0.0,-9999.0,-9999.0,0
HLS,Pastos limpios,00000000000000000000,2023-06-10,2023-06-18,30,61,41.15016488377705,-9999.0,-9999.0,0
HLS,Palma,00000000000000000001,2023-06-10,2023-06-18,30,61,100.0,-9999.0,-9999.0,0
HLS,Bananera,00000000000000000002,2023-06-10,2023-06-18,30,61,82.48656649184338,-9999.0,-9999.0,0
HLS,Manglar,00000000000000000003,2023-06-10,2023-06-18,30,61,100.0,-9999.0,-9999.0,0
HLS,Bosque seco,00000000000000000004,2023-06-10,2023-06-18,30,61,100.0,-9999.0,-9999.0,0
HLS,Pastos limpios,00000000000000000000,2023-06-18,2023-06-26,30,50,2.946995898013351,-9999.0,-9999.0,0
HLS,Palma,00000000000000000001,2023-06-18,2023-06-26,30,50,100.0,-9999.0,-9999.0,0
HLS,Bananera,00000000000000000002,2023-06-18,2023-06-26,30,50,100.0,-9999.0,-9999.0,0
HLS,Manglar,00000000000000000003,2023-06-18,2023-06-26,30,50,100.0,-9999.0,-9999.0,0
HLS,Bosque seco,00000000000000000004,2023-06-18,2023-06-26,30,50,100.0,-9999.0,-9999.0,0
HLS,Pastos limpios,00000000000000000000,2023-06-26,2023-07-04,30,42,2.2890694120485797,-9999.0,-9999.0,0
HLS,Palma,00000000000000000001,2023-06-26,2023-07-04,30,42,0.20588377217673842,-9999.0,-9999.0,0
HLS,Bananera,00000000000000000002,2023-06-26,2023-07-04,30,42,0.0,-9999.0,-9999.0,0
HLS,Manglar,00000000000000000003,2023-06-26,2023-07-04,30,42,95.54532486058875,-9999.0,-9999.0,0
HLS,Bosque seco,00000000000000000004,2023-06-26,2023-07-04,30,42,1.7624336069531625,-9999.0,-9999.0,0
HLS,Pastos limpios,00000000000000000000,2023-07-04,2023-07-12,30,46,0.0,-9999.0,-9999.0,0
HLS,Palma,00000000000000000001,2023-07-04,2023-07-12,30,46,86.83630631644981,-9999.0,-9999.0,0
HLS,Bananera,00000000000000000002,2023-07-04,2023-07-12,30,46,30.761929277003762,-9999.0,-9999.0,0
HLS,Manglar,00000000000000000003,2023-07-04,2023-07-12,30,46,0.0,-9999.0,-9999.0,0
HLS,Bosque seco,00000000000000000004,2023-07-04,2023-07-12,30,46,0.0,-9999.0,-9999.0,0
HLS,Pastos limpios,00000000000000000000,2023-07-12,2023-07-20,30,67,100.0,-9999.0,-9999.0,0
HLS,Palma,00000000000000000001,2023-07-12,2023-07-20,30,67,35.30424152740025,-9999.0,-9999.0,0
HLS,Bananera,00000000000000000002,2023-07-12,2023-07-20,30,67,71.0914122076,-9999.0,-9999.0,0
HLS,Manglar,00000000000000000003,2023-07-12,2023-07-20,30,67,0.0,-9999.0,-9999.0,0
HLS,Bosque seco,00000000000000000004,2023-07-12,2023-07-20,30,67,100.0,-9999.0,-9999.0,0
HLS,Pastos limpios,00000000000000000000,2023-07-20,2023-07-28,30,53,100.0,-9999.0,-9999.0,0
HLS,Palma,00000000000000000001,2023-07-20,2023-07-28,30,53,100.0,-9999.0,-9999.0,0
HLS,Bananera,00000000000000000002,2023-07-20,2023-07-28,30,53,100.0,-9999.0,-9999.0,0
HLS,Manglar,00000000000000000003,2023-07-20,2023-07-28,30,53,100.0,-9999.0,-9999.0,0
HLS,Bosque seco,00000000000000000004,2023-07-20,2023-07-28,30,53,100.0,-9999.0,-9999.0,0
HLS,Pastos limpios,00000000000000000000,2023-07-28,2023-08-05,30,26,100.0,-9999.0,-9999.0,0
HLS,Palma,00000000000000000001,2023-07-28,2023-08-05,30,26,100.0,-9999.0,-9999.0,0
HLS,Bananera,00000000000000000002,2023-07-28,2023-08-05,30,26,100.0,-9999.0,-9999.0,0
HLS,Manglar,00000000000000000003,2023-07-28,2023-08-05,30,26,100.0,-9999.0,-9999.0,0
HLS,Bosque seco,00000000000000000004,2023-07-28,2023-08-05,30,26,100.0,-9999.0,-9999.0,0
HLS,Pastos limpios,00000000000000000000,2023-08-05,2023-08-13,30,41,100.0,-9999.0,-9999.0,0
HLS,Palma,00000000000000000001,2023-08-05,2023-08-13,30,41,100.0,-9999.0,-9999.0,0
HLS,Bananera,00000000000000000002,2023-08-05,2023-08-13,30,41,100.0,-9999.0,-9999.0,0
HLS,Manglar,00000000000000000003,2023-08-05,2023-08-13,30,41,100.0,-9999.0,-9999.0,0
HLS,Bosque seco,00000000000000000004,2023-08-05,2023-08-13,30,41,100.0,-9999.0,-9999.0,0
HLS,Pastos limpios,00000000000000000000,2023-08-13,2023-08-21,30,38,6.210890372396041,-9999.0,-9999.0,0
HLS,Palma,00000000000000000001,2023-08-13,2023-08-21,30,38,4.519792186067457,-9999.0,-9999.0,0
HLS,Bananera,00000000000000000002,2023-08-13,2023-08-21,30,38,100.0,-9999.0,-9999.0,0
HLS,Manglar,00000000000000000003,2023-08-13,2023-08-21,30,38,100.0,-9999.0,-9999.0,0
HLS,Bosque seco,00000000000000000004,2023-08-13,2023-08-21,30,38,100.0,-9999.0,-9999.0,0
HLS,Pastos limpios,00000000000000000000,2023-08-21,2023-08-29,30,47,0.0,-9999.0,-9999.0,0
HLS,Palma,00000000000000000001,2023-08-21,2023-08-29,30,47,0.0,-9999.0,-9999.0,0
HLS,Bananera,00000000000000000002,2023-08-21,2023-08-29,30,47,0.0,-9999.0,-9999.0,0
HLS,Manglar,00000000000000000003,2023-08-21,2023-08-29,30,47,0.0,-9999.0,-9999.0,0
HLS,Bosque seco,00000000000000000004,2023-08-21,2023-08-29,30,47,0.0,-9999.0,-9999.0,0
HLS,Pastos limpios,00000000000000000000,2023-08-29,2023-09-06,30,65,35.7612804632832,-9999.0,-9999.0,0
HLS,Palma,00000000000000000001,2023-08-29,2023-09-06,30,65,61.71687764391759,-9999.0,-9999.0,0
HLS,Bananera,00000000000000000002,2023-08-29,2023-09-06,30,65,34.21924772354323,-9999.0,-9999.0,0
HLS,Manglar,00000000000000000003,2023-08-29,2023-09-06,30,65,100.0,-9999.0,-9999.0,0
HLS,Bosque seco,00000000000000000004,2023-08-29,2023-09-06,30,65,100.0,-9999.0,-9999.0,0
HLS,Pastos limpios,00000000000000000000,2023-09-06,2023-09-14,30,60,100.0,-9999.0,-9999.0,0
HLS,Palma,00000000000000000001,2023-09-06,2023-09-14,30,60,100.0,-9999.0,-9999.0,0
HLS,Bananera,00000000000000000002,2023-09-06,2023-09-14,30,60,100.0,-9999.0,-9999.0,0
HLS,Manglar,00000000000000000003,2023-09-06,2023-09-14,30,60,100.0,-9999.0,-9999.0,0
HLS,Bosque seco,00000000000000000004,2023-09-06,2023-09-14,30,60,100.0,-9999.0,-9999.0,0
HLS,Pastos limpios,00000000000000000000,2023-09-14,2023-09-22,30,32,100.0,-9999.0,-9999.0,0
HLS,Palma,00000000000000000001,2023-09-14,2023-09-22,30,32,100.0,-9999.0,-9999.0,0
HLS,Bananera,00000000000000000002,2023-09-14,2023-09-22,30,32,100.0,-9999.0,-9999.0,0
HLS,Manglar,00000000000000000003,2023-09-14,2023-09-22,30,32,100.0,-9999.0,-9999.0,0
HLS,Bosque seco,00000000000000000004,2023-09-14,2023-09-22,30,32,100.0,-9999.0,-9999.0,0
HLS,Pastos limpios,00000000000000000000,2023-09-22,2023-09-30,30,39,0.0,-9999.0,-9999.0,0
HLS,Palma,00000000000000000001,2023-09-22,2023-09-30,30,39,33.673256019687656,-9999.0,-9999.0,0
HLS,Bananera,00000000000000000002,2023-09-22,2023-09-30,30,39,100.0,-9999.0,-9999.0,0
HLS,Manglar,00000000000000000003,2023-09-22,2023-09-30,30,39,100.0,-9999.0,-9999.0,0
HLS,Bosque seco,00000000000000000004,2023-09-22,2023-09-30,30,39,100.0,-9999.0,-9999.0,0
HLS,Pastos limpios,00000000000000000000,2023-09-30,2023-10-08,30,65,100.0,-9999.0,-9999.0,0
HLS,Palma,00000000000000000001,2023-09-30,2023-10-08,30,65,100.0,-9999.0,-9999.0,0
HLS,Bananera,00000000000000000002,2023-09-30,2023-10-08,30,65,100.0,-9999.0,-9999.0,0
HLS,Manglar,00000000000000000003,2023-09-30,2023-10-08,30,65,100.0,-9999.0,-9999.0,0
HLS,Bosque seco,00000000000000000004,2023-09-30,2023-10-08,30,65,100.0,-9999.0,-9999.0,0
HLS,Pastos limpios,00000000000000000000,2023-10-08,2023-10-16,30,43,97.13826107938552,-9999.0,-9999.0,0
HLS,Palma,00000000000000000001,2023-10-08,2023-10-16,30,43,0.0,-9999.0,-9999.0,0
HLS,Bananera,00000000000000000002,2023-10-08,2023-10-16,30,43,0.0,-9999.0,-9999.0,0
HLS,Manglar,00000000000000000003,2023-10-08,2023-10-16,30,43,44.71372065879912,-9999.0,-9999.0,0
HLS,Bosque seco,00000000000000000004,2023-10-08,2023-10-16,30,43,33.944954128440365,-9999.0,-9999.0,0
HLS,Pastos limpios,00000000000000000000,2023-10-16,2023-10-24,30,28,0.0,-9999.0,-9999.0,0
HLS,Palma,00000000000000000001,2023-10-16,2023-10-24,30,28,0.0,-9999.0,-9999.0,0
HLS,Bananera,00000000000000000002,2023-10-16,2023-10-24,30,28,0.0,-9999.0,-9999.0,0
HLS,Manglar,00000000000000000003,2023-10-16,2023-10-24,30,28,0.0,-9999.0,-9999.0,0
HLS,Bosque seco,00000000000000000004,2023-10-16,2023-10-24,30,28,100.0,-9999.0,-9999.0,0
HLS,Pastos limpios,00000000000000000000,2023-10-24,2023-11-01,30,28,64.67304753478646,-9999.0,-9999.0,0
HLS,Palma,00000000000000000001,2023-10-24,2023-11-01,30,28,38.431101317334466,-9999.0,-9999.0,0
HLS,Bananera,00000000000000000002,2023-10-24,2023-11-01,30,28,0.0,-9999.0,-9999.0,0
HLS,Manglar,00000000000000000003,2023-10-24,2023-11-01,30,28,100.0,-9999.0,-9999.0,0
HLS,Bosque seco,00000000000000000004,2023-10-24,2023-11-01,30,28,0.0,-9999.0,-9999.0,0
HLS,Pastos limpios,00000000000000000000,2023-11-01,2023-11-09,30,10,0.0,-9999.0,-9999.0,0
HLS,Palma,00000000000000000001,2023-11-01,2023-11-09,30,10,0.0,-9999.0,-9999.0,0
HLS,Bananera,00000000000000000002,2023-11-01,2023-11-09,30,10,0.0,-9999.0,-9999.0,0
HLS,Manglar,00000000000000000003,2023-11-01,2023-11-09,30,10,0.0,-9999.0,-9999.0,0
HLS,Bosque seco,00000000000000000004,2023-11-01,2023-11-09,30,10,0.0,-9999.0,-9999.0,0
HLS,Pastos limpios,00000000000000000000,2023-11-09,2023-11-17,30,17,100.0,-9999.0,-9999.0,0
HLS,Palma,00000000000000000001,2023-11-09,2023-11-17,30,17,100.0,-9999.0,-9999.0,0
HLS,Bananera,00000000000000000002,2023-11-09,2023-11-17,30,17,100.0,-9999.0,-9999.0,0
HLS,Manglar,00000000000000000003,2023-11-09,2023-11-17,30,17,100.0,-9999.0,-9999.0,0
HLS,Bosque seco,00000000000000000004,2023-11-09,2023-11-17,30,17,100.0,-9999.0,-9999.0,0
HLS,Pastos limpios,00000000000000000000,2023-11-17,2023-11-25,30,18,100.0,-9999.0,-9999.0,0
HLS,Palma,00000000000000000001,2023-11-17,2023-11-25,30,18,100.0,-9999.0,-9999.0,0
HLS,Bananera,00000000000000000002,2023-11-17,2023-11-25,30,18,100.0,-9999.0,-9999.0,0
HLS,Manglar,00000000000000000003,2023-11-17,2023-11-25,30,18,100.0,-9999.0,-9999.0,0
HLS,Bosque seco,00000000000000000004,2023-11-17,2023-11-25,30,18,100.0,-9999.0,-9999.0,0
HLS,Pastos limpios,00000000000000000000,2023-11-25,2023-12-03,30,17,100.0,-9999.0,-9999.0,0
HLS,Palma,00000000000000000001,2023-11-25,2023-12-03,30,17,7.598397966897748,-9999.0,-9999.0,0
HLS,Bananera,00000000000000000002,2023-11-25,2023-12-03,30,17,100.0,-9999.0,-9999.0,0
HLS,Manglar,00000000000000000003,2023-11-25,2023-12-03,30,17,100.0,-9999.0,-9999.0,0
HLS,Bosque seco,00000000000000000004,2023-11-25,2023-12-03,30,17,0.0,-9999.0,-9999.0,0
HLS,Pastos limpios,00000000000000000000,2023-12-03,2023-12-11,30,20,100.0,-9999.0,-9999.0,0
HLS,Palma,00000000000000000001,2023-12-03,2023-12-11,30,20,100.0,-9999.0,-9999.0,0
HLS,Bananera,00000000000000000002,2023-12-03,2023-12-11,30,20,100.0,-9999.0,-9999.0,0
HLS,Manglar,00000000000000000003,2023-12-03,2023-12-11,30,20,100.0,-9999.0,-9999.0,0
HLS,Bosque seco,00000000000000000004,2023-12-03,2023-12-11,30,20,100.0,-9999.0,-9999.0,0
HLS,Pastos limpios,00000000000000000000,2023-12-11,2023-12-19,30,18,100.0,-9999.0,-9999.0,0
HLS,Palma,00000000000000000001,2023-12-11,2023-12-19,30,18,100.0,-9999.0,-9999.0,0
HLS,Bananera,00000000000000000002,2023-12-11,2023-12-19,30,18,100.0,-9999.0,-9999.0,0
HLS,Manglar,00000000000000000003,2023-12-11,2023-12-19,30,18,100.0,-9999.0,-9999.0,0
HLS,Bosque seco,00000000000000000004,2023-12-11,2023-12-19,30,18,100.0,-9999.0,-9999.0,0
HLS,Pastos limpios,00000000000000000000,2023-12-19,2023-12-27,30,20,100.0,-9999.0,-9999.0,0
HLS,Palma,00000000000000000001,2023-12-19,2023-12-27,30,20,100.0,-9999.0,-9999.0,0
HLS,Bananera,00000000000000000002,2023-12-19,2023-12-27,30,20,100.0,-9999.0,-9999.0,0
HLS,Manglar,00000000000000000003,2023-12-19,2023-12-27,30,20,100.0,-9999.0,-9999.0,0
HLS,Bosque seco,00000000000000000004,2023-12-19,2023-12-27,30,20,100.0,-9999.0,-9999.0,0
HLS,Pastos limpios,00000000000000000000,2023-12-27,2024-01-01,30,16,31.789592214268474,-9999.0,-9999.0,0
HLS,Palma,00000000000000000001,2023-12-27,2024-01-01,30,16,100.0,-9999.0,-9999.0,0
HLS,Bananera,00000000000000000002,2023-12-27,2024-01-01,30,16,100.0,-9999.0,-9999.0,0
HLS,Manglar,00000000000000000003,2023-12-27,2024-01-01,30,16,93.90156918687588,-9999.0,-9999.0,0
HLS,Bosque seco,00000000000000000004,2023-12-27,2024-01-01,30,16,100.0,-9999.0,-9999.0,0
S2,Pastos limpios,00000000000000000000,2021-01-01,2021-01-09,20,4,100.0,-9999.0,-9999.0,0
S2,Palma,00000000000000000001,2021-01-01,2021-01-09,20,4,100.0,-9999.0,-9999.0,0
S2,Bananera,00000000000000000002,2021-01-01,2021-01-09,20,4,100.0,-9999.0,-9999.0,0
S2,Manglar,00000000000000000003,2021-01-01,2021-01-09,20,4,100.0,-9999.0,-9999.0,0
S2,Bosque seco,00000000000000000004,2021-01-01,2021-01-09,20,4,100.0,-9999.0,-9999.0,0
S2,Pastos limpios,00000000000000000000,2021-01-09,2021-01-17,20,2,100.0,-9999.0,-9999.0,0
S2,Palma,00000000000000000001,2021-01-09,2021-01-17,20,2,100.0,-9999.0,-9999.0,0
S2,Bananera,00000000000000000002,2021-01-09,2021-01-17,20,2,100.0,-9999.0,-9999.0,0
S2,Manglar,00000000000000000003,2021-01-09,2021-01-17,20,2,99.12710500603484,-9999.0,-9999.0,0
S2,Bosque seco,00000000000000000004,2021-01-09,2021-01-17,20,2,100.0,-9999.0,-9999.0,0
S2,Pastos limpios,00000000000000000000,2021-01-17,2021-01-25,20,4,100.0,-9999.0,-9999.0,0
S2,Palma,00000000000000000001,2021-01-17,2021-01-25,20,4,100.0,-9999.0,-9999.0,0
S2,Bananera,00000000000000000002,2021-01-17,2021-01-25,20,4,100.0,-9999.0,-9999.0,0
S2,Manglar,00000000000000000003,2021-01-17,2021-01-25,20,4,100.0,-9999.0,-9999.0,0
S2,Bosque seco,00000000000000000004,2021-01-17,2021-01-25,20,4,100.0,-9999.0,-9999.0,0
S2,Pastos limpios,00000000000000000000,2021-01-25,2021-02-02,20,2,100.0,-9999.0,-9999.0,0
S2,Palma,00000000000000000001,2021-01-25,2021-02-02,20,2,100.0,-9999.0,-9999.0,0
S2,Bananera,00000000000000000002,2021-01-25,2021-02-02,20,2,100.0,-9999.0,-9999.0,0
S2,Manglar,00000000000000000003,2021-01-25,2021-02-02,20,2,100.0,-9999.0,-9999.0,0
S2,Bosque seco,00000000000000000004,2021-01-25,2021-02-02,20,2,100.0,-9999.0,-9999.0,0
S2,Pastos limpios,00000000000000000000,2021-02-02,2021-02-10,20,4,100.0,-9999.0,-9999.0,0
S2,Palma,00000000000000000001,2021-02-02,2021-02-10,20,4,100.0,-9999.0,-9999.0,0
S2,Bananera,00000000000000000002,2021-02-02,2021-02-10,20,4,100.0,-9999.0,-9999.0,0
S2,Manglar,00000000000000000003,2021-02-02,2021-02-10,20,4,100.0,-9999.0,-9999.0,0
S2,Bosque seco,00000000000000000004,2021-02-02,2021-02-10,20,4,100.0,-9999.0,-9999.0,0
S2,Pastos limpios,00000000000000000000,2021-02-10,2021-02-18,20,4,100.0,-9999.0,-9999.0,0
S2,Palma,00000000000000000001,2021-02-10,2021-02-18,20,4,100.0,-9999.0,-9999.0,0
S2,Bananera,00000000000000000002,2021-02-10,2021-02-18,20,4,100.0,-9999.0,-9999.0,0
S2,Manglar,00000000000000000003,2021-02-10,2021-02-18,20,4,100.0,-9999.0,-9999.0,0
S2,Bosque seco,00000000000000000004,2021-02-10,2021-02-18,20,4,100.0,-9999.0,-9999.0,0
S2,Pastos limpios,00000000000000000000,2021-02-18,2021-02-26,20,2,100.0,-9999.0,-9999.0,0
S2,Palma,00000000000000000001,2021-02-18,2021-02-26,20,2,100.0,-9999.0,-9999.0,0
S2,Bananera,00000000000000000002,2021-02-18,2021-02-26,20,2,100.0,-9999.0,-9999.0,0
S2,Manglar,00000000000000000003,2021-02-18,2021-02-26,20,2,100.0,-9999.0,-9999.0,0
S2,Bosque seco,00000000000000000004,2021-02-18,2021-02-26,20,2,100.0,-9999.0,-9999.0,0
S2,Pastos limpios,00000000000000000000,2021-02-26,2021-03-06,20,4,100.0,-9999.0,-9999.0,0
S2,Palma,00000000000000000001,2021-02-26,2021-03-06,20,4,100.0,-9999.0,-9999.0,0
S2,Bananera,00000000000000000002,2021-02-26,2021-03-06,20,4,100.0,-9999.0,-9999.0,0
S2,Manglar,00000000000000000003,2021-02-26,2021-03-06,20,4,100.0,-9999.0,-9999.0,0
S2,Bosque seco,00000000000000000004,2021-02-26,2021-03-06,20,4,100.0,-9999.0,-9999.0,0
S2,Pastos limpios,00000000000000000000,2021-03-06,2021-03-14,20,2,0.0,-9999.0,-9999.0,0
S2,Palma,00000000000000000001,2021-03-06,2021-03-14,20,2,100.0,-9999.0,-9999.0,0
S2,Bananera,00000000000000000002,2021-03-06,2021-03-14,20,2,100.0,-9999.0,-9999.0,0
S2,Manglar,00000000000000000003,2021-03-06,2021-03-14,20,2,0.0,-9999.0,-9999.0,0
S2,Bosque seco,00000000000000000004,2021-03-06,2021-03-14,20,2,0.0,-9999.0,-9999.0,0
S2,Pastos limpios,00000000000000000000,2021-03-14,2021-03-22,20,4,100.0,-9999.0,-9999.0,0
S2,Palma,00000000000000000001,2021-03-14,2021-03-22,20,4,100.0,-9999.0,-9999.0,0
S2,Bananera,00000000000000000002,2021-03-14,2021-03-22,20,4,100.0,-9999.0,-9999.0,0
S2,Manglar,00000000000000000003,2021-03-14,2021-03-22,20,4,100.0,-9999.0,-9999.0,0
S2,Bosque seco,00000000000000000004,2021-03-14,2021-03-22,20,4,100.0,-9999.0,-9999.0,0
S2,Pastos limpios,00000000000000000000,2021-03-22,2021-03-30,20,4,100.0,-9999.0,-9999.0,0
S2,Palma,00000000000000000001,2021-03-22,2021-03-30,20,4,100.0,-9999.0,-9999.0,0
S2,Bananera,00000000000000000002,2021-03-22,2021-03-30,20,4,100.0,-9999.0,-9999.0,0
S2,Manglar,00000000000000000003,2021-03-22,2021-03-30,20,4,100.0,-9999.0,-9999.0,0
S2,Bosque seco,00000000000000000004,2021-03-22,2021-03-30,20,4,100.0,-9999.0,-9999.0,0
S2,Pastos limpios,00000000000000000000,2021-03-30,2021-04-07,20,2,0.0,-9999.0,-9999.0,0
S2,Palma,00000000000000000001,2021-03-30,2021-04-07,20,2,0.0,-9999.0,-9999.0,0
S2,Bananera,00000000000000000002,2021-03-30,2021-04-07,20,2,0.0,-9999.0,-9999.0,0
S2,Manglar,00000000000000000003,2021-03-30,2021-04-07,20,2,2.1984022070233915,-9999.0,-9999.0,0
S2,Bosque seco,00000000000000000004,2021-03-30,2021-04-07,20,2,0.0,-9999.0,-9999.0,0
S2,Pastos limpios,00000000000000000000,2021-04-07,2021-04-15,20,4,64.50850186135423,-9999.0,-9999.0,0
S2,Palma,00000000000000000001,2021-04-07,2021-04-15,20,4,83.09913820986279,-9999.0,-9999.0,0
S2,Bananera,00000000000000000002,2021-04-07,2021-04-15,20,4,100.0,-9999.0,-9999.0,0
S2,Manglar,00000000000000000003,2021-04-07,2021-04-15,20,4,100.0,-9999.0,-9999.0,0
S2,Bosque seco,00000000000000000004,2021-04-07,2021-04-15,20,4,100.0,-9999.0,-9999.0,0
S2,Pastos limpios,00000000000000000000,2021-04-15,2021-04-23,20,2,0.0,-9999.0,-9999.0,0
S2,Palma,00000000000000000001,2021-04-15,2021-04-23,20,2,0.0,-9999.0,-9999.0,0
S2,Bananera,00000000000000000002,2021-04-15,2021-04-23,20,2,24.590434976385765,-9999.0,-9999.0,0
S2,Manglar,00000000000000000003,2021-04-15,2021-04-23,20,2,0.0,-9999.0,-9999.0,0
S2,Bosque seco,00000000000000000004,2021-04-15,2021-04-23,20,2,100.0,-9999.0,-9999.0,0
S2,Pastos limpios,00000000000000000000,2021-04-23,2021-05-01,20,4,100.0,-9999.0,-9999.0,0
S2,Palma,00000000000000000001,2021-04-23,2021-05-01,20,4,100.0,-9999.0,-9999.0,0
S2,Bananera,00000000000000000002,2021-04-23,2021-05-01,20,4,100.0,-9999.0,-9999.0,0
S2,Manglar,00000000000000000003,2021-04-23,2021-05-01,20,4,100.0,-9999.0,-9999.0,0
S2,Bosque seco,00000000000000000004,2021-04-23,2021-05-01,20,4,100.0,-9999.0,-9999.0,0
S2,Pastos limpios,00000000000000000000,2021-05-01,2021-05-09,20,4,100.0,-9999.0,-9999.0,0
S2,Palma,00000000000000000001,2021-05-01,2021-05-09,20,4,100.0,-9999.0,-9999.0,0
S2,Bananera,00000000000000000002,2021-05-01,2021-05-09,20,4,100.0,-9999.0,-9999.0,0
S2,Manglar,00000000000000000003,2021-05-01,2021-05-09,20,4,100.0,-9999.0,-9999.0,0
S2,Bosque seco,00000000000000000004,2021-05-01,2021-05-09,20,4,92.8488735807405,-9999.0,-9999.0,0
S2,Pastos limpios,00000000000000000000,2021-05-09,2021-05-17,20,2,47.90435944978657,-9999.0,-9999.0,0
S2,Palma,00000000000000000001,2021-05-09,2021-05-17,20,2,96.99487525965111,-9999.0,-9999.0,0
S2,Bananera,00000000000000000002,2021-05-09,2021-05-17,20,2,72.4421505128998,-9999.0,-9999.0,0
S2,Manglar,00000000000000000003,2021-05-09,2021-05-17,20,2,100.0,-9999.0,-9999.0,0
S2,Bosque seco,00000000000000000004,2021-05-09,2021-05-17,20,2,100.0,-9999.0,-9999.0,0
S2,Pastos limpios,00000000000000000000,2021-05-17,2021-05-25,20,4,0.0,-9999.0,-9999.0,0
S2,Palma,00000000000000000001,2021-05-17,2021-05-25,20,4,0.0,-9999.0,-9999.0,0
S2,Bananera,00000000000000000002,2021-05-17,2021-05-25,20,4,0.0,-9999.0,-9999.0,0
S2,Manglar,00000000000000000003,2021-05-17,2021-05-25,20,4,75.9921547215357,-9999.0,-9999.0,0
S2,Bosque seco,00000000000000000004,2021-05-17,2021-05-25,20,4,85.11386434072296,-9999.0,-9999.0,0
S2,Pastos limpios,00000000000000000000,2021-05-25,2021-06-02,20,2,0.0,-9999.0,-9999.0,0
S2,Palma,00000000000000000001,2021-05-25,2021-06-02,20,2,0.0,-9999.0,-9999.0,0
S2,Bananera,00000000000000000002,2021-05-25,2021-06-02,20,2,5.315898814615667,-9999.0,-9999.0,0
S2,Manglar,00000000000000000003,2021-05-25,2021-06-02,20,2,0.0,-9999.0,-9999.0,0
S2,Bosque seco,00000000000000000004,2021-05-25,2021-06-02,20,2,11.373490857056572,-9999.0,-9999.0,0
S2,Pastos limpios,00000000000000000000,2021-06-02,2021-06-10,20,4,0.0,-9999.0,-9999.0,0
S2,Palma,00000000000000000001,2021-06-02,2021-06-10,20,4,0.0,-9999.0,-9999.0,0
S2,Bananera,00000000000000000002,2021-06-02,2021-06-10,20,4,0.0,-9999.0,-9999.0,0
S2,Manglar,00000000000000000003,2021-06-02,2021-06-10,20,4,0.0,-9999.0,-9999.0,0
S2,Bosque seco,00000000000000000004,2021-06-02,2021-06-10,20,4,0.0,-9999.0,-9999.0,0
S2,Pastos limpios,00000000000000000000,2021-06-10,2021-06-18,20,4,99.66797464533657,-9999.0,-9999.0,0
S2,Palma,00000000000000000001,2021-06-10,2021-06-18,20,4,92.40704669766909,-9999.0,-9999.0,0
S2,Bananera,00000000000000000002,2021-06-10,2021-06-18,20,4,100.0,-9999.0,-9999.0,0
S2,Manglar,00000000000000000003,2021-06-10,2021-06-18,20,4,100.0,-9999.0,-9999.0,0
S2,Bosque seco,00000000000000000004,2021-06-10,2021-06-18,20,4,100.0,-9999.0,-9999.0,0
S2,Pastos limpios,00000000000000000000,2021-06-18,2021-06-26,20,2,0.0,-9999.0,-9999.0,0
S2,Palma,00000000000000000001,2021-06-18,2021-06-26,20,2,15.740787326869313,-9999.0,-9999.0,0
S2,Bananera,00000000000000000002,2021-06-18,2021-06-26,20,2,0.0,-9999.0,-9999.0,0
S2,Manglar,00000000000000000003,2021-06-18,2021-06-26,20,2,100.0,-9999.0,-9999.0,0
S2,Bosque seco,00000000000000000004,2021-06-18,2021-06-26,20,2,6.530571155325774,-9999.0,-9999.0,0
S2,Pastos limpios,00000000000000000000,2021-06-26,2021-07-04,20,6,89.35506590200222,-9999.0,-9999.0,0
S2,Palma,00000000000000000001,2021-06-26,2021-07-04,20,6,100.0,-9999.0,-9999.0,0
S2,Bananera,00000000000000000002,2021-06-26,2021-07-04,20,6,100.0,-9999.0,-9999.0,0
S2,Manglar,00000000000000000003,2021-06-26,2021-07-04,20,6,100.0,-9999.0,-9999.0,0
S2,Bosque seco,00000000000000000004,2021-06-26,2021-07-04,20,6,100.0,-9999.0,-9999.0,0
S2,Pastos limpios,00000000000000000000,2021-07-04,2021-07-12,20,2,100.0,-9999.0,-9999.0,0
S2,Palma,00000000000000000001,2021-07-04,2021-07-12,20,2,85.98279294755227,-9999.0,-9999.0,0
S2,Bananera,00000000000000000002,2021-07-04,2021-07-12,20,2,23.19155206992977,-9999.0,-9999.0,0
S2,Manglar,00000000000000000003,2021-07-04,2021-07-12,20,2,100.0,-9999.0,-9999.0,0
S2,Bosque seco,00000000000000000004,2021-07-04,2021-07-12,20,2,87.058941964061,-9999.0,-9999.0,0
S2,Pastos limpios,00000000000000000000,2021-07-12,2021-07-20,20,4,100.0,-9999.0,-9999.0,0
S2,Palma,00000000000000000001,2021-07-12,2021-07-20,20,4,100.0,-9999.0,-9999.0,0
S2,Bananera,00000000000000000002,2021-07-12,2021-07-20,20,4,100.0,-9999.0,-9999.0,0
S2,Manglar,00000000000000000003,2021-07-12,2021-07-20,20,4,100.0,-9999.0,-9999.0,0
S2,Bosque seco,00000000000000000004,2021-07-12,2021-07-20,20,4,100.0,-9999.0,-9999.0,0
S2,Pastos limpios,00000000000000000000,2021-07-20,2021-07-28,20,4,100.0,-9999.0,-9999.0,0
S2,Palma,00000000000000000001,2021-07-20,2021-07-28,20,4,100.0,-9999.0,-9999.0,0
S2,Bananera,00000000000000000002,2021-07-20,2021-07-28,20,4,100.0,-9999.0,-9999.0,0
S2,Manglar,00000000000000000003,2021-07-20,2021-07-28,20,4,100.0,-9999.0,-9999.0,0
S2,Bosque seco,00000000000000000004,2021-07-20,2021-07-28,20,4,100.0,-9999.0,-9999.0,0
S2,Pastos limpios,00000000000000000000,2021-07-28,2021-08-05,20,2,100.0,-9999.0,-9999.0,0
S2,Palma,00000000000000000001,2021-07-28,2021-08-05,20,2,100.0,-9999.0,-9999.0,0
S2,Bananera,00000000000000000002,2021-07-28,2021-08-05,20,2,100.0,-9999.0,-9999.0,0
S2,Manglar,00000000000000000003,2021-07-28,2021-08-05,20,2,100.0,-9999.0,-9999.0,0
S2,Bosque seco,00000000000000000004,2021-07-28,2021-08-05,20,2,100.0,-9999.0,-9999.0,0
S2,Pastos limpios,00000000000000000000,2021-08-05,2021-08-13,20,4,100.0,-9999.0,-9999.0,0
S2,Palma,00000000000000000001,2021-08-05,2021-08-13,20,4,100.0,-9999.0,-9999.0,0
S2,Bananera,00000000000000000002,2021-08-05,2021-08-13,20,4,80.08928122147064,-9999.0,-9999.0,0
S2,Manglar,00000000000000000003,2021-08-05,2021-08-13,20,4,100.0,-9999.0,-9999.0,0
S2,Bosque seco,00000000000000000004,2021-08-05,2021-08-13,20,4,100.0,-9999.0,-9999.0,0
S2,Pastos limpios,00000000000000000000,2021-08-13,2021-08-21,20,2,99.59179566785967,-9999.0,-9999.0,0
S2,Palma,00000000000000000001,2021-08-13,2021-08-21,20,2,84.42021433346034,-9999.0,-9999.0,0
S2,Bananera,00000000000000000002,2021-08-13,2021-08-21,20,2,20.903451200839623,-9999.0,-9999.0,0
S2,Manglar,00000000000000000003,2021-08-13,2021-08-21,20,2,100.0,-9999.0,-9999.0,0
S2,Bosque seco,00000000000000000004,2021-08-13,2021-08-21,20,2,100.0,-9999.0,-9999.0,0
S2,Pastos limpios,00000000000000000000,2021-08-21,2021-08-29,20,4,39.84447989881132,-9999.0,-9999.0,0
S2,Palma,00000000000000000001,2021-08-21,2021-08-29,20,4,49.055193381681754,-9999.0,-9999.0,0
S2,Bananera,00000000000000000002,2021-08-21,2021-08-29,20,4,69.7363975530332,-9999.0,-9999.0,0
S2,Manglar,00000000000000000003,2021-08-21,2021-08-29,20,4,7.534915799758604,-9999.0,-9999.0,0
S2,Bosque seco,00000000000000000004,2021-08-21,2021-08-29,20,4,98.27999050830883,-9999.0,-9999.0,0
S2,Pastos limpios,00000000000000000000,2021-08-29,2021-09-06,20,4,0.0,-9999.0,-9999.0,0
S2,Palma,00000000000000000001,2021-08-29,2021-09-06,20,4,0.0,-9999.0,-9999.0,0
S2,Bananera,00000000000000000002,2021-08-29,2021-09-06,20,4,0.0,-9999.0,-9999.0,0
S2,Manglar,00000000000000000003,2021-08-29,2021-09-06,20,4,0.0,-9999.0,-9999.0,0
S2,Bosque seco,00000000000000000004,2021-08-29,2021-09-06,20,4,0.0,-9999.0,-9999.0,0
S2,Pastos limpios,00000000000000000000,2021-09-06,2021-09-14,20,2,15.930748997455913,-9999.0,-9999.0,0
S2,Palma,00000000000000000001,2021-09-06,2021-09-14,20,2,12.285720446492105,-9999.0,-9999.0,0
S2,Bananera,00000000000000000002,2021-09-06,2021-09-14,20,2,7.672290473075462,-9999.0,-9999.0,0
S2,Manglar,00000000000000000003,2021-09-06,2021-09-14,20,2,100.0,-9999.0,-9999.0,0
S2,Bosque seco,00000000000000000004,2021-09-06,2021-09-14,20,2,0.4228116977903057,-9999.0,-9999.0,0
S2,Pastos limpios,00000000000000000000,2021-09-14,2021-09-22,20,4,61.88679516479094,-9999.0,-9999.0,0
S2,Palma,00000000000000000001,2021-09-14,2021-09-22,20,4,0.0,-9999.0,-9999.0,0
S2,Bananera,00000000000000000002,2021-09-14,2021-09-22,20,4,77.7134806018216,-9999.0,-9999.0,0
S2,Manglar,00000000000000000003,2021-09-14,2021-09-22,20,4,100.0,-9999.0,-9999.0,0
S2,Bosque seco,00000000000000000004,2021-09-14,2021-09-22,20,4,100.0,-9999.0,-9999.0,0
S2,Pastos limpios,00000000000000000000,2021-09-22,2021-09-30,20,2,100.0,-9999.0,-9999.0,0
S2,Palma,00000000000000000001,2021-09-22,2021-09-30,20,2,97.0674697582819,-9999.0,-9999.0,0
S2,Bananera,00000000000000000002,2021-09-22,2021-09-30,20,2,67.22832845713137,-9999.0,-9999.0,0
S2,Manglar,00000000000000000003,2021-09-22,2021-09-30,20,2,100.0,-9999.0,-9999.0,0
S2,Bosque seco,00000000000000000004,2021-09-22,2021-09-30,20,2,100.0,-9999.0,-9999.0,0
S2,Pastos limpios,00000000000000000000,2021-09-30,2021-10-08,20,4,0.0,-9999.0,-9999.0,0
S2,Palma,00000000000000000001,2021-09-30,2021-10-08,20,4,100.0,-9999.0,-9999.0,0
S2,Bananera,00000000000000000002,2021-09-30,2021-10-08,20,4,52.03039299552157,-9999.0,-9999.0,0
S2,Manglar,00000000000000000003,2021-09-30,2021-10-08,20,4,79.21001206965917,-9999.0,-9999.0,0
S2,Bosque seco,00000000000000000004,2021-09-30,2021-10-08,20,4,100.0,-9999.0,-9999.0,0
S2,Pastos limpios,00000000000000000000,2021-10-08,2021-10-16,20,4,0.0,-9999.0,-9999.0,0
S2,Palma,00000000000000000001,2021-10-08,2021-10-16,20,4,28.556950743554548,-9999.0,-9999.0,0
S2,Bananera,00000000000000000002,2021-10-08,2021-10-16,20,4,98.73769867228329,-9999.0,-9999.0,0
S2,Manglar,00000000000000000003,2021-10-08,2021-10-16,20,4,0.0,-9999.0,-9999.0,0
S2,Bosque seco,00000000000000000004,2021-10-08,2021-10-16,20,4,9.767813099971958,-9999.0,-9999.0,0
S2,Pastos limpios,00000000000000000000,2021-10-16,2021-10-24,20,2,71.42641541977491,-9999.0,-9999.0,0
S2,Palma,00000000000000000001,2021-10-16,2021-10-24,20,2,0.0,-9999.0,-9999.0,0
S2,Bananera,00000000000000000002,2021-10-16,2021-10-24,20,2,0.0,-9999.0,-9999.0,0
S2,Manglar,00000000000000000003,2021-10-16,2021-10-24,20,2,0.0,-9999.0,-9999.0,0
S2,Bosque seco,00000000000000000004,2021-10-16,2021-10-24,20,2,0.0,-9999.0,-9999.0,0
S2,Pastos limpios,00000000000000000000,2021-10-24,2021-11-01,20,4,84.87487962284219,-9999.0,-9999.0,0
S2,Palma,00000000000000000001,2021-10-24,2021-11-01,20,4,2.022583357890878,-9999.0,-9999.0,0
S2,Bananera,00000000000000000002,2021-10-24,2021-11-01,20,4,0.0,-9999.0,-9999.0,0
S2,Manglar,00000000000000000003,2021-10-24,2021-11-01,20,4,100.0,-9999.0,-9999.0,0
S2,Bosque seco,00000000000000000004,2021-10-24,2021-11-01,20,4,100.0,-9999.0,-9999.0,0
S2,Pastos limpios,00000000000000000000,2021-11-01,2021-11-09,20,2,33.69051212395613,-9999.0,-9999.0,0
S2,Palma,00000000000000000001,2021-11-01,2021-11-09,20,2,0.0,-9999.0,-9999.0,0
S2,Bananera,00000000000000000002,2021-11-01,2021-11-09,20,2,0.0,-9999.0,-9999.0,0
S2,Manglar,00000000000000000003,2021-11-01,2021-11-09,20,2,0.0,-9999.0,-9999.0,0
S2,Bosque seco,00000000000000000004,2021-11-01,2021-11-09,20,2,0.0,-9999.0,-9999.0,0
S2,Pastos limpios,00000000000000000000,2021-11-09,2021-11-17,20,4,100.0,-9999.0,-9999.0,0
S2,Palma,00000000000000000001,2021-11-09,2021-11-17,20,4,100.0,-9999.0,-9999.0,0
S2,Bananera,00000000000000000002,2021-11-09,2021-11-17,20,4,100.0,-9999.0,-9999.0,0
S2,Manglar,00000000000000000003,2021-11-09,2021-11-17,20,4,100.0,-9999.0,-9999.0,0
S2,Bosque seco,00000000000000000004,2021-11-09,2021-11-17,20,4,95.94230202273691,-9999.0,-9999.0,0
S2,Pastos limpios,00000000000000000000,2021-11-17,2021-11-25,20,4,100.0,-9999.0,-9999.0,0
S2,Palma,00000000000000000001,2021-11-17,2021-11-25,20,4,100.0,-9999.0,-9999.0,0
S2,Bananera,00000000000000000002,2021-11-17,2021-11-25,20,4,100.0,-9999.0,-9999.0,0
S2,Manglar,00000000000000000003,2021-11-17,2021-11-25,20,4,100.0,-9999.0,-9999.0,0
S2,Bosque seco,00000000000000000004,2021-11-17,2021-11-25,20,4,100.0,-9999.0,-9999.0,0
S2,Pastos limpios,00000000000000000000,2021-11-25,2021-12-03,20,2,100.0,-9999.0,-9999.0,0
S2,Palma,00000000000000000001,2021-11-25,2021-12-03,20,2,100.0,-9999.0,-9999.0,0
S2,Bananera,00000000000000000002,2021-11-25,2021-12-03,20,2,100.0,-9999.0,-9999.0,0
S2,Manglar,00000000000000000003,2021-11-25,2021-12-03,20,2,100.0,-9999.0,-9999.0,0
S2,Bosque seco,00000000000000000004,2021-11-25,2021-12-03,20,2,100.0,-9999.0,-9999.0,0
S2,Pastos limpios,00000000000000000000,2021-12-03,2021-12-11,20,4,100.0,-9999.0,-9999.0,0
S2,Palma,00000000000000000001,2021-12-03,2021-12-11,20,4,100.0,-9999.0,-9999.0,0
S2,Bananera,00000000000000000002,2021-12-03,2021-12-11,20,4,100.0,-9999.0,-9999.0,0
S2,Manglar,00000000000000000003,2021-12-03,2021-12-11,20,4,100.0,-9999.0,-9999.0,0
S2,Bosque seco,00000000000000000004,2021-12-03,2021-12-11,20,4,100.0,-9999.0,-9999.0,0
S2,Pastos limpios,00000000000000000000,2021-12-11,2021-12-19,20,2,100.0,-9999.0,-9999.0,0
S2,Palma,00000000000000000001,2021-12-11,2021-12-19,20,2,100.0,-9999.0,-9999.0,0
S2,Bananera,00000000000000000002,2021-12-11,2021-12-19,20,2,100.0,-9999.0,-9999.0,0
S2,Manglar,00000000000000000003,2021-12-11,2021-12-19,20,2,100.0,-9999.0,-9999.0,0
S2,Bosque seco,00000000000000000004,2021-12-11,2021-12-19,20,2,100.0,-9999.0,-9999.0,0
S2,Pastos limpios,00000000000000000000,2021-12-19,2021-12-27,20,4,100.0,-9999.0,-9999.0,0
S2,Palma,00000000000000000001,2021-12-19,2021-12-27,20,4,100.0,-9999.0,-9999.0,0
S2,Bananera,00000000000000000002,2021-12-19,2021-12-27,20,4,100.0,-9999.0,-9999.0,0
S2,Manglar,00000000000000000003,2021-12-19,2021-12-27,20,4,100.0,-9999.0,-9999.0,0
S2,Bosque seco,00000000000000000004,2021-12-19,2021-12-27,20,4,100.0,-9999.0,-9999.0,0
S2,Pastos limpios,00000000000000000000,2021-12-27,2022-01-01,20,2,100.0,-9999.0,-9999.0,0
S2,Palma,00000000000000000001,2021-12-27,2022-01-01,20,2,100.0,-9999.0,-9999.0,0
S2,Bananera,00000000000000000002,2021-12-27,2022-01-01,20,2,100.0,-9999.0,-9999.0,0
S2,Manglar,00000000000000000003,2021-12-27,2022-01-01,20,2,100.0,-9999.0,-9999.0,0
S2,Bosque seco,00000000000000000004,2021-12-27,2022-01-01,20,2,100.0,-9999.0,-9999.0,0
S2,Pastos limpios,00000000000000000000,2022-01-01,2022-01-09,20,2,100.0,-9999.0,-9999.0,0
S2,Palma,00000000000000000001,2022-01-01,2022-01-09,20,2,100.0,-9999.0,-9999.0,0
S2,Bananera,00000000000000000002,2022-01-01,2022-01-09,20,2,100.0,-9999.0,-9999.0,0
S2,Manglar,00000000000000000003,2022-01-01,2022-01-09,20,2,100.0,-9999.0,-9999.0,0
S2,Bosque seco,00000000000000000004,2022-01-01,2022-01-09,20,2,100.0,-9999.0,-9999.0,0
S2,Pastos limpios,00000000000000000000,2022-01-09,2022-01-17,20,2,100.0,-9999.0,-9999.0,0
S2,Palma,00000000000000000001,2022-01-09,2022-01-17,20,2,95.96777091763761,-9999.0,-9999.0,0
S2,Bananera,00000000000000000002,2022-01-09,2022-01-17,20,2,83.97610541222477,-9999.0,-9999.0,0
S2,Manglar,00000000000000000003,2022-01-09,2022-01-17,20,2,100.0,-9999.0,-9999.0,0
S2,Bosque seco,00000000000000000004,2022-01-09,2022-01-17,20,2,100.0,-9999.0,-9999.0,0
S2,Pastos limpios,00000000000000000000,2022-01-17,2022-01-25,20,4,100.0,-9999.0,-9999.0,0
S2,Palma,00000000000000000001,2022-01-17,2022-01-25,20,4,100.0,-9999.0,-9999.0,0
S2,Bananera,00000000000000000002,2022-01-17,2022-01-25,20,4,100.0,-9999.0,-9999.0,0
S2,Manglar,00000000000000000003,2022-01-17,2022-01-25,20,4,100.0,-9999.0,-9999.0,0
S2,Bosque seco,00000000000000000004,2022-01-17,2022-01-25,20,4,100.0,-9999.0,-9999.0,0
S2,Pastos limpios,00000000000000000000,2022-01-25,2022-02-02,20,2,100.0,-9999.0,-9999.0,0
S2,Palma,00000000000000000001,2022-01-25,2022-02-02,20,2,100.0,-9999.0,-9999.0,0
S2,Bananera,00000000000000000002,2022-01-25,2022-02-02,20,2,100.0,-9999.0,-9999.0,0
S2,Manglar,00000000000000000003,2022-01-25,2022-02-02,20,2,100.0,-9999.0,-9999.0,0
S2,Bosque seco,00000000000000000004,2022-01-25,2022-02-02,20,2,100.0,-9999.0,-9999.0,0
S2,Pastos limpios,00000000000000000000,2022-02-02,2022-02-10,20,4,100.0,-9999.0,-9999.0,0
S2,Palma,00000000000000000001,2022-02-02,2022-02-10,20,4,100.0,-9999.0,-9999.0,0
S2,Bananera,00000000000000000002,2022-02-02,2022-02-10,20,4,100.0,-9999.0,-9999.0,0
S2,Manglar,00000000000000000003,2022-02-02,2022-02-10,20,4,100.0,-9999.0,-9999.0,0
S2,Bosque seco,00000000000000000004,2022-02-02,2022-02-10,20,4,100.0,-9999.0,-9999.0,0
S2,Pastos limpios,00000000000000000000,2022-02-10,2022-02-18,20,4,100.0,-9999.0,-9999.0,0
S2,Palma,00000000000000000001,2022-02-10,2022-02-18,20,4,100.0,-9999.0,-9999.0,0
S2,Bananera,00000000000000000002,2022-02-10,2022-02-18,20,4,100.0,-9999.0,-9999.0,0
S2,Manglar,00000000000000000003,2022-02-10,2022-02-18,20,4,100.0,-9999.0,-9999.0,0
S2,Bosque seco,00000000000000000004,2022-02-10,2022-02-18,20,4,100.0,-9999.0,-9999.0,0
S2,Pastos limpios,00000000000000000000,2022-02-18,2022-02-26,20,2,100.0,-9999.0,-9999.0,0
S2,Palma,00000000000000000001,2022-02-18,2022-02-26,20,2,100.0,-9999.0,-9999.0,0
S2,Bananera,00000000000000000002,2022-02-18,2022-02-26,20,2,100.0,-9999.0,-9999.0,0
S2,Manglar,00000000000000000003,2022-02-18,2022-02-26,20,2,100.0,-9999.0,-9999.0,0
S2,Bosque seco,00000000000000000004,2022-02-18,2022-02-26,20,2,100.0,-9999.0,-9999.0,0
S2,Pastos limpios,00000000000000000000,2022-02-26,2022-03-06,20,5,100.0,-9999.0,-9999.0,0
S2,Palma,00000000000000000001,2022-02-26,2022-03-06,20,5,100.0,-9999.0,-9999.0,0
S2,Bananera,00000000000000000002,2022-02-26,2022-03-06,20,5,100.0,-9999.0,-9999.0,0
S2,Manglar,00000000000000000003,2022-02-26,2022-03-06,20,5,100.0,-9999.0,-9999.0,0
S2,Bosque seco,00000000000000000004,2022-02-26,2022-03-06,20,5,100.0,-9999.0,-9999.0,0
S2,Pastos limpios,00000000000000000000,2022-03-06,2022-03-14,20,2,100.0,-9999.0,-9999.0,0
S2,Palma,00000000000000000001,2022-03-06,2022-03-14,20,2,100.0,-9999.0,-9999.0,0
S2,Bananera,00000000000000000002,2022-03-06,2022-03-14,20,2,100.0,-9999.0,-9999.0,0
S2,Manglar,00000000000000000003,2022-03-06,2022-03-14,20,2,100.0,-9999.0,-9999.0,0
S2,Bosque seco,00000000000000000004,2022-03-06,2022-03-14,20,2,100.0,-9999.0,-9999.0,0
S2,Pastos limpios,00000000000000000000,2022-03-14,2022-03-22,20,4,100.0,-9999.0,-9999.0,0
S2,Palma,00000000000000000001,2022-03-14,2022-03-22,20,4,0.0,-9999.0,-9999.0,0
S2,Bananera,00000000000000000002,2022-03-14,2022-03-22,20,4,100.0,-9999.0,-9999.0,0
S2,Manglar,00000000000000000003,2022-03-14,2022-03-22,20,4,100.0,-9999.0,-9999.0,0
S2,Bosque seco,00000000000000000004,2022-03-14,2022-03-22,20,4,0.0,-9999.0,-9999.0,0
S2,Pastos limpios,00000000000000000000,2022-03-22,2022-03-30,20,4,100.0,-9999.0,-9999.0,0
S2,Palma,00000000000000000001,2022-03-22,2022-03-30,20,4,100.0,-9999.0,-9999.0,0
S2,Bananera,00000000000000000002,2022-03-22,2022-03-30,20,4,100.0,-9999.0,-9999.0,0
S2,Manglar,00000000000000000003,2022-03-22,2022-03-30,20,4,100.0,-9999.0,-9999.0,0
S2,Bosque seco,00000000000000000004,2022-03-22,2022-03-30,20,4,100.0,-9999.0,-9999.0,0
S2,Pastos limpios,00000000000000000000,2022-03-30,2022-04-07,20,2,100.0,-9999.0,-9999.0,0
S2,Palma,00000000000000000001,2022-03-30,2022-04-07,20,2,100.0,-9999.0,-9999.0,0
S2,Bananera,00000000000000000002,2022-03-30,2022-04-07,20,2,100.0,-9999.0,-9999.0,0
S2,Manglar,00000000000000000003,2022-03-30,2022-04-07,20,2,100.0,-9999.0,-9999.0,0
S2,Bosque seco,00000000000000000004,2022-03-30,2022-04-07,20,2,100.0,-9999.0,-9999.0,0
S2,Pastos limpios,00000000000000000000,2022-04-07,2022-04-15,20,4,100.0,-9999.0,-9999.0,0
S2,Palma,00000000000000000001,2022-04-07,2022-04-15,20,4,100.0,-9999.0,-9999.0,0
S2,Bananera,00000000000000000002,2022-04-07,2022-04-15,20,4,100.0,-9999.0,-9999.0,0
S2,Manglar,00000000000000000003,2022-04-07,2022-04-15,20,4,100.0,-9999.0,-9999.0,0
S2,Bosque seco,00000000000000000004,2022-04-07,2022-04-15,20,4,100.0,-9999.0,-9999.0,0
S2,Pastos limpios,00000000000000000000,2022-04-15,2022-04-23,20,2,100.0,-9999.0,-9999.0,0
S2,Palma,00000000000000000001,2022-04-15,2022-04-23,20,2,0.0,-9999.0,-9999.0,0
S2,Bananera,00000000000000000002,2022-04-15,2022-04-23,20,2,70.985040722876,-9999.0,-9999.0,0
S2,Manglar,00000000000000000003,2022-04-15,2022-04-23,20,2,1.2392953618024019,-9999.0,-9999.0,0
S2,Bosque seco,00000000000000000004,2022-04-15,2022-04-23,20,2,100.0,-9999.0,-9999.0,0
S2,Pastos limpios,00000000000000000000,2022-04-23,2022-05-01,20,4,0.0,-9999.0,-9999.0,0
S2,Palma,00000000000000000001,2022-04-23,2022-05-01,20,4,0.3665662802147647,-9999.0,-9999.0,0
S2,Bananera,00000000000000000002,2022-04-23,2022-05-01,20,4,62.971296302952325,-9999.0,-9999.0,0
S2,Manglar,00000000000000000003,2022-04-23,2022-05-01,20,4,0.16380251738605664,-9999.0,-9999.0,0
S2,Bosque seco,00000000000000000004,2022-04-23,2022-05-01,20,4,63.34625257965472,-9999.0,-9999.0,0
S2,Pastos limpios,00000000000000000000,2022-05-01,2022-05-09,20,4,100.0,-9999.0,-9999.0,0
S2,Palma,00000000000000000001,2022-05-01,2022-05-09,20,4,100.0,-9999.0,-9999.0,0
S2,Bananera,00000000000000000002,2022-05-01,2022-05-09,20,4,100.0,-9999.0,-9999.0,0
S2,Manglar,00000000000000000003,2022-05-01,2022-05-09,20,4,100.0,-9999.0,-9999.0,0
S2,Bosque seco,00000000000000000004,2022-05-01,2022-05-09,20,4,100.0,-9999.0,-9999.0,0
S2,Pastos limpios,00000000000000000000,2022-05-09,2022-05-17,20,2,0.0,-9999.0,-9999.0,0
S2,Palma,00000000000000000001,2022-05-09,2022-05-17,20,2,0.0,-9999.0,-9999.0,0
S2,Bananera,00000000000000000002,2022-05-09,2022-05-17,20,2,0.0,-9999.0,-9999.0,0
S2,Manglar,00000000000000000003,2022-05-09,2022-05-17,20,2,0.0,-9999.0,-9999.0,0
S2,Bosque seco,00000000000000000004,2022-05-09,2022-05-17,20,2,0.0,-9999.0,-9999.0,0
S2,Pastos limpios,00000000000000000000,2022-05-17,2022-05-25,20,4,100.0,-9999.0,-9999.0,0
S2,Palma,00000000000000000001,2022-05-17,2022-05-25,20,4,100.0,-9999.0,-9999.0,0
S2,Bananera,00000000000000000002,2022-05-17,2022-05-25,20,4,100.0,-9999.0,-9999.0,0
S2,Manglar,00000000000000000003,2022-05-17,2022-05-25,20,4,100.0,-9999.0,-9999.0,0
S2,Bosque seco,00000000000000000004,2022-05-17,2022-05-25,20,4,100.0,-9999.0,-9999.0,0
S2,Pastos limpios,00000000000000000000,2022-05-25,2022-06-02,20,2,100.0,-9999.0,-9999.0,0
S2,Palma,00000000000000000001,2022-05-25,2022-06-02,20,2,92.66867439570473,-9999.0,-9999.0,0
S2,Bananera,00000000000000000002,2022-05-25,2022-06-02,20,2,96.84209012946495,-9999.0,-9999.0,0
S2,Manglar,00000000000000000003,2022-05-25,2022-06-02,20,2,100.0,-9999.0,-9999.0,0
S2,Bosque seco,00000000000000000004,2022-05-25,2022-06-02,20,2,100.0,-9999.0,-9999.0,0
S2,Pastos limpios,00000000000000000000,2022-06-02,2022-06-10,20,4,93.40261308266138,-9999.0,-9999.0,0
S2,Palma,00000000000000000001,2022-06-02,2022-06-10,20,4,97.0674697582819,-9999.0,-9999.0,0
S2,Bananera,00000000000000000002,2022-06-02,2022-06-10,20,4,18.836756259389983,-9999.0,-9999.0,0
S2,Manglar,00000000000000000003,2022-06-02,2022-06-10,20,4,95.76196907868268,-9999.0,-9999.0,0
S2,Bosque seco,00000000000000000004,2022-06-02,2022-06-10,20,4,100.0,-9999.0,-9999.0,0
S2,Pastos limpios,00000000000000000000,2022-06-10,2022-06-18,20,4,0.0,-9999.0,-9999.0,0
S2,Palma,00000000000000000001,2022-06-10,2022-06-18,20,4,0.0,-9999.0,-9999.0,0
S2,Bananera,00000000000000000002,2022-06-10,2022-06-18,20,4,0.0,-9999.0,-9999.0,0
S2,Manglar,00000000000000000003,2022-06-10,2022-06-18,20,4,80.99459739065462,-9999.0,-9999.0,0
S2,Bosque seco,00000000000000000004,2022-06-10,2022-06-18,20,4,0.0,-9999.0,-9999.0,0
S2,Pastos limpios,00000000000000000000,2022-06-18,2022-06-26,20,2,77.19517628965261,-9999.0,-9999.0,0
S2,Palma,00000000000000000001,2022-06-18,2022-06-26,20,2,3.2990965219328823,-9999.0,-9999.0,0
S2,Bananera,00000000000000000002,2022-06-18,2022-06-26,20,2,7.348088936173272,-9999.0,-9999.0,0
S2,Manglar,00000000000000000003,2022-06-18,2022-06-26,20,2,90.58279211448931,-9999.0,-9999.0,0
S2,Bosque seco,00000000000000000004,2022-06-18,2022-06-26,20,2,87.06613263919348,-9999.0,-9999.0,0
S2,Pastos limpios,00000000000000000000,2022-06-26,2022-07-04,20,4,97.95179164330989,-9999.0,-9999.0,0
S2,Palma,00000000000000000001,2022-06-26,2022-07-04,20,4,6.002343149163726,-9999.0,-9999.0,0
S2,Bananera,00000000000000000002,2022-06-26,2022-07-04,20,4,70.44662176247746,-9999.0,-9999.0,0
S2,Manglar,00000000000000000003,2022-06-26,2022-07-04,20,4,91.23728375193974,-9999.0,-9999.0,0
S2,Bosque seco,00000000000000000004,2022-06-26,2022-07-04,20,4,100.0,-9999.0,-9999.0,0
S2,Pastos limpios,00000000000000000000,2022-07-04,2022-07-12,20,2,100.0,-9999.0,-9999.0,0
S2,Palma,00000000000000000001,2022-07-04,2022-07-12,20,2,26.908121240000295,-9999.0,-9999.0,0
S2,Bananera,00000000000000000002,2022-07-04,2022-07-12,20,2,100.0,-9999.0,-9999.0,0
S2,Manglar,00000000000000000003,2022-07-04,2022-07-12,20,2,100.0,-9999.0,-9999.0,0
S2,Bosque seco,00000000000000000004,2022-07-04,2022-07-12,20,2,100.0,-9999.0,-9999.0,0
S2,Pastos limpios,00000000000000000000,2022-07-12,2022-07-20,20,4,100.0,-9999.0,-9999.0,0
S2,Palma,00000000000000000001,2022-07-12,2022-07-20,20,4,100.0,-9999.0,-9999.0,0
S2,Bananera,00000000000000000002,2022-07-12,2022-07-20,20,4,98.27116475332649,-9999.0,-9999.0,0
S2,Manglar,00000000000000000003,2022-07-12,2022-07-20,20,4,100.0,-9999.0,-9999.0,0
S2,Bosque seco,00000000000000000004,2022-07-12,2022-07-20,20,4,100.0,-9999.0,-9999.0,0
S2,Pastos limpios,00000000000000000000,2022-07-20,2022-07-28,20,4,0.0,-9999.0,-9999.0,0
S2,Palma,00000000000000000001,2022-07-20,2022-07-28,20,4,0.0,-9999.0,-9999.0,0
S2,Bananera,00000000000000000002,2022-07-20,2022-07-28,20,4,22.99099280430735,-9999.0,-9999.0,0
S2,Manglar,00000000000000000003,2022-07-20,2022-07-28,20,4,53.05621012701879,-9999.0,-9999.0,0
S2,Bosque seco,00000000000000000004,2022-07-20,2022-07-28,20,4,81.88597027374901,-9999.0,-9999.0,0
S2,Pastos limpios,00000000000000000000,2022-07-28,2022-08-05,20,2,0.0,-9999.0,-9999.0,0
S2,Palma,00000000000000000001,2022-07-28,2022-08-05,20,2,0.0,-9999.0,-9999.0,0
S2,Bananera,00000000000000000002,2022-07-28,2022-08-05,20,2,0.0,-9999.0,-9999.0,0
S2,Manglar,00000000000000000003,2022-07-28,2022-08-05,20,2,0.0,-9999.0,-9999.0,0
S2,Bosque seco,00000000000000000004,2022-07-28,2022-08-05,20,2,0.0,-9999.0,-9999.0,0
S2,Pastos limpios,00000000000000000000,2022-08-05,2022-08-13,20,4,0.0,-9999.0,-9999.0,0
S2,Palma,00000000000000000001,2022-08-05,2022-08-13,20,4,0.0,-9999.0,-9999.0,0
S2,Bananera,00000000000000000002,2022-08-05,2022-08-13,20,4,0.0,-9999.0,-9999.0,0
S2,Manglar,00000000000000000003,2022-08-05,2022-08-13,20,4,0.0,-9999.0,-9999.0,0
S2,Bosque seco,00000000000000000004,2022-08-05,2022-08-13,20,4,0.0,-9999.0,-9999.0,0
S2,Pastos limpios,00000000000000000000,2022-08-13,2022-08-21,20,2,100.0,-9999.0,-9999.0,0
S2,Palma,00000000000000000001,2022-08-13,2022-08-21,20,2,30.493283211983126,-9999.0,-9999.0,0
S2,Bananera,00000000000000000002,2022-08-13,2022-08-21,20,2,35.289085694157905,-9999.0,-9999.0,0
S2,Manglar,00000000000000000003,2022-08-13,2022-08-21,20,2,76.8133226047474,-9999.0,-9999.0,0
S2,Bosque seco,00000000000000000004,2022-08-13,2022-08-21,20,2,39.12733966592124,-9999.0,-9999.0,0
S2,Pastos limpios,00000000000000000000,2022-08-21,2022-08-29,20,4,0.0,-9999.0,-9999.0,0
S2,Palma,00000000000000000001,2022-08-21,2022-08-29,20,4,0.0,-9999.0,-9999.0,0
S2,Bananera,00000000000000000002,2022-08-21,2022-08-29,20,4,0.0,-9999.0,-9999.0,0
S2,Manglar,00000000000000000003,2022-08-21,2022-08-29,20,4,0.0,-9999.0,-9999.0,0
S2,Bosque seco,00000000000000000004,2022-08-21,2022-08-29,20,4,0.0,-9999.0,-9999.0,0
S2,Pastos limpios,00000000000000000000,2022-08-29,2022-09-06,20,4,100.0,-9999.0,-9999.0,0
S2,Palma,00000000000000000001,2022-08-29,2022-09-06,20,4,87.55399665059048,-9999.0,-9999.0,0
S2,Bananera,00000000000000000002,2022-08-29,2022-09-06,20,4,81.92163092782026,-9999.0,-9999.0,0
S2,Manglar,00000000000000000003,2022-08-29,2022-09-06,20,4,100.0,-9999.0,-9999.0,0
S2,Bosque seco,00000000000000000004,2022-08-29,2022-09-06,20,4,98.479891276992,-9999.0,-9999.0,0
S2,Pastos limpios,00000000000000000000,2022-09-06,2022-09-14,20,2,0.0,-9999.0,-9999.0,0
S2,Palma,00000000000000000001,2022-09-06,2022-09-14,20,2,55.68716802392025,-9999.0,-9999.0,0
S2,Bananera,00000000000000000002,2022-09-06,2022-09-14,20,2,0.5844253869212357,-9999.0,-9999.0,0
S2,Manglar,00000000000000000003,2022-09-06,2022-09-14,20,2,100.0,-9999.0,-9999.0,0
S2,Bosque seco,00000000000000000004,2022-09-06,2022-09-14,20,2,100.0,-9999.0,-9999.0,0
S2,Pastos limpios,00000000000000000000,2022-09-14,2022-09-22,20,4,92.10685179595534,-9999.0,-9999.0,0
S2,Palma,00000000000000000001,2022-09-14,2022-09-22,20,4,8.589869833032651,-9999.0,-9999.0,0
S2,Bananera,00000000000000000002,2022-09-14,2022-09-22,20,4,90.60821933563847,-9999.0,-9999.0,0
S2,Manglar,00000000000000000003,2022-09-14,2022-09-22,20,4,100.0,-9999.0,-9999.0,0
S2,Bosque seco,00000000000000000004,2022-09-14,2022-09-22,20,4,23.469644564928206,-9999.0,-9999.0,0
S2,Pastos limpios,00000000000000000000,2022-09-22,2022-09-30,20,2,0.0,-9999.0,-9999.0,0
S2,Palma,00000000000000000001,2022-09-22,2022-09-30,20,2,0.0,-9999.0,-9999.0,0
S2,Bananera,00000000000000000002,2022-09-22,2022-09-30,20,2,0.0,-9999.0,-9999.0,0
S2,Manglar,00000000000000000003,2022-09-22,2022-09-30,20,2,0.0,-9999.0,-9999.0,0
S2,Bosque seco,00000000000000000004,2022-09-22,2022-09-30,20,2,0.0,-9999.0,-9999.0,0
S2,Pastos limpios,00000000000000000000,2022-09-30,2022-10-08,20,4,100.0,-9999.0,-9999.0,0
S2,Palma,00000000000000000001,2022-09-30,2022-10-08,20,4,100.0,-9999.0,-9999.0,0
S2,Bananera,00000000000000000002,2022-09-30,2022-10-08,20,4,100.0,-9999.0,-9999.0,0
S2,Manglar,00000000000000000003,2022-09-30,2022-10-08,20,4,63.85783665727912,-9999.0,-9999.0,0
S2,Bosque seco,00000000000000000004,2022-09-30,2022-10-08,20,4,99.31185238982087,-9999.0,-9999.0,0
S2,Pastos limpios,00000000000000000000,2022-10-08,2022-10-16,20,4,100.0,-9999.0,-9999.0,0
S2,Palma,00000000000000000001,2022-10-08,2022-10-16,20,4,94.31822265667117,-9999.0,-9999.0,0
S2,Bananera,00000000000000000002,2022-10-08,2022-10-16,20,4,99.26892912853764,-9999.0,-9999.0,0
S2,Manglar,00000000000000000003,2022-10-08,2022-10-16,20,4,100.0,-9999.0,-9999.0,0
S2,Bosque seco,00000000000000000004,2022-10-08,2022-10-16,20,4,77.2386369356219,-9999.0,-9999.0,0
S2,Pastos limpios,00000000000000000000,2022-10-16,2022-10-24,20,2,8.62906587325543,-9999.0,-9999.0,0
S2,Palma,00000000000000000001,2022-10-16,2022-10-24,20,2,33.56597114907747,-9999.0,-9999.0,0
S2,Bananera,00000000000000000002,2022-10-16,2022-10-24,20,2,51.810424768709886,-9999.0,-9999.0,0
S2,Manglar,00000000000000000003,2022-10-16,2022-10-24,20,2,100.0,-9999.0,-9999.0,0
S2,Bosque seco,00000000000000000004,2022-10-16,2022-10-24,20,2,0.0,-9999.0,-9999.0,0
S2,Pastos limpios,00000000000000000000,2022-10-24,2022-11-01,20,4,100.0,-9999.0,-9999.0,0
S2,Palma,00000000000000000001,2022-10-24,2022-11-01,20,4,100.0,-9999.0,-9999.0,0
S2,Bananera,00000000000000000002,2022-10-24,2022-11-01,20,4,6.748567690549274,-9999.0,-9999.0,0
S2,Manglar,00000000000000000003,2022-10-24,2022-11-01,20,4,99.98419449393646,-9999.0,-9999.0,0
S2,Bosque seco,00000000000000000004,2022-10-24,2022-11-01,20,4,79.55834873336258,-9999.0,-9999.0,0
S2,Pastos limpios,00000000000000000000,2022-11-01,2022-11-09,20,2,100.0,-9999.0,-9999.0,0
S2,Palma,00000000000000000001,2022-11-01,2022-11-09,20,2,9.488316598264916,-9999.0,-9999.0,0
S2,Bananera,00000000000000000002,2022-11-01,2022-11-09,20,2,6.208711029321911,-9999.0,-9999.0,0
S2,Manglar,00000000000000000003,2022-11-01,2022-11-09,20,2,0.0,-9999.0,-9999.0,0
S2,Bosque seco,00000000000000000004,2022-11-01,2022-11-09,20,2,0.0,-9999.0,-9999.0,0
S2,Pastos limpios,00000000000000000000,2022-11-09,2022-11-17,20,4,1.041352248717175,-9999.0,-9999.0,0
S2,Palma,00000000000000000001,2022-11-09,2022-11-17,20,4,22.78676623852683,-9999.0,-9999.0,0
S2,Bananera,00000000000000000002,2022-11-09,2022-11-17,20,4,0.0,-9999.0,-9999.0,0
S2,Manglar,00000000000000000003,2022-11-09,2022-11-17,20,4,100.0,-9999.0,-9999.0,0
S2,Bosque seco,00000000000000000004,2022-11-09,2022-11-17,20,4,100.0,-9999.0,-9999.0,0
S2,Pastos limpios,00000000000000000000,2022-11-17,2022-11-25,20,4,0.0,-9999.0,-9999.0,0
S2,Palma,00000000000000000001,2022-11-17,2022-11-25,20,4,88.53869430528502,-9999.0,-9999.0,0
S2,Bananera,00000000000000000002,2022-11-17,2022-11-25,20,4,68.26131650264897,-9999.0,-9999.0,0
S2,Manglar,00000000000000000003,2022-11-17,2022-11-25,20,4,93.91559859762053,-9999.0,-9999.0,0
S2,Bosque seco,00000000000000000004,2022-11-17,2022-11-25,20,4,100.0,-9999.0,-9999.0,0
S2,Pastos limpios,00000000000000000000,2022-11-25,2022-12-03,20,2,100.0,-9999.0,-9999.0,0
S2,Palma,00000000000000000001,2022-11-25,2022-12-03,20,2,51.45224935132142,-9999.0,-9999.0,0
S2,Bananera,00000000000000000002,2022-11-25,2022-12-03,20,2,0.0,-9999.0,-9999.0,0
S2,Manglar,00000000000000000003,2022-11-25,2022-12-03,20,2,0.0,-9999.0,-9999.0,0
S2,Bosque seco,00000000000000000004,2022-11-25,2022-12-03,20,2,100.0,-9999.0,-9999.0,0
S2,Pastos limpios,00000000000000000000,2022-12-03,2022-12-11,20,4,100.0,-9999.0,-9999.0,0
S2,Palma,00000000000000000001,2022-12-03,2022-12-11,20,4,100.0,-9999.0,-9999.0,0
S2,Bananera,00000000000000000002,2022-12-03,2022-12-11,20,4,100.0,-9999.0,-9999.0,0
S2,Manglar,00000000000000000003,2022-12-03,2022-12-11,20,4,100.0,-9999.0,-9999.0,0
S2,Bosque seco,00000000000000000004,2022-12-03,2022-12-11,20,4,100.0,-9999.0,-9999.0,0
S2,Pastos limpios,00000000000000000000,2022-12-11,2022-12-19,20,2,100.0,-9999.0,-9999.0,0
S2,Palma,00000000000000000001,2022-12-11,2022-12-19,20,2,100.0,-9999.0,-9999.0,0
S2,Bananera,00000000000000000002,2022-12-11,2022-12-19,20,2,100.0,-9999.0,-9999.0,0
S2,Manglar,00000000000000000003,2022-12-11,2022-12-19,20,2,0.0,-9999.0,-9999.0,0
S2,Bosque seco,00000000000000000004,2022-12-11,2022-12-19,20,2,100.0,-9999.0,-9999.0,0
S2,Pastos limpios,00000000000000000000,2022-12-19,2022-12-27,20,4,100.0,-9999.0,-9999.0,0
S2,Palma,00000000000000000001,2022-12-19,2022-12-27,20,4,100.0,-9999.0,-9999.0,0
S2,Bananera,00000000000000000002,2022-12-19,2022-12-27,20,4,100.0,-9999.0,-9999.0,0
S2,Manglar,00000000000000000003,2022-12-19,2022-12-27,20,4,100.0,-9999.0,-9999.0,0
S2,Bosque seco,00000000000000000004,2022-12-19,2022-12-27,20,4,100.0,-9999.0,-9999.0,0
S2,Pastos limpios,00000000000000000000,2022-12-27,2023-01-01,20,2,100.0,-9999.0,-9999.0,0
S2,Palma,00000000000000000001,2022-12-27,2023-01-01,20,2,100.0,-9999.0,-9999.0,0
S2,Bananera,00000000000000000002,2022-12-27,2023-01-01,20,2,100.0,-9999.0,-9999.0,0
S2,Manglar,00000000000000000003,2022-12-27,2023-01-01,20,2,100.0,-9999.0,-9999.0,0
S2,Bosque seco,00000000000000000004,2022-12-27,2023-01-01,20,2,100.0,-9999.0,-9999.0,0
S2,Pastos limpios,00000000000000000000,2023-01-01,2023-01-09,20,4,100.0,-9999.0,-9999.0,0
S2,Palma,00000000000000000001,2023-01-01,2023-01-09,20,4,100.0,-9999.0,-9999.0,0
S2,Bananera,00000000000000000002,2023-01-01,2023-01-09,20,4,100.0,-9999.0,-9999.0,0
S2,Manglar,00000000000000000003,2023-01-01,2023-01-09,20,4,100.0,-9999.0,-9999.0,0
S2,Bosque seco,00000000000000000004,2023-01-01,2023-01-09,20,4,100.0,-9999.0,-9999.0,0
S2,Pastos limpios,00000000000000000000,2023-01-09,2023-01-17,20,2,100.0,-9999.0,-9999.0,0
S2,Palma,00000000000000000001,2023-01-09,2023-01-17,20,2,100.0,-9999.0,-9999.0,0
S2,Bananera,00000000000000000002,2023-01-09,2023-01-17,20,2,100.0,-9999.0,-9999.0,0
S2,Manglar,00000000000000000003,2023-01-09,2023-01-17,20,2,100.0,-9999.0,-9999.0,0
S2,Bosque seco,00000000000000000004,2023-01-09,2023-01-17,20,2,100.0,-9999.0,-9999.0,0
S2,Pastos limpios,00000000000000000000,2023-01-17,2023-01-25,20,4,100.0,-9999.0,-9999.0,0
S2,Palma,00000000000000000001,2023-01-17,2023-01-25,20,4,100.0,-9999.0,-9999.0,0
S2,Bananera,00000000000000000002,2023-01-17,2023-01-25,20,4,100.0,-9999.0,-9999.0,0
S2,Manglar,00000000000000000003,2023-01-17,2023-01-25,20,4,100.0,-9999.0,-9999.0,0
S2,Bosque seco,00000000000000000004,2023-01-17,2023-01-25,20,4,100.0,-9999.0,-9999.0,0
S2,Pastos limpios,00000000000000000000,2023-01-25,2023-02-02,20,2,100.0,-9999.0,-9999.0,0
S2,Palma,00000000000000000001,2023-01-25,2023-02-02,20,2,100.0,-9999.0,-9999.0,0
S2,Bananera,00000000000000000002,2023-01-25,2023-02-02,20,2,100.0,-9999.0,-9999.0,0
S2,Manglar,00000000000000000003,2023-01-25,2023-02-02,20,2,100.0,-9999.0,-9999.0,0
S2,Bosque seco,00000000000000000004,2023-01-25,2023-02-02,20,2,100.0,-9999.0,-9999.0,0
S2,Pastos limpios,00000000000000000000,2023-02-02,2023-02-10,20,4,100.0,-9999.0,-9999.0,0
S2,Palma,00000000000000000001,2023-02-02,2023-02-10,20,4,100.0,-9999.0,-9999.0,0
S2,Bananera,00000000000000000002,2023-02-02,2023-02-10,20,4,100.0,-9999.0,-9999.0,0
S2,Manglar,00000000000000000003,2023-02-02,2023-02-10,20,4,100.0,-9999.0,-9999.0,0
S2,Bosque seco,00000000000000000004,2023-02-02,2023-02-10,20,4,100.0,-9999.0,-9999.0,0
S2,Pastos limpios,00000000000000000000,2023-02-10,2023-02-18,20,4,100.0,-9999.0,-9999.0,0
S2,Palma,00000000000000000001,2023-02-10,2023-02-18,20,4,100.0,-9999.0,-9999.0,0
S2,Bananera,00000000000000000002,2023-02-10,2023-02-18,20,4,100.0,-9999.0,-9999.0,0
S2,Manglar,00000000000000000003,2023-02-10,2023-02-18,20,4,100.0,-9999.0,-9999.0,0
S2,Bosque seco,00000000000000000004,2023-02-10,2023-02-18,20,4,100.0,-9999.0,-9999.0,0
S2,Pastos limpios,00000000000000000000,2023-02-18,2023-02-26,20,2,100.0,-9999.0,-9999.0,0
S2,Palma,00000000000000000001,2023-02-18,2023-02-26,20,2,100.0,-9999.0,-9999.0,0
S2,Bananera,00000000000000000002,2023-02-18,2023-02-26,20,2,100.0,-9999.0,-9999.0,0
S2,Manglar,00000000000000000003,2023-02-18,2023-02-26,20,2,100.0,-9999.0,-9999.0,0
S2,Bosque seco,00000000000000000004,2023-02-18,2023-02-26,20,2,100.0,-9999.0,-9999.0,0
S2,Pastos limpios,00000000000000000000,2023-02-26,2023-03-06,20,4,100.0,-9999.0,-9999.0,0
S2,Palma,00000000000000000001,2023-02-26,2023-03-06,20,4,100.0,-9999.0,-9999.0,0
S2,Bananera,00000000000000000002,2023-02-26,2023-03-06,20,4,100.0,-9999.0,-9999.0,0
S2,Manglar,00000000000000000003,2023-02-26,2023-03-06,20,4,100.0,-9999.0,-9999.0,0
S2,Bosque seco,00000000000000000004,2023-02-26,2023-03-06,20,4,100.0,-9999.0,-9999.0,0
S2,Pastos limpios,00000000000000000000,2023-03-06,2023-03-14,20,2,0.0,-9999.0,-9999.0,0
S2,Palma,00000000000000000001,2023-03-06,2023-03-14,20,2,0.0,-9999.0,-9999.0,0
S2,Bananera,00000000000000000002,2023-03-06,2023-03-14,20,2,0.0,-9999.0,-9999.0,0
S2,Manglar,00000000000000000003,2023-03-06,2023-03-14,20,2,0.0,-9999.0,-9999.0,0
S2,Bosque seco,00000000000000000004,2023-03-06,2023-03-14,20,2,0.0,-9999.0,-9999.0,0
S2,Pastos limpios,00000000000000000000,2023-03-14,2023-03-22,20,4,100.0,-9999.0,-9999.0,0
S2,Palma,00000000000000000001,2023-03-14,2023-03-22,20,4,100.0,-9999.0,-9999.0,0
S2,Bananera,00000000000000000002,2023-03-14,2023-03-22,20,4,100.0,-9999.0,-9999.0,0
S2,Manglar,00000000000000000003,2023-03-14,2023-03-22,20,4,100.0,-9999.0,-9999.0,0
S2,Bosque seco,00000000000000000004,2023-03-14,2023-03-22,20,4,100.0,-9999.0,-9999.0,0
S2,Pastos limpios,00000000000000000000,2023-03-22,2023-03-30,20,4,100.0,-9999.0,-9999.0,0
S2,Palma,00000000000000000001,2023-03-22,2023-03-30,20,4,100.0,-9999.0,-9999.0,0
S2,Bananera,00000000000000000002,2023-03-22,2023-03-30,20,4,100.0,-9999.0,-9999.0,0
S2,Manglar,00000000000000000003,2023-03-22,2023-03-30,20,4,100.0,-9999.0,-9999.0,0
S2,Bosque seco,00000000000000000004,2023-03-22,2023-03-30,20,4,100.0,-9999.0,-9999.0,0
S2,Pastos limpios,00000000000000000000,2023-03-30,2023-04-07,20,2,100.0,-9999.0,-9999.0,0
S2,Palma,00000000000000000001,2023-03-30,2023-04-07,20,2,100.0,-9999.0,-9999.0,0
S2,Bananera,00000000000000000002,2023-03-30,2023-04-07,20,2,100.0,-9999.0,-9999.0,0
S2,Manglar,00000000000000000003,2023-03-30,2023-04-07,20,2,100.0,-9999.0,-9999.0,0
S2,Bosque seco,00000000000000000004,2023-03-30,2023-04-07,20,2,100.0,-9999.0,-9999.0,0
S2,Pastos limpios,00000000000000000000,2023-04-07,2023-04-15,20,4,100.0,-9999.0,-9999.0,0
S2,Palma,00000000000000000001,2023-04-07,2023-04-15,20,4,100.0,-9999.0,-9999.0,0
S2,Bananera,00000000000000000002,2023-04-07,2023-04-15,20,4,100.0,-9999.0,-9999.0,0
S2,Manglar,00000000000000000003,2023-04-07,2023-04-15,20,4,100.0,-9999.0,-9999.0,0
S2,Bosque seco,00000000000000000004,2023-04-07,2023-04-15,20,4,100.0,-9999.0,-9999.0,0
S2,Pastos limpios,00000000000000000000,2023-04-15,2023-04-23,20,2,100.0,-9999.0,-9999.0,0
S2,Palma,00000000000000000001,2023-04-15,2023-04-23,20,2,84.45830847630617,-9999.0,-9999.0,0
S2,Bananera,00000000000000000002,2023-04-15,2023-04-23,20,2,100.0,-9999.0,-9999.0,0
S2,Manglar,00000000000000000003,2023-04-15,2023-04-23,20,2,67.3932409908615,-9999.0,-9999.0,0
S2,Bosque seco,00000000000000000004,2023-04-15,2023-04-23,20,2,100.0,-9999.0,-9999.0,0
S2,Pastos limpios,00000000000000000000,2023-04-23,2023-05-01,20,4,100.0,-9999.0,-9999.0,0
S2,Palma,00000000000000000001,2023-04-23,2023-05-01,20,4,99.35886838833025,-9999.0,-9999.0,0
S2,Bananera,00000000000000000002,2023-04-23,2023-05-01,20,4,93.12275808527005,-9999.0,-9999.0,0
S2,Manglar,00000000000000000003,2023-04-23,2023-05-01,20,4,0.0,-9999.0,-9999.0,0
S2,Bosque seco,00000000000000000004,2023-04-23,2023-05-01,20,4,100.0,-9999.0,-9999.0,0
S2,Pastos limpios,00000000000000000000,2023-05-01,2023-05-09,20,6,100.0,-9999.0,-9999.0,0
S2,Palma,00000000000000000001,2023-05-01,2023-05-09,20,6,100.0,-9999.0,-9999.0,0
S2,Bananera,00000000000000000002,2023-05-01,2023-05-09,20,6,100.0,-9999.0,-9999.0,0
S2,Manglar,00000000000000000003,2023-05-01,2023-05-09,20,6,100.0,-9999.0,-9999.0,0
S2,Bosque seco,00000000000000000004,2023-05-01,2023-05-09,20,6,100.0,-9999.0,-9999.0,0
S2,Pastos limpios,00000000000000000000,2023-05-09,2023-05-17,20,2,100.0,-9999.0,-9999.0,0
S2,Palma,00000000000000000001,2023-05-09,2023-05-17,20,2,100.0,-9999.0,-9999.0,0
S2,Bananera,00000000000000000002,2023-05-09,2023-05-17,20,2,100.0,-9999.0,-9999.0,0
S2,Manglar,00000000000000000003,2023-05-09,2023-05-17,20,2,100.0,-9999.0,-9999.0,0
S2,Bosque seco,00000000000000000004,2023-05-09,2023-05-17,20,2,100.0,-9999.0,-9999.0,0
S2,Pastos limpios,00000000000000000000,2023-05-17,2023-05-25,20,4,100.0,-9999.0,-9999.0,0
S2,Palma,00000000000000000001,2023-05-17,2023-05-25,20,4,100.0,-9999.0,-9999.0,0
S2,Bananera,00000000000000000002,2023-05-17,2023-05-25,20,4,100.0,-9999.0,-9999.0,0
S2,Manglar,00000000000000000003,2023-05-17,2023-05-25,20,4,100.0,-9999.0,-9999.0,0
S2,Bosque seco,00000000000000000004,2023-05-17,2023-05-25,20,4,98.82144834578519,-9999.0,-9999.0,0
S2,Pastos limpios,00000000000000000000,2023-05-25,2023-06-02,20,2,100.0,-9999.0,-9999.0,0
S2,Palma,00000000000000000001,2023-05-25,2023-06-02,20,2,35.96877717801465,-9999.0,-9999.0,0
S2,Bananera,00000000000000000002,2023-05-25,2023-06-02,20,2,52.326559366261485,-9999.0,-9999.0,0
S2,Manglar,00000000000000000003,2023-05-25,2023-06-02,20,2,100.0,-9999.0,-9999.0,0
S2,Bosque seco,00000000000000000004,2023-05-25,2023-06-02,20,2,54.63762592669826,-9999.0,-9999.0,0
S2,Pastos limpios,00000000000000000000,2023-06-02,2023-06-10,20,4,100.0,-9999.0,-9999.0,0
S2,Palma,00000000000000000001,2023-06-02,2023-06-10,20,4,4.408139208935592,-9999.0,-9999.0,0
S2,Bananera,00000000000000000002,2023-06-02,2023-06-10,20,4,100.0,-9999.0,-9999.0,0
S2,Manglar,00000000000000000003,2023-06-02,2023-06-10,20,4,100.0,-9999.0,-9999.0,0
S2,Bosque seco,00000000000000000004,2023-06-02,2023-06-10,20,4,70.21190919615444,-9999.0,-9999.0,0
S2,Pastos limpios,00000000000000000000,2023-06-10,2023-06-18,20,4,88.87068259238498,-9999.0,-9999.0,0
S2,Palma,00000000000000000001,2023-06-10,2023-06-18,20,4,100.0,-9999.0,-9999.0,0
S2,Bananera,00000000000000000002,2023-06-10,2023-06-18,20,4,63.708117977730026,-9999.0,-9999.0,0
S2,Manglar,00000000000000000003,2023-06-10,2023-06-18,20,4,100.0,-9999.0,-9999.0,0
S2,Bosque seco,00000000000000000004,2023-06-10,2023-06-18,20,4,57.28379437545392,-9999.0,-9999.0,0
S2,Pastos limpios,00000000000000000000,2023-06-18,2023-06-26,20,2,100.0,-9999.0,-9999.0,0
S2,Palma,00000000000000000001,2023-06-18,2023-06-26,20,2,100.0,-9999.0,-9999.0,0
S2,Bananera,00000000000000000002,2023-06-18,2023-06-26,20,2,100.0,-9999.0,-9999.0,0
S2,Manglar,00000000000000000003,2023-06-18,2023-06-26,20,2,100.0,-9999.0,-9999.0,0
S2,Bosque seco,00000000000000000004,2023-06-18,2023-06-26,20,2,100.0,-9999.0,-9999.0,0
S2,Pastos limpios,00000000000000000000,2023-06-26,2023-07-04,20,4,62.74416799620541,-9999.0,-9999.0,0
S2,Palma,00000000000000000001,2023-06-26,2023-07-04,20,4,49.11125645983225,-9999.0,-9999.0,0
S2,Bananera,00000000000000000002,2023-06-26,2023-07-04,20,4,51.44452990777148,-9999.0,-9999.0,0
S2,Manglar,00000000000000000003,2023-06-26,2023-07-04,20,4,100.0,-9999.0,-9999.0,0
S2,Bosque seco,00000000000000000004,2023-06-26,2023-07-04,20,4,51.04085022542768,-9999.0,-9999.0,0
S2,Pastos limpios,00000000000000000000,2023-07-04,2023-07-12,20,2,0.0,-9999.0,-9999.0,0
S2,Palma,00000000000000000001,2023-07-04,2023-07-12,20,2,0.06253189486016575,-9999.0,-9999.0,0
S2,Bananera,00000000000000000002,2023-07-04,2023-07-12,20,2,0.0,-9999.0,-9999.0,0
S2,Manglar,00000000000000000003,2023-07-04,2023-07-12,20,2,0.0,-9999.0,-9999.0,0
S2,Bosque seco,00000000000000000004,2023-07-04,2023-07-12,20,2,0.0,-9999.0,-9999.0,0
S2,Pastos limpios,00000000000000000000,2023-07-12,2023-07-20,20,4,100.0,-9999.0,-9999.0,0
S2,Palma,00000000000000000001,2023-07-12,2023-07-20,20,4,87.37790108460496,-9999.0,-9999.0,0
S2,Bananera,00000000000000000002,2023-07-12,2023-07-20,20,4,95.96724917511915,-9999.0,-9999.0,0
S2,Manglar,00000000000000000003,2023-07-12,2023-07-20,20,4,97.7951319041324,-9999.0,-9999.0,0
S2,Bosque seco,00000000000000000004,2023-07-12,2023-07-20,20,4,100.0,-9999.0,-9999.0,0
S2,Pastos limpios,00000000000000000000,2023-07-20,2023-07-28,20,4,100.0,-9999.0,-9999.0,0
S2,Palma,00000000000000000001,2023-07-20,2023-07-28,20,4,100.0,-9999.0,-9999.0,0
S2,Bananera,00000000000000000002,2023-07-20,2023-07-28,20,4,100.0,-9999.0,-9999.0,0
S2,Manglar,00000000000000000003,2023-07-20,2023-07-28,20,4,100.0,-9999.0,-9999.0,0
S2,Bosque seco,00000000000000000004,2023-07-20,2023-07-28,20,4,100.0,-9999.0,-9999.0,0
S2,Pastos limpios,00000000000000000000,2023-07-28,2023-08-05,20,2,100.0,-9999.0,-9999.0,0
S2,Palma,00000000000000000001,2023-07-28,2023-08-05,20,2,100.0,-9999.0,-9999.0,0
S2,Bananera,00000000000000000002,2023-07-28,2023-08-05,20,2,28.024383406057048,-9999.0,-9999.0,0
S2,Manglar,00000000000000000003,2023-07-28,2023-08-05,20,2,100.0,-9999.0,-9999.0,0
S2,Bosque seco,00000000000000000004,2023-07-28,2023-08-05,20,2,100.0,-9999.0,-9999.0,0
S2,Pastos limpios,00000000000000000000,2023-08-05,2023-08-13,20,4,100.0,-9999.0,-9999.0,0
S2,Palma,00000000000000000001,2023-08-05,2023-08-13,20,4,100.0,-9999.0,-9999.0,0
S2,Bananera,00000000000000000002,2023-08-05,2023-08-13,20,4,100.0,-9999.0,-9999.0,0
S2,Manglar,00000000000000000003,2023-08-05,2023-08-13,20,4,100.0,-9999.0,-9999.0,0
S2,Bosque seco,00000000000000000004,2023-08-05,2023-08-13,20,4,100.0,-9999.0,-9999.0,0
S2,Pastos limpios,00000000000000000000,2023-08-13,2023-08-21,20,2,98.86737671223031,-9999.0,-9999.0,0
S2,Palma,00000000000000000001,2023-08-13,2023-08-21,20,2,27.946725700608788,-9999.0,-9999.0,0
S2,Bananera,00000000000000000002,2023-08-13,2023-08-21,20,2,100.0,-9999.0,-9999.0,0
S2,Manglar,00000000000000000003,2023-08-13,2023-08-21,20,2,100.0,-9999.0,-9999.0,0
S2,Bosque seco,00000000000000000004,2023-08-13,2023-08-21,20,2,14.906269549648018,-9999.0,-9999.0,0
S2,Pastos limpios,00000000000000000000,2023-08-21,2023-08-29,20,4,0.0,-9999.0,-9999.0,0
S2,Palma,00000000000000000001,2023-08-21,2023-08-29,20,4,9.258314226365457,-9999.0,-9999.0,0
S2,Bananera,00000000000000000002,2023-08-21,2023-08-29,20,4,79.60405719173897,-9999.0,-9999.0,0
S2,Manglar,00000000000000000003,2023-08-21,2023-08-29,20,4,98.93097304442784,-9999.0,-9999.0,0
S2,Bosque seco,00000000000000000004,2023-08-21,2023-08-29,20,4,100.0,-9999.0,-9999.0,0
S2,Pastos limpios,00000000000000000000,2023-08-29,2023-09-06,20,4,100.0,-9999.0,-9999.0,0
S2,Palma,00000000000000000001,2023-08-29,2023-09-06,20,4,100.0,-9999.0,-9999.0,0
S2,Bananera,00000000000000000002,2023-08-29,2023-09-06,20,4,100.0,-9999.0,-9999.0,0
S2,Manglar,00000000000000000003,2023-08-29,2023-09-06,20,4,100.0,-9999.0,-9999.0,0
S2,Bosque seco,00000000000000000004,2023-08-29,2023-09-06,20,4,100.0,-9999.0,-9999.0,0
S2,Pastos limpios,00000000000000000000,2023-09-06,2023-09-14,20,2,0.0,-9999.0,-9999.0,0
S2,Palma,00000000000000000001,2023-09-06,2023-09-14,20,2,0.0,-9999.0,-9999.0,0
S2,Bananera,00000000000000000002,2023-09-06,2023-09-14,20,2,0.0,-9999.0,-9999.0,0
S2,Manglar,00000000000000000003,2023-09-06,2023-09-14,20,2,0.0,-9999.0,-9999.0,0
S2,Bosque seco,00000000000000000004,2023-09-06,2023-09-14,20,2,0.0,-9999.0,-9999.0,0
S2,Pastos limpios,00000000000000000000,2023-09-14,2023-09-22,20,4,100.0,-9999.0,-9999.0,0
S2,Palma,00000000000000000001,2023-09-14,2023-09-22,20,4,100.0,-9999.0,-9999.0,0
S2,Bananera,00000000000000000002,2023-09-14,2023-09-22,20,4,100.0,-9999.0,-9999.0,0
S2,Manglar,00000000000000000003,2023-09-14,2023-09-22,20,4,100.0,-9999.0,-9999.0,0
S2,Bosque seco,00000000000000000004,2023-09-14,2023-09-22,20,4,100.0,-9999.0,-9999.0,0
S2,Pastos limpios,00000000000000000000,2023-09-22,2023-09-30,20,2,100.0,-9999.0,-9999.0,0
S2,Palma,00000000000000000001,2023-09-22,2023-09-30,20,2,100.0,-9999.0,-9999.0,0
S2,Bananera,00000000000000000002,2023-09-22,2023-09-30,20,2,100.0,-9999.0,-9999.0,0
S2,Manglar,00000000000000000003,2023-09-22,2023-09-30,20,2,0.0,-9999.0,-9999.0,0
S2,Bosque seco,00000000000000000004,2023-09-22,2023-09-30,20,2,100.0,-9999.0,-9999.0,0
S2,Pastos limpios,00000000000000000000,2023-09-30,2023-10-08,20,4,100.0,-9999.0,-9999.0,0
S2,Palma,00000000000000000001,2023-09-30,2023-10-08,20,4,100.0,-9999.0,-9999.0,0
S2,Bananera,00000000000000000002,2023-09-30,2023-10-08,20,4,100.0,-9999.0,-9999.0,0
S2,Manglar,00000000000000000003,2023-09-30,2023-10-08,20,4,100.0,-9999.0,-9999.0,0
S2,Bosque seco,00000000000000000004,2023-09-30,2023-10-08,20,4,100.0,-9999.0,-9999.0,0
S2,Pastos limpios,00000000000000000000,2023-10-08,2023-10-16,20,4,100.0,-9999.0,-9999.0,0
S2,Palma,00000000000000000001,2023-10-08,2023-10-16,20,4,15.788225316073575,-9999.0,-9999.0,0
S2,Bananera,00000000000000000002,2023-10-08,2023-10-16,20,4,0.1502397366132082,-9999.0,-9999.0,0
S2,Manglar,00000000000000000003,2023-10-08,2023-10-16,20,4,95.20446577389504,-9999.0,-9999.0,0
S2,Bosque seco,00000000000000000004,2023-10-08,2023-10-16,20,4,98.14264861327833,-9999.0,-9999.0,0
S2,Pastos limpios,00000000000000000000,2023-10-16,2023-10-24,20,2,16.627858508329382,-9999.0,-9999.0,0
S2,Palma,00000000000000000001,2023-10-16,2023-10-24,20,2,68.16264042722942,-9999.0,-9999.0,0
S2,Bananera,00000000000000000002,2023-10-16,2023-10-24,20,2,100.0,-9999.0,-9999.0,0
S2,Manglar,00000000000000000003,2023-10-16,2023-10-24,20,2,0.0,-9999.0,-9999.0,0
S2,Bosque seco,00000000000000000004,2023-10-16,2023-10-24,20,2,100.0,-9999.0,-9999.0,0
S2,Pastos limpios,00000000000000000000,2023-10-24,2023-11-01,20,4,100.0,-9999.0,-9999.0,0
S2,Palma,00000000000000000001,2023-10-24,2023-11-01,20,4,97.19037727576566,-9999.0,-9999.0,0
S2,Bananera,00000000000000000002,2023-10-24,2023-11-01,20,4,91.82379538641806,-9999.0,-9999.0,0
S2,Manglar,00000000000000000003,2023-10-24,2023-11-01,20,4,100.0,-9999.0,-9999.0,0
S2,Bosque seco,00000000000000000004,2023-10-24,2023-11-01,20,4,100.0,-9999.0,-9999.0,0
S2,Pastos limpios,00000000000000000000,2023-11-01,2023-11-09,20,2,100.0,-9999.0,-9999.0,0
S2,Palma,00000000000000000001,2023-11-01,2023-11-09,20,2,95.01397983166703,-9999.0,-9999.0,0
S2,Bananera,00000000000000000002,2023-11-01,2023-11-09,20,2,0.0,-9999.0,-9999.0,0
S2,Manglar,00000000000000000003,2023-11-01,2023-11-09,20,2,100.0,-9999.0,-9999.0,0
S2,Bosque seco,00000000000000000004,2023-11-01,2023-11-09,20,2,100.0,-9999.0,-9999.0,0
S2,Pastos limpios,00000000000000000000,2023-11-09,2023-11-17,20,4,100.0,-9999.0,-9999.0,0
S2,Palma,00000000000000000001,2023-11-09,2023-11-17,20,4,100.0,-9999.0,-9999.0,0
S2,Bananera,00000000000000000002,2023-11-09,2023-11-17,20,4,100.0,-9999.0,-9999.0,0
S2,Manglar,00000000000000000003,2023-11-09,2023-11-17,20,4,100.0,-9999.0,-9999.0,0
S2,Bosque seco,00000000000000000004,2023-11-09,2023-11-17,20,4,100.0,-9999.0,-9999.0,0
S2,Pastos limpios,00000000000000000000,2023-11-17,2023-11-25,20,4,100.0,-9999.0,-9999.0,0
S2,Palma,00000000000000000001,2023-11-17,2023-11-25,20,4,100.0,-9999.0,-9999.0,0
S2,Bananera,00000000000000000002,2023-11-17,2023-11-25,20,4,100.0,-9999.0,-9999.0,0
S2,Manglar,00000000000000000003,2023-11-17,2023-11-25,20,4,100.0,-9999.0,-9999.0,0
S2,Bosque seco,00000000000000000004,2023-11-17,2023-11-25,20,4,100.0,-9999.0,-9999.0,0
S2,Pastos limpios,00000000000000000000,2023-11-25,2023-12-03,20,2,100.0,-9999.0,-9999.0,0
S2,Palma,00000000000000000001,2023-11-25,2023-12-03,20,2,87.25930611159428,-9999.0,-9999.0,0
S2,Bananera,00000000000000000002,2023-11-25,2023-12-03,20,2,100.0,-9999.0,-9999.0,0
S2,Manglar,00000000000000000003,2023-11-25,2023-12-03,20,2,100.0,-9999.0,-9999.0,0
S2,Bosque seco,00000000000000000004,2023-11-25,2023-12-03,20,2,100.0,-9999.0,-9999.0,0
S2,Pastos limpios,00000000000000000000,2023-12-03,2023-12-11,20,2,100.0,-9999.0,-9999.0,0
S2,Palma,00000000000000000001,2023-12-03,2023-12-11,20,2,100.0,-9999.0,-9999.0,0
S2,Bananera,00000000000000000002,2023-12-03,2023-12-11,20,2,100.0,-9999.0,-9999.0,0
S2,Manglar,00000000000000000003,2023-12-03,2023-12-11,20,2,100.0,-9999.0,-9999.0,0
S2,Bosque seco,00000000000000000004,2023-12-03,2023-12-11,20,2,100.0,-9999.0,-9999.0,0
S2,Pastos limpios,00000000000000000000,2023-12-11,2023-12-19,20,2,100.0,-9999.0,-9999.0,0
S2,Palma,00000000000000000001,2023-12-11,2023-12-19,20,2,100.0,-9999.0,-9999.0,0
S2,Bananera,00000000000000000002,2023-12-11,2023-12-19,20,2,100.0,-9999.0,-9999.0,0
S2,Manglar,00000000000000000003,2023-12-11,2023-12-19,20,2,100.0,-9999.0,-9999.0,0
S2,Bosque seco,00000000000000000004,2023-12-11,2023-12-19,20,2,100.0,-9999.0,-9999.0,0
S2,Pastos limpios,00000000000000000000,2023-12-19,2023-12-27,20,4,100.0,-9999.0,-9999.0,0
S2,Palma,00000000000000000001,2023-12-19,2023-12-27,20,4,100.0,-9999.0,-9999.0,0
S2,Bananera,00000000000000000002,2023-12-19,2023-12-27,20,4,100.0,-9999.0,-9999.0,0
S2,Manglar,00000000000000000003,2023-12-19,2023-12-27,20,4,100.0,-9999.0,-9999.0,0
S2,Bosque seco,00000000000000000004,2023-12-19,2023-12-27,20,4,100.0,-9999.0,-9999.0,0
S2,Pastos limpios,00000000000000000000,2023-12-27,2024-01-01,20,2,100.0,-9999.0,-9999.0,0
S2,Palma,00000000000000000001,2023-12-27,2024-01-01,20,2,100.0,-9999.0,-9999.0,0
S2,Bananera,00000000000000000002,2023-12-27,2024-01-01,20,2,100.0,-9999.0,-9999.0,0
S2,Manglar,00000000000000000003,2023-12-27,2024-01-01,20,2,100.0,-9999.0,-9999.0,0
S2,Bosque seco,00000000000000000004,2023-12-27,2024-01-01,20,2,100.0,-9999.0,-9999.0,0
