source,station,station_id,period_start,period_end,source_scale_m,NDVI_p02,NDVI_p05,NDVI_p10,NDVI_p90,NDVI_p95,NDVI_p98,nonwater_pixel_count,coverage_pct,products
HLS,Pastos limpios,00000000000000000000,2021-01-01,2021-01-09,30,0.4683328853321813,0.5102672305777379,0.5639511308100837,0.7901670224066719,0.8273659494305265,0.8647580721722754,288,100.0,6
HLS,Palma,00000000000000000001,2021-01-01,2021-01-09,30,0.6853281890767443,0.7252772057816372,0.7758339639481545,0.895441536308265,0.8974256169833439,0.9007773575000257,286,100.0,6
HLS,Bananera,00000000000000000002,2021-01-01,2021-01-09,30,0.5926936694186,0.7516512583341931,0.8028865435403446,0.9083024052947442,0.9083024052947442,0.911694012455478,287,100.0,6
HLS,Manglar,00000000000000000003,2021-01-01,2021-01-09,30,0.6332378247963747,0.6612344186359783,0.686694104622767,0.8541063991417088,0.8637739305989981,0.8738881592481551,272,100.0,6
HLS,Bosque seco,00000000000000000004,2021-01-01,2021-01-09,30,0.5848061136192156,0.6165460569865335,0.667104718235703,0.8696988192020181,0.8762065635124591,0.8836446691569295,271,100.0,6
HLS,Pastos limpios,00000000000000000000,2021-01-09,2021-01-17,30,0.49947589187559677,0.5140985527411558,0.542639283522149,0.7371571377815254,0.7586992280373935,0.7758620773501097,267,95.23043958909558,8
HLS,Palma,00000000000000000001,2021-01-09,2021-01-17,30,0.6948499688690913,0.7088262005523023,0.748738640566378,0.8817350182783835,0.8934246863375939,0.9017682496528712,286,100.0,8
HLS,Bananera,00000000000000000002,2021-01-09,2021-01-17,30,0.5283557749273489,0.6925439791237202,0.7597259630205652,0.8963361224676181,0.9002321038939953,0.9092517748313366,287,100.0,8
HLS,Bosque seco,00000000000000000004,2021-01-09,2021-01-17,30,0.5282499701371121,0.5574806091712624,0.6122391965127884,0.8662417247077439,0.8800999064393987,0.8895008109336331,271,100.0,8
HLS,Pastos limpios,00000000000000000000,2021-01-17,2021-01-25,30,0.43806170142028483,0.48987641871548154,0.5503560617663739,0.7846293441187677,0.8213270065073672,0.8549905824168751,288,100.0,6
HLS,Palma,00000000000000000001,2021-01-17,2021-01-25,30,0.6422613492010211,0.6878981016114263,0.7478728435297817,0.8875907991602587,0.8891803933627839,0.8914836949979206,286,100.0,6
HLS,Bananera,00000000000000000002,2021-01-17,2021-01-25,30,0.5621723605646662,0.7373534594783905,0.7637985657558432,0.9001653346769766,0.9045617837908173,0.9077988543432534,287,100.0,6
HLS,Manglar,00000000000000000003,2021-01-17,2021-01-25,30,0.6342669010878677,0.6516452066100452,0.6987696221599542,0.8560526129560229,0.8642344126944677,0.8719042898683197,272,100.0,6
HLS,Bosque seco,00000000000000000004,2021-01-17,2021-01-25,30,0.44132772067852466,0.48579613208319855,0.5344180113826503,0.8458267138404445,0.8567937992932398,0.8611589509233858,271,100.0,6
HLS,Pastos limpios,00000000000000000000,2021-01-25,2021-02-02,30,0.45922971917761496,0.5332348445569886,0.5750829241842607,0.774033754729366,0.8023869030082665,0.8315139922180328,288,100.0,8
HLS,Palma,00000000000000000001,2021-01-25,2021-02-02,30,0.6407960274246598,0.6769525461245088,0.7346041112984549,0.8780243036113713,0.8815324994052387,0.8838187893566024,286,100.0,8
HLS,Bananera,00000000000000000002,2021-01-25,2021-02-02,30,0.5790481514243662,0.6542384695534398,0.696692062659597,0.8851117985366793,0.8883302160302713,0.89154079759669,287,100.0,8
HLS,Manglar,00000000000000000003,2021-01-25,2021-02-02,30,0.6149171388613425,0.6318311253925248,0.6761731819110618,0.8392573023467239,0.8470192026662318,0.8555611481260409,272,100.0,8
HLS,Bosque seco,00000000000000000004,2021-01-25,2021-02-02,30,0.4115366188262118,0.46658852437212206,0.4967445216254862,0.82907408720858,0.8370544721450122,0.8433749102105639,271,100.0,8
HLS,Pastos limpios,00000000000000000000,2021-02-02,2021-02-10,30,0.45244840613149023,0.5265306139972455,0.5738112307886138,0.7861986960370468,0.8037551384536957,0.8321917858152028,288,100.0,6
HLS,Palma,00000000000000000001,2021-02-02,2021-02-10,30,0.6111599223443913,0.6678966997640146,0.7310731564199207,0.8755974651951763,0.8797995924862129,0.8845271348431382,286,100.0,6
HLS,Bananera,00000000000000000002,2021-02-02,2021-02-10,30,0.565421545027787,0.7275541767099921,0.7636545838750283,0.8923611222676598,0.89997835933686,0.89997835933686,287,100.0,6
HLS,Manglar,00000000000000000003,2021-02-02,2021-02-10,30,0.6197703530725611,0.6383747535110239,0.6754098256135361,0.844758898205951,0.8522180600730856,0.8600785512778121,272,100.0,6
HLS,Bosque seco,00000000000000000004,2021-02-02,2021-02-10,30,0.37260599722328336,0.41864449165839424,0.4589283262740092,0.8144810442231654,0.8265993388510745,0.8328482416327078,271,100.0,6
HLS,Pastos limpios,00000000000000000000,2021-02-10,2021-02-18,30,0.48055271641444347,0.530117784756678,0.563513159773691,0.7999571571660512,0.8096426939517445,0.8186554797898693,288,100.0,8
HLS,Palma,00000000000000000001,2021-02-10,2021-02-18,30,0.6168219971453593,0.6753677981689641,0.725043980819026,0.8699912689589058,0.8767752222888126,0.8833955003588958,286,100.0,8
HLS,Bananera,00000000000000000002,2021-02-10,2021-02-18,30,0.5171839083411911,0.7567633427794216,0.7793307974368484,0.88118363780397,0.8844370285617138,0.8889229594224788,287,100.0,8
HLS,Manglar,00000000000000000003,2021-02-10,2021-02-18,30,0.5874564411989853,0.6108843431495289,0.6396883619593725,0.8147778398566505,0.8290280446397574,0.8455531450978305,272,100.0,8
HLS,Bosque seco,00000000000000000004,2021-02-10,2021-02-18,30,0.3996818850940681,0.44335844743999764,0.4711831642443547,0.7833262847503601,0.8030174325305822,0.8167359082893335,271,100.0,8
HLS,Pastos limpios,00000000000000000000,2021-02-18,2021-02-26,30,0.5059858397829186,0.5351462315028058,0.5549316050187083,0.7943141403913948,0.8095602232786598,0.8224693248849999,288,100.0,6
HLS,Palma,00000000000000000001,2021-02-18,2021-02-26,30,0.6080863773054866,0.6387683449380863,0.7121683051086706,0.8621289512057495,0.8659434080757119,0.874151559959475,286,100.0,6
HLS,Bananera,00000000000000000002,2021-02-18,2021-02-26,30,0.5118781694372766,0.7402622928381626,0.7719819742810511,0.8811429911142215,0.8841741725529578,0.8930217749240831,287,100.0,6
HLS,Manglar,00000000000000000003,2021-02-18,2021-02-26,30,0.5633218691679414,0.6014525167518465,0.6140942364538757,0.823081859542231,0.8395355006584492,0.8520911264293466,272,100.0,6
HLS,Bosque seco,00000000000000000004,2021-02-18,2021-02-26,30,0.37782470620638536,0.4004013766638657,0.43466673043561377,0.7712916406912144,0.8028624524129222,0.8241342046319712,271,100.0,6
HLS,Pastos limpios,00000000000000000000,2021-02-26,2021-03-06,30,0.5017912445479036,0.5267817775293958,0.5495802187399487,0.7982807440835661,0.8119113741377537,0.8280876108186435,288,100.0,8
HLS,Palma,00000000000000000001,2021-02-26,2021-03-06,30,0.6064396134966352,0.6458684663985905,0.7034154776231327,0.8547109450148948,0.8607965108092124,0.8664901783335855,286,100.0,8
HLS,Bananera,00000000000000000002,2021-02-26,2021-03-06,30,0.5323709086327737,0.7348411926529174,0.7750942588272183,0.8845492462079284,0.8845492462079284,0.8921257628913075,287,100.0,8
HLS,Manglar,00000000000000000003,2021-02-26,2021-03-06,30,0.5138923678469786,0.5502657757859687,0.5675031308138997,0.804502008230987,0.8255195744648978,0.8390469475408839,272,100.0,8
HLS,Bosque seco,00000000000000000004,2021-02-26,2021-03-06,30,0.3540953663489492,0.3858681408078739,0.43087536895948686,0.7572069210879967,0.79017585347414,0.8097935231141546,271,100.0,8
HLS,Pastos limpios,00000000000000000000,2021-03-14,2021-03-22,30,0.520423914743235,0.5319776374768485,0.5525540295628864,0.8134040113651052,0.8361871150526488,0.8741306226077451,288,100.0,8
HLS,Palma,00000000000000000001,2021-03-14,2021-03-22,30,0.5146831838645121,0.6009389448915553,0.6544547939447662,0.8582590669271698,0.8667787416706302,0.8798241328062578,286,100.0,8
HLS,Bananera,00000000000000000002,2021-03-14,2021-03-22,30,0.587628869634105,0.7107243598245949,0.7754311011780661,0.8924710910721351,0.8962859339029594,0.9036493698378,287,100.0,8
HLS,Manglar,00000000000000000003,2021-03-14,2021-03-22,30,0.4751174555754831,0.4874968869060682,0.5074991783483085,0.7548786276122668,0.7897611254503688,0.8178303845861435,272,100.0,8
HLS,Bosque seco,00000000000000000004,2021-03-14,2021-03-22,30,0.4476570338012714,0.4702140336360477,0.48724531257776205,0.7393850701981328,0.7823379005382799,0.7992537242686345,271,100.0,8
HLS,Pastos limpios,00000000000000000000,2021-03-22,2021-03-30,30,0.46035766503896003,0.5038922817534011,0.5243314168487349,0.8323090502133644,0.8544130292735413,0.8659278851691324,288,100.0,8
HLS,Palma,00000000000000000001,2021-03-22,2021-03-30,30,0.6192251961071696,0.6356557433340612,0.715123564620023,0.8587543714463584,0.86250862995009,0.8696476154099763,286,100.0,8
HLS,Bananera,00000000000000000002,2021-03-22,2021-03-30,30,0.5708718029099966,0.7635499682083456,0.8095497514295382,0.8887206105693608,0.8926594009661067,0.8959321878098603,287,100.0,8
HLS,Manglar,00000000000000000003,2021-03-22,2021-03-30,30,0.45177021493937247,0.4594068175146434,0.47978860950871727,0.7498281843251395,0.8242224284044914,0.8410659119865038,272,100.0,8
HLS,Bosque seco,00000000000000000004,2021-03-22,2021-03-30,30,0.45836788630302555,0.4853358638991132,0.5311589946766968,0.7962588500008414,0.8075646167862951,0.8204592862911613,271,100.0,8
HLS,Bananera,00000000000000000002,2021-04-07,2021-04-15,30,0.5609474217554518,0.7449941174978976,0.7912606577479246,0.8881674119655705,0.8917877199725573,0.8962767320166043,287,100.0,6
HLS,Manglar,00000000000000000003,2021-04-07,2021-04-15,30,0.4501433435718886,0.464188684287319,0.47895662775671505,0.7592668635334682,0.8213660220047054,0.843027170826913,272,100.0,6
HLS,Bosque seco,00000000000000000004,2021-04-07,2021-04-15,30,0.6135447194533945,0.652745395929876,0.6749116629868183,0.8618979325913364,0.8684318764503973,0.8702552472978711,271,100.0,6
HLS,Manglar,00000000000000000003,2021-04-15,2021-04-23,30,0.4480823118406036,0.46009592594600646,0.4713232739593758,0.6745896833468354,0.7233245165726013,0.7478793605305797,224,83.41327053096472,5
HLS,Pastos limpios,00000000000000000000,2021-04-23,2021-05-01,30,0.5110655702852279,0.533780244362869,0.5710549288385091,0.8110067376964597,0.8226536192798493,0.8314654830247037,288,100.0,3
HLS,Palma,00000000000000000001,2021-04-23,2021-05-01,30,0.6324027684575381,0.6787164881002283,0.7280067877860444,0.8564169900145241,0.8618996260392063,0.8655953977029422,286,100.0,3
HLS,Bananera,00000000000000000002,2021-04-23,2021-05-01,30,0.5578596608348482,0.7262341021494965,0.7693419055232881,0.8648434731849022,0.8698771932701084,0.8798836298922783,287,100.0,3
HLS,Manglar,00000000000000000003,2021-04-23,2021-05-01,30,0.5046729094606334,0.5268746461305163,0.5678938757843186,0.7833379099674646,0.8256407911232623,0.8330065024020563,272,100.0,3
HLS,Bosque seco,00000000000000000004,2021-04-23,2021-05-01,30,0.6740979030956349,0.7153804899588305,0.7357268372679004,0.8680282912797169,0.8716342110375542,0.8758053112080479,271,100.0,3
HLS,Pastos limpios,00000000000000000000,2021-05-01,2021-05-09,30,0.5574879055484612,0.5925808402077414,0.6196894066257688,0.8524728367639766,0.8624004760587985,0.8704886667201261,288,100.0,10
HLS,Palma,00000000000000000001,2021-05-01,2021-05-09,30,0.6915204712601203,0.7199452026470164,0.780069422635554,0.8859977799115735,0.8894194444101646,0.8976011539312151,278,97.50688463908982,10
HLS,Manglar,00000000000000000003,2021-05-01,2021-05-09,30,0.5504385855328761,0.6042016766999587,0.6594452201421572,0.8509190613130809,0.8728070251910318,0.8797408165601186,272,100.0,10
HLS,Bosque seco,00000000000000000004,2021-05-01,2021-05-09,30,0.5971880435388356,0.6784090967298569,0.7448247995415693,0.9056344708781202,0.909355635113811,0.9132260065018492,270,99.58957015697123,10
HLS,Manglar,00000000000000000003,2021-05-09,2021-05-17,30,0.5633270123897239,0.6251171659639841,0.6560614212290948,0.844563561182496,0.860271432985127,0.8736999530070478,272,100.0,6
HLS,Bosque seco,00000000000000000004,2021-05-09,2021-05-17,30,0.6802236992283611,0.7775712583202619,0.7941106797821731,0.895235027951618,0.8973998358013706,0.8993529742901215,271,100.0,6
HLS,Manglar,00000000000000000003,2021-05-17,2021-05-25,30,0.5750967271667948,0.6310741790778892,0.6784389451625099,0.8528101862351736,0.8760849727288609,0.8859807117319296,272,100.0,6
HLS,Manglar,00000000000000000003,2021-06-02,2021-06-10,30,0.6224758869499476,0.6644040104273742,0.7023809522256699,0.8501924888720861,0.8644442328574361,0.8705159113577299,272,100.0,4
HLS,Bosque seco,00000000000000000004,2021-06-02,2021-06-10,30,0.6657271718643827,0.7180754202984856,0.7561643707548658,0.9191376641746477,0.9230862568066517,0.9270051914548181,271,100.0,4
HLS,Pastos limpios,00000000000000000000,2021-06-10,2021-06-18,30,0.6304520186435866,0.6620553254560991,0.699537763622398,0.8567108041611375,0.8644143964662586,0.8759689906144732,226,81.67449454660665,7
HLS,Bananera,00000000000000000002,2021-06-10,2021-06-18,30,0.5916752795582367,0.7587391383682923,0.8462987005400843,0.9040576503918397,0.9074528566209805,0.9113920612725099,250,89.5460330648006,7
HLS,Manglar,00000000000000000003,2021-06-10,2021-06-18,30,0.6555731602143249,0.6929958536434563,0.7378132629612199,0.8542256535892647,0.8680751082008614,0.8740123918899543,272,100.0,7
HLS,Bosque seco,00000000000000000004,2021-06-10,2021-06-18,30,0.7178887732293873,0.7760427563051915,0.7960266375371448,0.8995838298112773,0.9010820541839519,0.9032036684829439,271,100.0,7
HLS,Manglar,00000000000000000003,2021-06-18,2021-06-26,30,0.7351396297899874,0.7742386541017607,0.7962934286757529,0.8795833993219613,0.8851758692547336,0.8903628515295374,272,100.0,7
HLS,Bosque seco,00000000000000000004,2021-06-18,2021-06-26,30,0.7495711762683249,0.7802703739088562,0.8092734242688177,0.9054132125319723,0.9108798909260105,0.9169651332944415,271,100.0,7
HLS,Palma,00000000000000000001,2021-06-26,2021-07-04,30,0.7528507114286846,0.7845671741568568,0.8208105177324388,0.900056108545852,0.9059191521840011,0.9095681080211144,286,100.0,5
HLS,Bananera,00000000000000000002,2021-06-26,2021-07-04,30,0.6723880468701844,0.833470588327535,0.865671876444203,0.9042903002678556,0.9109285594673378,0.9201586650481763,287,100.0,5
HLS,Manglar,00000000000000000003,2021-06-26,2021-07-04,30,0.7591900456156304,0.7994157847894686,0.8226681261696394,0.8881658957504162,0.8900979590044035,0.8963202177505067,272,100.0,5
HLS,Bosque seco,00000000000000000004,2021-06-26,2021-07-04,30,0.7546226854783836,0.7886572870607843,0.812465512040342,0.8898982342786977,0.8934141889692427,0.8957132975276464,271,100.0,5
HLS,Pastos limpios,00000000000000000000,2021-07-04,2021-07-12,30,0.6102236249344355,0.6412060101701552,0.6883741404712551,0.8662135893294276,0.8752574856121145,0.8842868534198214,259,93.04430092418374,6
HLS,Palma,00000000000000000001,2021-07-04,2021-07-12,30,0.7324940888495498,0.7521717813479667,0.7876222970929939,0.8992426449012962,0.9052977467843915,0.9194929822182647,280,97.84627048647457,6
HLS,Manglar,00000000000000000003,2021-07-04,2021-07-12,30,0.768786129894136,0.7967943559050161,0.8174257583911766,0.8787741015509687,0.8829701405805493,0.8872279432744249,272,100.0,6
HLS,Bosque seco,00000000000000000004,2021-07-04,2021-07-12,30,0.7172633693826855,0.7887179469936855,0.8097032122540959,0.9086539640608353,0.911566906032512,0.920594473106953,271,100.0,6
HLS,Pastos limpios,00000000000000000000,2021-07-12,2021-07-20,30,0.572315050805847,0.5959805898172479,0.6565164410626049,0.8715383132270844,0.8839545407214721,0.8943602822100719,286,99.8761368353354,3
HLS,Palma,00000000000000000001,2021-07-12,2021-07-20,30,0.6868008972274915,0.7492317132551324,0.7989779175162074,0.8955319551465776,0.8992509358286581,0.9016645364748416,286,100.0,3
HLS,Bananera,00000000000000000002,2021-07-12,2021-07-20,30,0.5990201566640806,0.8038748863035636,0.8609500009125833,0.899848753360551,0.9045073203789541,0.9072780042942793,287,100.0,3
HLS,Manglar,00000000000000000003,2021-07-12,2021-07-20,30,0.7685333360671996,0.798461541033238,0.8167910467502972,0.8715847037012328,0.8754292455303027,0.877321386009777,223,83.0712090673294,3
HLS,Bosque seco,00000000000000000004,2021-07-12,2021-07-20,30,0.7526801262118303,0.7860858443453802,0.8076819771099866,0.9053986922043314,0.907199234401942,0.9135628588126716,271,100.0,3
HLS,Pastos limpios,00000000000000000000,2021-07-20,2021-07-28,30,0.45650007602794884,0.5122513827924715,0.5812163958951361,0.8327863013549368,0.848986983510718,0.8678802721673263,288,100.0,8
HLS,Palma,00000000000000000001,2021-07-20,2021-07-28,30,0.6807414965241008,0.7437604022222565,0.782374888461875,0.8837604488729629,0.8873451066080862,0.8937457933123674,286,100.0,8
HLS,Bananera,00000000000000000002,2021-07-20,2021-07-28,30,0.6186628870107053,0.7860939827799065,0.8379860439391841,0.8927575606748612,0.9038327251144356,0.9065614411956044,287,100.0,8
HLS,Manglar,00000000000000000003,2021-07-20,2021-07-28,30,0.7594848787454098,0.7865533612313909,0.7983858515599267,0.8627293902819125,0.8676902332466259,0.8751802205142488,272,100.0,8
HLS,Bosque seco,00000000000000000004,2021-07-20,2021-07-28,30,0.5825716162661295,0.6607820514881433,0.7527123977857713,0.8950413066352906,0.8987574811387682,0.9051451532441187,271,100.0,8
HLS,Pastos limpios,00000000000000000000,2021-07-28,2021-08-05,30,0.565554689211233,0.6304347935631304,0.7058090195678515,0.8484102197885327,0.8667479942943418,0.8775781777764308,288,100.0,5
HLS,Palma,00000000000000000001,2021-07-28,2021-08-05,30,0.6821345780854483,0.7439473087082525,0.7920380571996989,0.8933304738118399,0.8970660428125844,0.9013941702178286,286,100.0,5
HLS,Bananera,00000000000000000002,2021-07-28,2021-08-05,30,0.6050295829252196,0.7977965032343672,0.8410942123377335,0.888384608387189,0.8969614305177362,0.8996522501471313,282,99.2454670156796,5
HLS,Manglar,00000000000000000003,2021-07-28,2021-08-05,30,0.7640353413578215,0.7855955629045939,0.8029433732565068,0.8716308312309752,0.8773215688040062,0.8829742284033609,272,100.0,5
HLS,Bosque seco,00000000000000000004,2021-07-28,2021-08-05,30,0.5229415359837513,0.590815445726306,0.7260932247898431,0.9031471308013633,0.9069585278353279,0.911482273968128,271,100.0,5
HLS,Pastos limpios,00000000000000000000,2021-08-05,2021-08-13,30,0.5819628761493187,0.6359360228505039,0.6981276224630073,0.8630354161118319,0.8752867400161748,0.8869412728620211,282,97.5388034878398,8
HLS,Manglar,00000000000000000003,2021-08-05,2021-08-13,30,0.7802374044466183,0.794507544458921,0.8035910188428866,0.8682876378360146,0.8756035002285485,0.8826130661981033,272,100.0,8
HLS,Bosque seco,00000000000000000004,2021-08-05,2021-08-13,30,0.5416798695045593,0.601809967361738,0.7545515862518654,0.9031486436793343,0.9077344936228688,0.9109101769777046,271,100.0,8
HLS,Manglar,00000000000000000003,2021-08-13,2021-08-21,30,0.7966483573109726,0.8095470030492038,0.8246986847774592,0.8840555662674094,0.8885449144407507,0.892102858984887,272,100.0,4
HLS,Bosque seco,00000000000000000004,2021-08-13,2021-08-21,30,0.6014042745045837,0.6459675428070493,0.7671882423339634,0.9150817589315539,0.9167409362049902,0.9189884000027093,241,90.93194618096344,4
HLS,Manglar,00000000000000000003,2021-08-21,2021-08-29,30,0.7589397393643872,0.7712712686023534,0.7766223026408147,0.8323475471683635,0.8343822300613419,0.8382120837053944,214,81.08225120075342,6
HLS,Manglar,00000000000000000003,2021-09-06,2021-09-14,30,0.7757054086839756,0.7877697432011632,0.7965772144789155,0.8645169664518249,0.8697708180160558,0.8745164202496616,272,100.0,8
HLS,Manglar,00000000000000000003,2021-09-14,2021-09-22,30,0.7850558200505482,0.7975888326990221,0.8106397993640867,0.8747457495059522,0.8781438689430338,0.8822440237957276,272,100.0,6
HLS,Pastos limpios,00000000000000000000,2021-09-22,2021-09-30,30,0.6338028066196929,0.6865671590722068,0.7181173632996072,0.8663474672698268,0.8742023695398566,0.8820309878044307,284,98.35920160362498,5
HLS,Palma,00000000000000000001,2021-09-22,2021-09-30,30,0.712871296915771,0.7284575067557029,0.7782978741044154,0.8899650279672157,0.8920804220318161,0.8950482725687835,242,86.42298557808078,5
HLS,Manglar,00000000000000000003,2021-09-22,2021-09-30,30,0.7708533015934786,0.7830532223480104,0.7938039471807177,0.8607495912235489,0.8637112860631424,0.8674392625888526,272,100.0,5
HLS,Bosque seco,00000000000000000004,2021-09-22,2021-09-30,30,0.6733556118437574,0.7041850910126564,0.7847174516807556,0.8958899612253236,0.8993692483436465,0.9030922825749436,271,100.0,5
HLS,Bosque seco,00000000000000000004,2021-09-30,2021-10-08,30,0.657794658709862,0.717641177777457,0.7761061343368757,0.8858465955763964,0.8895403401418094,0.8932164644291393,270,99.9372280066452,6
HLS,Pastos limpios,00000000000000000000,2021-10-24,2021-11-01,30,0.5695501724751442,0.6500269012500737,0.693216702592465,0.8496444553280608,0.8612546502309938,0.8764035371029386,288,100.0,6
HLS,Palma,00000000000000000001,2021-10-24,2021-11-01,30,0.7534392774414973,0.7860991272463641,0.8001722730131707,0.9027046884273372,0.9087982867346038,0.9198435975299268,286,100.0,6
HLS,Bananera,00000000000000000002,2021-10-24,2021-11-01,30,0.6377213596986919,0.7803940458511096,0.8476544344576308,0.904070277852888,0.907715987823658,0.9118644421510272,287,100.0,6
HLS,Manglar,00000000000000000003,2021-10-24,2021-11-01,30,0.7540077297818926,0.7767721132211797,0.7911786649387805,0.8686293618518954,0.8744019166935155,0.8782608695652174,272,100.0,6
HLS,Bosque seco,00000000000000000004,2021-10-24,2021-11-01,30,0.6641975312616527,0.7336774174792463,0.7884921540957269,0.9112703859537784,0.913149197373001,0.916774513860274,271,100.0,6
HLS,Pastos limpios,00000000000000000000,2021-11-09,2021-11-17,30,0.692720463508297,0.7199183407708784,0.7370380984679679,0.8466802142526547,0.858556430411248,0.8718002777728311,280,98.24982849760237,8
HLS,Manglar,00000000000000000003,2021-11-09,2021-11-17,30,0.6985650961649682,0.7227221705007054,0.739483026752135,0.8460203029088867,0.8541518126865958,0.8565465826451006,272,100.0,8
HLS,Pastos limpios,00000000000000000000,2021-11-17,2021-11-25,30,0.659818109219564,0.6956819800099238,0.7195864765804659,0.8447011726128364,0.8568720885226356,0.8702616187446856,288,100.0,9
HLS,Palma,00000000000000000001,2021-11-17,2021-11-25,30,0.6787271069833033,0.7397260345043692,0.8008948530573007,0.8995176022053163,0.9014691224349058,0.9033720559986009,286,100.0,9
HLS,Bananera,00000000000000000002,2021-11-17,2021-11-25,30,0.5609951936728664,0.7957299187933247,0.8389384563964949,0.8925003842169377,0.8925003842169377,0.905368243802852,287,100.0,9
HLS,Manglar,00000000000000000003,2021-11-17,2021-11-25,30,0.7353108937042795,0.7507877372615716,0.7662753465228157,0.8648626274188403,0.874681613880018,0.8800097101859844,272,100.0,9
HLS,Pastos limpios,00000000000000000000,2021-11-25,2021-12-03,30,0.6727941262489695,0.704684328690175,0.7346205126228891,0.8623431830037287,0.8754027194251692,0.8872707686914353,288,100.0,8
HLS,Palma,00000000000000000001,2021-11-25,2021-12-03,30,0.6777482325058615,0.7462023913194451,0.7959078858944364,0.9095694073183458,0.9128766149920723,0.9189330493948771,286,100.0,8
HLS,Bananera,00000000000000000002,2021-11-25,2021-12-03,30,0.582716644666792,0.8131607826981897,0.8620286506219731,0.911962973686849,0.911962973686849,0.9145506256209357,287,100.0,8
HLS,Manglar,00000000000000000003,2021-11-25,2021-12-03,30,0.6097560792207081,0.6827656403766471,0.7276604586732252,0.8643175800320815,0.8761396358158544,0.8818177453314131,272,100.0,8
HLS,Bosque seco,00000000000000000004,2021-11-25,2021-12-03,30,0.4343434279676829,0.5947592952858688,0.7104250627913664,0.8913854249018615,0.9000364995239711,0.9012391957777396,271,100.0,8
HLS,Pastos limpios,00000000000000000000,2021-12-03,2021-12-11,30,0.6778413768925,0.7000562734758012,0.7200756351787885,0.8431977908703593,0.8583492237442997,0.8716315520334212,288,100.0,7
HLS,Palma,00000000000000000001,2021-12-03,2021-12-11,30,0.6842462918533917,0.7229411728226396,0.7938511741316773,0.8993333440071698,0.901224196879596,0.9048934838863207,286,100.0,7
HLS,Bananera,00000000000000000002,2021-12-03,2021-12-11,30,0.5639498967954626,0.7968061707219338,0.8343506682731754,0.9124115193745173,0.9124115193745173,0.9314201568561259,287,100.0,7
HLS,Manglar,00000000000000000003,2021-12-03,2021-12-11,30,0.6894228051920002,0.7209001116010384,0.7385384467491649,0.8688321774953032,0.8775328079093746,0.8813996708254744,272,100.0,7
HLS,Bosque seco,00000000000000000004,2021-12-03,2021-12-11,30,0.43808658801864064,0.6035186777019526,0.6977833278103355,0.8843287654224623,0.89253864449854,0.8962081253181302,271,100.0,7
HLS,Pastos limpios,00000000000000000000,2021-12-11,2021-12-19,30,0.6627891783493958,0.6908058807214049,0.7105772939670623,0.8323196992397136,0.8520935846440371,0.8661439381722419,288,100.0,8
HLS,Palma,00000000000000000001,2021-12-11,2021-12-19,30,0.7141374702307746,0.7460390305550877,0.7942054547870995,0.9013626691949955,0.90717511450828,0.9156962531610091,286,100.0,8
HLS,Bananera,00000000000000000002,2021-12-11,2021-12-19,30,0.5796864081534354,0.7962074501432611,0.8457456612706528,0.9083489263542138,0.9120845873136937,0.9164539330914755,287,100.0,8
HLS,Manglar,00000000000000000003,2021-12-11,2021-12-19,30,0.6852671974609512,0.711702436397983,0.7337821464442573,0.8703838756979853,0.877736982251585,0.8841803021454789,272,100.0,8
HLS,Bosque seco,00000000000000000004,2021-12-11,2021-12-19,30,0.380132477831711,0.568556861507126,0.6544472767990018,0.8773158329276004,0.8846174735511294,0.8883007192016819,271,100.0,8
HLS,Pastos limpios,00000000000000000000,2021-12-19,2021-12-27,30,0.6335678896929505,0.6737510486311604,0.6963432171203372,0.8313357682562421,0.8521046977669691,0.8620410298469318,288,100.0,8
HLS,Palma,00000000000000000001,2021-12-19,2021-12-27,30,0.6791179210265303,0.7180801488921814,0.7841117570834042,0.8953363903859631,0.8992346159134584,0.9034257516815278,286,100.0,8
HLS,Bananera,00000000000000000002,2021-12-19,2021-12-27,30,0.5413111204621971,0.793229650019241,0.8425139654359715,0.9079313491965271,0.9079313491965271,0.9114134962029115,287,100.0,8
HLS,Manglar,00000000000000000003,2021-12-19,2021-12-27,30,0.6603508747713718,0.6986704705103247,0.713880882602503,0.8540591292642572,0.8662825800711628,0.8721481564549781,272,100.0,8
HLS,Bosque seco,00000000000000000004,2021-12-19,2021-12-27,30,0.4032841612968432,0.5550076948771139,0.6234240366479061,0.8617195068172155,0.86956088540654,0.8754614860236657,271,100.0,8
HLS,Pastos limpios,00000000000000000000,2021-12-27,2022-01-01,30,0.6053493218243008,0.64551686801265,0.6764715013619438,0.8174164301146695,0.8287203884670216,0.8412796822567181,288,100.0,6
HLS,Palma,00000000000000000001,2021-12-27,2022-01-01,30,0.6937355023159704,0.7324540712325694,0.7663599193493678,0.8831396792692184,0.8872161095305845,0.8900733538724197,286,100.0,6
HLS,Bananera,00000000000000000002,2021-12-27,2022-01-01,30,0.5669322689827623,0.7730853057330673,0.8331310290984157,0.9004836021166678,0.9040261786550828,0.9040261786550828,287,100.0,6
HLS,Manglar,00000000000000000003,2021-12-27,2022-01-01,30,0.6483138305542104,0.6710547274142378,0.6885067300501004,0.8270151805698438,0.8387328446189051,0.8426813263117853,272,100.0,6
HLS,Bosque seco,00000000000000000004,2021-12-27,2022-01-01,30,0.4743628884315702,0.5827104297525008,0.6407477766900096,0.8426771921965152,0.8502966437625838,0.8558866655702508,271,100.0,6
HLS,Pastos limpios,00000000000000000000,2022-01-01,2022-01-09,30,0.6165746026010595,0.6426901314729984,0.675142154752235,0.830431490625574,0.8555507945754186,0.8683242011815655,288,100.0,8
HLS,Palma,00000000000000000001,2022-01-01,2022-01-09,30,0.6838046082685224,0.7203191061596975,0.7783056475763135,0.8936180127379234,0.8968908831395054,0.901659774976222,286,100.0,8
HLS,Bananera,00000000000000000002,2022-01-01,2022-01-09,30,0.5556592628470267,0.7991034583825145,0.8369920652098763,0.9040635584385905,0.9077262455722597,0.9107539685953369,287,100.0,8
HLS,Manglar,00000000000000000003,2022-01-01,2022-01-09,30,0.6606628209395993,0.6884712782142604,0.7078934744246836,0.8561546547068133,0.8674396159755767,0.8744326843266741,272,100.0,8
HLS,Bosque seco,00000000000000000004,2022-01-01,2022-01-09,30,0.39696314906136726,0.5403726732279516,0.5885810314226615,0.8573046927744201,0.8650791696685091,0.8678259274600489,271,100.0,8
HLS,Pastos limpios,00000000000000000000,2022-01-09,2022-01-17,30,0.618269957261917,0.6454650516948456,0.6629151672832825,0.8327374403607206,0.8471957228843883,0.8603471594584307,288,100.0,7
HLS,Manglar,00000000000000000003,2022-01-09,2022-01-17,30,0.6303465433044652,0.6651162720852679,0.6887637259762824,0.8442599552581168,0.8581972701112601,0.8722637098753891,250,93.53357122381736,7
HLS,Bosque seco,00000000000000000004,2022-01-09,2022-01-17,30,0.4109317634564186,0.4845300739775682,0.5319001650648543,0.8410529723696947,0.848447339805319,0.8583113737446716,271,100.0,7
HLS,Pastos limpios,00000000000000000000,2022-01-17,2022-01-25,30,0.6314736946957014,0.6476427206306018,0.6687440647946125,0.8035713268955956,0.8274410470447443,0.8415283463302691,288,100.0,8
HLS,Palma,00000000000000000001,2022-01-17,2022-01-25,30,0.6599303151808352,0.7164732035100165,0.7770008286224437,0.8876175741642202,0.889377522511611,0.8953693417007839,286,100.0,8
HLS,Bananera,00000000000000000002,2022-01-17,2022-01-25,30,0.57027601158241,0.804745036294658,0.832392149881982,0.9085279702463352,0.9115388338206537,0.9115388338206537,287,100.0,8
HLS,Manglar,00000000000000000003,2022-01-17,2022-01-25,30,0.6090449031498755,0.6374075731304523,0.6636411519528763,0.8369898554793367,0.8524843436218158,0.8650306800236808,272,100.0,8
HLS,Bosque seco,00000000000000000004,2022-01-17,2022-01-25,30,0.45501135884740024,0.4775236615296564,0.506934498275904,0.8193324391874096,0.8325943597809136,0.8424230390196452,271,100.0,8
HLS,Pastos limpios,00000000000000000000,2022-01-25,2022-02-02,30,0.6123756385676373,0.6356142482355004,0.6454691269832946,0.7820193222885652,0.803455711703399,0.8313563790470733,288,100.0,8
HLS,Palma,00000000000000000001,2022-01-25,2022-02-02,30,0.5533068373240051,0.6343465588607696,0.6858865086739142,0.883706841389558,0.889535335380054,0.8955150384194878,286,100.0,8
HLS,Bananera,00000000000000000002,2022-01-25,2022-02-02,30,0.5559217329629967,0.7535316131974463,0.8033908611859178,0.8968533951532399,0.900040674758147,0.900040674758147,287,100.0,8
HLS,Manglar,00000000000000000003,2022-01-25,2022-02-02,30,0.5779027460898069,0.6073619550323999,0.6319686211333853,0.8290949960435857,0.8382943564468791,0.8485268636018743,272,100.0,8
HLS,Bosque seco,00000000000000000004,2022-01-25,2022-02-02,30,0.4146215117457511,0.4383720288956329,0.47336921007139754,0.7898025749879756,0.8032926126503175,0.8301664854446579,271,100.0,8
HLS,Pastos limpios,00000000000000000000,2022-02-02,2022-02-10,30,0.6122931270524105,0.6201086947625671,0.6514362547345295,0.7837416598964972,0.8059694689689305,0.8271593350666961,288,100.0,8
HLS,Palma,00000000000000000001,2022-02-02,2022-02-10,30,0.6221096615557695,0.6851190489653473,0.7522847595332353,0.8837740485026524,0.8876228642291331,0.8942817308539512,286,100.0,8
HLS,Bananera,00000000000000000002,2022-02-02,2022-02-10,30,0.5498964839784829,0.7720975161717416,0.8102279267032115,0.8964128719267265,0.9002583747587833,0.9046935785288784,287,100.0,8
HLS,Manglar,00000000000000000003,2022-02-02,2022-02-10,30,0.5573487048035888,0.598940463968262,0.6281072772266243,0.8363642259577491,0.8522410709211918,0.8603548174612433,272,100.0,8
HLS,Bosque seco,00000000000000000004,2022-02-02,2022-02-10,30,0.3719718022141133,0.41645218879035223,0.4475714496250635,0.7866496451087023,0.8063685384300774,0.8219935965590359,271,100.0,8
HLS,Pastos limpios,00000000000000000000,2022-02-10,2022-02-18,30,0.5928777612862671,0.6216879304636376,0.6417160968995791,0.7765852574624883,0.7917290474281355,0.8152425071193479,288,100.0,10
HLS,Palma,00000000000000000001,2022-02-10,2022-02-18,30,0.6118077190717994,0.6781209214634275,0.7386348894997157,0.8739626316745278,0.8781684393934548,0.8893876054567531,286,100.0,10
HLS,Bananera,00000000000000000002,2022-02-10,2022-02-18,30,0.5425580247449482,0.7171301244604233,0.7856819272440356,0.8963277877427948,0.9005906741818371,0.903829069275413,287,100.0,10
HLS,Manglar,00000000000000000003,2022-02-10,2022-02-18,30,0.5330121835464117,0.5735501558886413,0.6039468716295181,0.8158705962014017,0.8309736420501609,0.8454258702728116,272,100.0,10
HLS,Bosque seco,00000000000000000004,2022-02-10,2022-02-18,30,0.358097269023685,0.38040211388103606,0.43105194218840326,0.7565073202730156,0.777913737387958,0.8012700804733682,271,100.0,10
HLS,Pastos limpios,00000000000000000000,2022-02-18,2022-02-26,30,0.5855354700564125,0.616368004659894,0.6364691355904499,0.7764191108708967,0.7920904605037133,0.8100050620839184,288,100.0,8
HLS,Palma,00000000000000000001,2022-02-18,2022-02-26,30,0.6122625232002263,0.6611583604517155,0.7187948349304915,0.8700418272704825,0.8762770489951878,0.8817799792598602,286,100.0,8
HLS,Bananera,00000000000000000002,2022-02-18,2022-02-26,30,0.5370632004877685,0.6815761587775018,0.7686732359695857,0.8889216197830918,0.8966853032447458,0.9004917642256111,287,100.0,8
HLS,Manglar,00000000000000000003,2022-02-18,2022-02-26,30,0.5295100044168338,0.5674187014885237,0.5873477887227931,0.8232775084482667,0.8330526924151819,0.8485661542414448,272,100.0,8
HLS,Bosque seco,00000000000000000004,2022-02-18,2022-02-26,30,0.35276581643013194,0.37352155342419624,0.41530436704199825,0.7297682853460603,0.7601753317065377,0.7708461630423674,271,100.0,8
HLS,Pastos limpios,00000000000000000000,2022-02-26,2022-03-06,30,0.5690550375297866,0.6024438499812191,0.6199990828628614,0.7842532573825887,0.7963764220946385,0.8148061073924601,288,100.0,8
HLS,Palma,00000000000000000001,2022-02-26,2022-03-06,30,0.608690670880123,0.6780590703703386,0.7355580995972806,0.8697495713303459,0.875975405068719,0.8855932215466494,286,100.0,8
HLS,Bananera,00000000000000000002,2022-02-26,2022-03-06,30,0.5477706940248508,0.7204778387179005,0.766185671533011,0.8841149919212367,0.8927575057608613,0.900325125145588,287,100.0,8
HLS,Manglar,00000000000000000003,2022-02-26,2022-03-06,30,0.531097902661612,0.5559420451104347,0.5875405040437223,0.8234044228298665,0.8406165200780806,0.8505385891434433,272,100.0,8
HLS,Bosque seco,00000000000000000004,2022-02-26,2022-03-06,30,0.3646662118382667,0.4160436789599648,0.45574582952796683,0.7494972525775305,0.7925663643994637,0.8232170363028581,271,100.0,8
HLS,Pastos limpios,00000000000000000000,2022-03-06,2022-03-14,30,0.5556429829237161,0.5695334980541877,0.5842155928815477,0.7860769417304637,0.80443228673745,0.8239806160974564,288,100.0,8
HLS,Palma,00000000000000000001,2022-03-06,2022-03-14,30,0.5874494095776881,0.6551132488822463,0.7168100424197196,0.8662002161939395,0.8697039561451942,0.8778839452207144,286,100.0,8
HLS,Bananera,00000000000000000002,2022-03-06,2022-03-14,30,0.5410999177954059,0.728335601293327,0.7565981573546721,0.8806571645727304,0.8882314336625743,0.8882314336625743,287,100.0,8
HLS,Manglar,00000000000000000003,2022-03-06,2022-03-14,30,0.5031117329006569,0.5264622221641557,0.5461756189300983,0.8020148827716147,0.8327517706870181,0.8410258508384445,272,100.0,8
HLS,Bosque seco,00000000000000000004,2022-03-06,2022-03-14,30,0.44918443605545244,0.5175202238206663,0.5412515909796781,0.7532518379142497,0.7899869984217776,0.809603821198311,271,100.0,8
HLS,Pastos limpios,00000000000000000000,2022-03-14,2022-03-22,30,0.5902700370781533,0.6089020378260153,0.6207854031969489,0.791427947721016,0.809987826861607,0.8232244731367323,288,100.0,8
HLS,Manglar,00000000000000000003,2022-03-14,2022-03-22,30,0.49816850616600844,0.5177956495239231,0.5397491957745113,0.817658451259223,0.8383259244205061,0.8508075821159342,272,100.0,8
HLS,Pastos limpios,00000000000000000000,2022-03-22,2022-03-30,30,0.5574242148281124,0.5845054311674328,0.6043848741476671,0.7783238351177113,0.7892835597161185,0.8021485585024735,288,100.0,10
HLS,Palma,00000000000000000001,2022-03-22,2022-03-30,30,0.6208492702134668,0.6780062009216783,0.7316019375764137,0.8542632623927409,0.8583731978674801,0.8665260414828865,286,100.0,10
HLS,Bananera,00000000000000000002,2022-03-22,2022-03-30,30,0.5822422302623863,0.7294919722535929,0.762237658716601,0.8813445714345151,0.8841765414946103,0.8875853393835923,287,100.0,10
HLS,Manglar,00000000000000000003,2022-03-22,2022-03-30,30,0.4956483905176977,0.5191325288851886,0.5341674745536966,0.7745796583376776,0.7938053170573095,0.8104241220261981,272,100.0,10
HLS,Bosque seco,00000000000000000004,2022-03-22,2022-03-30,30,0.5148342212510679,0.5379116811941259,0.5917407221435004,0.8226548962466208,0.8355553131313371,0.8382200178934253,271,100.0,10
HLS,Palma,00000000000000000001,2022-03-30,2022-04-07,30,0.6485636252247633,0.6971979384318676,0.7431811486704869,0.8447110177452324,0.8503634651785777,0.8526084504039485,286,100.0,8
HLS,Bananera,00000000000000000002,2022-03-30,2022-04-07,30,0.5984158384055557,0.7451282037664291,0.7768377333209727,0.8681885089488859,0.8722016615507595,0.8763077456174574,287,100.0,8
HLS,Manglar,00000000000000000003,2022-03-30,2022-04-07,30,0.3976250261869547,0.42529261612406194,0.4402591646714315,0.77843360177017,0.7967965621529666,0.8048882406712725,272,100.0,8
HLS,Bosque seco,00000000000000000004,2022-03-30,2022-04-07,30,0.46075083501704234,0.5717858936549867,0.6558026247155289,0.8585703764264143,0.8643005019071609,0.8684288184025174,271,100.0,8
HLS,Pastos limpios,00000000000000000000,2022-04-07,2022-04-15,30,0.5478712030137826,0.5653891027109147,0.5908668639438657,0.8055751619302659,0.8214271108523639,0.8494318085607172,288,100.0,8
HLS,Palma,00000000000000000001,2022-04-07,2022-04-15,30,0.6524757242866668,0.7000476646671225,0.7299709927002351,0.873625075622878,0.879766444637038,0.8859793087426044,286,100.0,8
HLS,Bananera,00000000000000000002,2022-04-07,2022-04-15,30,0.5972302355254807,0.7477674735674534,0.7830008183110119,0.8690472844274707,0.8727707281428373,0.8764858866899332,287,100.0,8
HLS,Manglar,00000000000000000003,2022-04-07,2022-04-15,30,0.3743381569885993,0.3918807572940449,0.42790399248568695,0.8071095195043361,0.8212426149628317,0.8374925544074499,272,100.0,8
HLS,Bosque seco,00000000000000000004,2022-04-07,2022-04-15,30,0.3990435742770725,0.4935025535821978,0.6340464339382665,0.8767339513018456,0.884168675864614,0.8916564917902519,271,100.0,8
HLS,Pastos limpios,00000000000000000000,2022-04-15,2022-04-23,30,0.5734409339953053,0.6111634843873581,0.6403152604527758,0.8879310344395008,0.9207377354018013,0.9326108559186648,288,100.0,8
HLS,Pastos limpios,00000000000000000000,2022-05-01,2022-05-09,30,0.5574464958413172,0.5846806038161191,0.6393442756437882,0.860203057045169,0.8738711790199098,0.8935762275285595,288,100.0,4
HLS,Palma,00000000000000000001,2022-05-01,2022-05-09,30,0.7514273060825803,0.7902576535387802,0.8134761256016299,0.9020463244238821,0.9046595640457642,0.9089529577911394,286,100.0,4
HLS,Bananera,00000000000000000002,2022-05-01,2022-05-09,30,0.6164889228541909,0.7862908706381377,0.8505643251916969,0.9003333641147672,0.9042091297028009,0.9042091297028009,287,100.0,4
HLS,Manglar,00000000000000000003,2022-05-01,2022-05-09,30,0.4783281833744634,0.5188986255572177,0.5591976504552351,0.8603789825447863,0.881078868430054,0.8891857970881738,272,100.0,4
HLS,Bosque seco,00000000000000000004,2022-05-01,2022-05-09,30,0.5755375606540424,0.65326471609795,0.7651055082085598,0.9129757187334171,0.9148691651473405,0.9190002320549318,271,100.0,4
HLS,Pastos limpios,00000000000000000000,2022-05-17,2022-05-25,30,0.6411433383917667,0.656193574096412,0.6858885149494294,0.8196583710744255,0.82863953591339,0.8393026658411576,288,100.0,61
HLS,Palma,00000000000000000001,2022-05-17,2022-05-25,30,0.6960294266141661,0.7441909137944719,0.7783545215308734,0.8619915099967661,0.8637567047567538,0.8726861900325352,286,100.0,61
HLS,Bananera,00000000000000000002,2022-05-17,2022-05-25,30,0.6252704603425445,0.7631898803109423,0.8259579770316563,0.8679388410539498,0.871744004580253,0.8780403175607921,287,100.0,61
HLS,Manglar,00000000000000000003,2022-05-17,2022-05-25,30,0.5401880303312985,0.5890257704775252,0.6167086845348886,0.8180138508362231,0.8352817115126013,0.8521605292238399,272,100.0,61
HLS,Bosque seco,00000000000000000004,2022-05-17,2022-05-25,30,0.5179153097097611,0.5601059838357043,0.6840482890626177,0.8662195406455981,0.86830669064304,0.8721768076489363,271,100.0,61
HLS,Pastos limpios,00000000000000000000,2022-05-25,2022-06-02,30,0.6005899629290743,0.6277658370034296,0.6592857599564064,0.8527309812516257,0.8649198606234276,0.8786256130869231,288,100.0,46
HLS,Bananera,00000000000000000002,2022-05-25,2022-06-02,30,0.5922330200280816,0.6368114598403201,0.8412420751536784,0.9000895094531255,0.9039214637625131,0.9154446272612597,236,84.47178373738242,46
HLS,Manglar,00000000000000000003,2022-05-25,2022-06-02,30,0.5919085163916927,0.6164692374853883,0.6553610422791718,0.8629315249485934,0.8799468027405016,0.8841008240864197,272,100.0,46
HLS,Bosque seco,00000000000000000004,2022-05-25,2022-06-02,30,0.42965783037683364,0.48669202251839866,0.6772082803861542,0.9044439916775046,0.9084741514427697,0.9122089140353924,271,100.0,46
HLS,Palma,00000000000000000001,2022-06-02,2022-06-10,30,0.6893167180414068,0.7356687878725189,0.7683051141512391,0.8974968910913452,0.8993779916024339,0.9053454477604646,286,100.0,61
HLS,Bosque seco,00000000000000000004,2022-06-02,2022-06-10,30,0.44497837684756314,0.4945998589102842,0.7009997601817269,0.9040605462956798,0.9040605462956798,0.90762875983796,271,100.0,61
HLS,Pastos limpios,00000000000000000000,2022-06-18,2022-06-26,30,0.5946331658962665,0.6202223532659741,0.6381803640432264,0.823342851710697,0.8430111087658118,0.8526643523567952,288,100.0,51
HLS,Palma,00000000000000000001,2022-06-18,2022-06-26,30,0.7164303416849329,0.7378804821630355,0.7709364962718627,0.8763839399239131,0.8803172749554841,0.8862275662515237,286,100.0,51
HLS,Pastos limpios,00000000000000000000,2022-06-26,2022-07-04,30,-0.12248740991669288,-0.10722222500831062,-0.07436173648572572,0.8234124118678905,0.8415120043584482,0.8712458626920191,271,100.0,49
HLS,Bosque seco,00000000000000000004,2022-06-26,2022-07-04,30,0.629377773415913,0.6733727735782475,0.7891453591329792,0.897294430879569,0.9065017399252634,0.915362867244327,271,100.0,49
HLS,Palma,00000000000000000001,2022-07-04,2022-07-12,30,0.7193585383047812,0.7444116344288565,0.7775005151614088,0.8979694798139463,0.9019277429445266,0.9056122442312742,286,100.0,40
HLS,Manglar,00000000000000000003,2022-07-04,2022-07-12,30,0.741792698439348,0.7586885278419088,0.7709682485697724,0.8735444525270789,0.8813276803688606,0.8920191856927229,272,100.0,40
HLS,Bosque seco,00000000000000000004,2022-07-04,2022-07-12,30,0.5519839211150006,0.6280052710350076,0.704506075830477,0.9050447077225446,0.9088957452893447,0.9148215054467758,271,100.0,40
HLS,Manglar,00000000000000000003,2022-07-12,2022-07-20,30,0.7374440678523723,0.7494979668147801,0.7679164670754444,0.868726021443438,0.876389317690213,0.8862599487980549,272,100.0,66
HLS,Bosque seco,00000000000000000004,2022-07-12,2022-07-20,30,0.6087777190865342,0.6890265983179817,0.7682524833630607,0.8951390678813949,0.8992578709363933,0.9049988373876134,271,100.0,66
HLS,Manglar,00000000000000000003,2022-07-28,2022-08-05,30,0.7359033421330994,0.748537382160158,0.7690933371739713,0.8616892109592319,0.8668226680664911,0.8715569061087886,229,85.13804878723538,59
HLS,Pastos limpios,00000000000000000000,2022-08-13,2022-08-21,30,0.0017291358838166348,0.07010308953689226,0.13052926456271602,0.8687881514791691,0.8809085159492736,0.8928709079996385,286,100.0,55
HLS,Manglar,00000000000000000003,2022-08-13,2022-08-21,30,0.7316356468432931,0.7505059149024644,0.766407129484384,0.8558246853037558,0.8639325807978175,0.8737383730743712,272,100.0,55
HLS,Bosque seco,00000000000000000004,2022-08-13,2022-08-21,30,0.7548387089021248,0.790603652170109,0.8117839700294138,0.8912922592198304,0.8951019438306904,0.9049024289312476,271,100.0,55
HLS,Manglar,00000000000000000003,2022-08-29,2022-09-06,30,0.7232777694445995,0.7341635156920688,0.7448347002480551,0.8373155925877006,0.8490275371188624,0.8548571416812689,241,91.67262704983068,62
HLS,Manglar,00000000000000000003,2022-09-06,2022-09-14,30,0.7182227585176226,0.7365130247279199,0.7424847303462279,0.8367000647108958,0.8451817024864384,0.8501547770874753,230,85.60016975405156,67
HLS,Bosque seco,00000000000000000004,2022-09-06,2022-09-14,30,0.7599290060685945,0.7807310148865547,0.8064661002931789,0.8844787737387292,0.8883206256717785,0.8908049400374659,271,100.0,67
HLS,Manglar,00000000000000000003,2022-09-14,2022-09-22,30,0.7337001492124747,0.7463121051783284,0.7557416854133184,0.8556436053325827,0.868435962553211,0.8800401437792709,272,100.0,50
HLS,Palma,00000000000000000001,2022-09-30,2022-10-08,30,0.7189510194751573,0.7660359866482982,0.8143540560368497,0.8791675196487414,0.8824110072334493,0.8873143485510162,226,80.51187388785277,64
HLS,Pastos limpios,00000000000000000000,2022-10-08,2022-10-16,30,0.22136869195769393,0.29179191757314493,0.3501685685864298,0.8374708242898413,0.8731760506065709,0.8918771584331395,249,87.6119430126402,55
HLS,Manglar,00000000000000000003,2022-10-08,2022-10-16,30,0.6936018265868875,0.7194867629428972,0.7350788541234639,0.8624077235021398,0.8822942935037332,0.8922396512313477,272,100.0,55
HLS,Manglar,00000000000000000003,2022-10-16,2022-10-24,30,0.714472404756917,0.7267200058288573,0.7385321111205798,0.8496644325953172,0.8641777311147423,0.8752910397650664,272,100.0,27
HLS,Pastos limpios,00000000000000000000,2022-10-24,2022-11-01,30,0.021603465138864804,0.06372644254854058,0.10723538913232446,0.8158203853220094,0.8600656768955917,0.8822825504582615,288,100.0,7
HLS,Palma,00000000000000000001,2022-10-24,2022-11-01,30,0.6667258471175895,0.6936292113957794,0.7412208858984028,0.8779785038158504,0.8822034358829225,0.8837244769894126,286,100.0,7
HLS,Manglar,00000000000000000003,2022-11-09,2022-11-17,30,0.6852790950699551,0.7063507094388738,0.7301865031956738,0.8694927403485209,0.8823281348669473,0.8919143607873419,272,100.0,7
HLS,Palma,00000000000000000001,2022-11-17,2022-11-25,30,0.7214484340548135,0.7528142476140559,0.7960098607209862,0.88626902369319,0.8950982708901766,0.9016329867803328,286,100.0,24
HLS,Bosque seco,00000000000000000004,2022-11-17,2022-11-25,30,0.7635833701427481,0.7880771675429794,0.8060036305197169,0.8878777309289961,0.8934523106178647,0.9016709941379091,271,100.0,24
HLS,Bosque seco,00000000000000000004,2022-11-25,2022-12-03,30,0.7709729022677034,0.7959837964746374,0.8058711681861159,0.881987659931836,0.885656951697599,0.8995859220436371,223,83.80820224045476,15
HLS,Pastos limpios,00000000000000000000,2022-12-03,2022-12-11,30,0.11173709202649357,0.18954247141865124,0.28479263077862893,0.8448555357495442,0.87256315609754,0.8963585873621972,288,100.0,18
HLS,Palma,00000000000000000001,2022-12-03,2022-12-11,30,0.6406776106186146,0.6974558768687971,0.7309165008538352,0.8857343383809064,0.8894266259772412,0.8937226313512086,286,100.0,18
HLS,Bananera,00000000000000000002,2022-12-03,2022-12-11,30,0.6190678795769916,0.8184253584412455,0.8454666707012962,0.9000994395970514,0.9000994395970514,0.9035843200215494,287,100.0,18
HLS,Manglar,00000000000000000003,2022-12-03,2022-12-11,30,0.6810606002986357,0.7124053996582613,0.7351865224982738,0.869948456569686,0.8823493987803842,0.8876000551390666,272,100.0,18
HLS,Bosque seco,00000000000000000004,2022-12-03,2022-12-11,30,0.7155852057632657,0.7425925942693565,0.7802917566677152,0.8774227756274827,0.8815863523536293,0.8863542479362028,271,100.0,18
HLS,Pastos limpios,00000000000000000000,2022-12-11,2022-12-19,30,0.2231481676624862,0.3035467510045415,0.35693700106378584,0.8297272563744652,0.8573154184397561,0.8809421859905876,288,100.0,14
HLS,Palma,00000000000000000001,2022-12-11,2022-12-19,30,0.7035231620600133,0.7280966783692548,0.7626029321511913,0.8893637209248024,0.8942731226165521,0.9006928390272968,286,100.0,14
HLS,Bananera,00000000000000000002,2022-12-11,2022-12-19,30,0.6270670194161063,0.801388883128007,0.8348967408944656,0.8969227061719544,0.8998080870406121,0.8998080870406121,287,100.0,14
HLS,Bosque seco,00000000000000000004,2022-12-11,2022-12-19,30,0.6653512142034994,0.7030015678784003,0.7338337109365972,0.869934368386451,0.874254407466489,0.8802100236205614,271,100.0,14
HLS,Pastos limpios,00000000000000000000,2022-12-19,2022-12-27,30,0.26536444431713263,0.3319967696624304,0.39647623093968504,0.8530267722669219,0.8754816798520674,0.9036973549094426,288,100.0,21
HLS,Palma,00000000000000000001,2022-12-19,2022-12-27,30,0.6730975403651712,0.706787789079423,0.739984867943665,0.8798596074300516,0.8838620359494332,0.8870211544748576,286,100.0,21
HLS,Bananera,00000000000000000002,2022-12-19,2022-12-27,30,0.606272520382011,0.7806342180827418,0.8291472989065115,0.8964280976185853,0.8999103169144061,0.8999103169144061,287,100.0,21
HLS,Manglar,00000000000000000003,2022-12-19,2022-12-27,30,0.676575506799214,0.7088498128490036,0.7391041118546859,0.8663603549044547,0.8740800746111986,0.8817777836425803,272,100.0,21
HLS,Bosque seco,00000000000000000004,2022-12-19,2022-12-27,30,0.589644714826719,0.6372437391095983,0.6669429098699124,0.8608974168577179,0.8657253078951398,0.8733433171831181,271,100.0,21
HLS,Pastos limpios,00000000000000000000,2022-12-27,2023-01-01,30,0.299085790757148,0.3501536960141304,0.4171376533295763,0.8369915615603198,0.8555936413300164,0.8755418812001561,288,100.0,9
HLS,Palma,00000000000000000001,2022-12-27,2023-01-01,30,0.6709506969508862,0.697033328938097,0.748405522190466,0.8738774792343486,0.8802377500638151,0.8838810596208504,286,100.0,9
HLS,Bananera,00000000000000000002,2022-12-27,2023-01-01,30,0.6317951241954511,0.7681159514185009,0.8106403110346978,0.9000903899120555,0.9042878529053506,0.9082644846824449,287,100.0,9
HLS,Manglar,00000000000000000003,2022-12-27,2023-01-01,30,0.6631642265941365,0.6916943436563607,0.7169920051624016,0.8469662408727898,0.8624836054645392,0.8723071829327259,272,100.0,9
HLS,Bosque seco,00000000000000000004,2022-12-27,2023-01-01,30,0.5323428137411482,0.5905012954069754,0.6200974667680752,0.8529428349576701,0.860861778393048,0.868146446381103,271,100.0,9
HLS,Pastos limpios,00000000000000000000,2023-01-01,2023-01-09,30,0.26520747641059395,0.3152941361005359,0.3801557826449049,0.8258961188841047,0.8457186796607031,0.8649438222963104,288,100.0,20
HLS,Palma,00000000000000000001,2023-01-01,2023-01-09,30,0.6672958932112062,0.6998149710310166,0.735587816226137,0.87434983242416,0.8797322813346099,0.8816644319771877,286,100.0,20
HLS,Bananera,00000000000000000002,2023-01-01,2023-01-09,30,0.6117392326970397,0.7255178857391525,0.8054113206104133,0.9000893959388567,0.9080566289308927,0.912070653487781,287,100.0,20
HLS,Manglar,00000000000000000003,2023-01-01,2023-01-09,30,0.6636252941639599,0.6941579442558107,0.7220511474470219,0.8521320673355075,0.864648850751478,0.873959373303103,272,100.0,20
HLS,Bosque seco,00000000000000000004,2023-01-01,2023-01-09,30,0.522500856138526,0.5632887135686737,0.6044770834082703,0.8388080252496012,0.8526446814337967,0.8622500216851908,271,100.0,20
HLS,Pastos limpios,00000000000000000000,2023-01-09,2023-01-17,30,0.3265931448357729,0.34915773497902924,0.4073464656240194,0.8385034695036159,0.8539628034582102,0.868807103839904,288,100.0,13
HLS,Palma,00000000000000000001,2023-01-09,2023-01-17,30,0.6566113481335181,0.6965442814649003,0.7276322237277862,0.8720077595594626,0.8780845160079573,0.8817193722352833,286,100.0,13
HLS,Bananera,00000000000000000002,2023-01-09,2023-01-17,30,0.5960506645873059,0.6978066983347181,0.7949281549325272,0.8962841664458747,0.9005279722446464,0.9042124034291632,287,100.0,13
HLS,Manglar,00000000000000000003,2023-01-09,2023-01-17,30,0.670480536770145,0.6929975772891087,0.7139512320677455,0.8455657480524026,0.8606339232725214,0.8659664942243027,272,100.0,13
HLS,Bosque seco,00000000000000000004,2023-01-09,2023-01-17,30,0.49911712376021455,0.524418723645981,0.5747568861745453,0.842997415502837,0.8508860130468343,0.8716119088690069,271,100.0,13
HLS,Pastos limpios,00000000000000000000,2023-01-17,2023-01-25,30,0.3024266737799337,0.3876354935828397,0.4319620377588022,0.8412915119886566,0.8536841699394119,0.8604096320986135,288,100.0,16
HLS,Palma,00000000000000000001,2023-01-17,2023-01-25,30,0.643797296374816,0.6768759651002484,0.7174509776270963,0.8641546653819714,0.8702063583723713,0.881428076042478,286,100.0,16
HLS,Bananera,00000000000000000002,2023-01-17,2023-01-25,30,0.5917562111231532,0.6776265053297735,0.7962894489116905,0.9003748468577752,0.9041153574545956,0.9041153574545956,287,100.0,16
HLS,Manglar,00000000000000000003,2023-01-17,2023-01-25,30,0.6608784463432157,0.682402349797848,0.7042200515691758,0.840654417287795,0.8604036352511328,0.870150425008889,272,100.0,16
HLS,Bosque seco,00000000000000000004,2023-01-17,2023-01-25,30,0.48775831880450365,0.5266272079785582,0.5804867115480724,0.8341533559603197,0.8422078782363178,0.8508245936147172,271,100.0,16
HLS,Pastos limpios,00000000000000000000,2023-01-25,2023-02-02,30,0.3416840175050735,0.3881491371128826,0.4550896612656154,0.8458467217560784,0.8615545450606138,0.8725701330975977,288,100.0,18
HLS,Palma,00000000000000000001,2023-01-25,2023-02-02,30,0.6199310798561471,0.6605058973538601,0.6958004064545131,0.8601950208555704,0.8643961746558091,0.8660314505198277,286,100.0,18
HLS,Bananera,00000000000000000002,2023-01-25,2023-02-02,30,0.5599070852693666,0.6770186090552408,0.775755516381047,0.8883505340843316,0.8931335887393489,0.8960723378423051,287,100.0,18
HLS,Manglar,00000000000000000003,2023-01-25,2023-02-02,30,0.6631578963879403,0.6860828126133811,0.7037550880129105,0.8409612430862429,0.8545823274262845,0.8629604090845843,272,100.0,18
HLS,Bosque seco,00000000000000000004,2023-01-25,2023-02-02,30,0.442717927811665,0.4798154464503794,0.5438002088436933,0.8211767919121593,0.832405355461391,0.844815082871367,271,100.0,18
HLS,Pastos limpios,00000000000000000000,2023-02-02,2023-02-10,30,0.36481900037235243,0.41628009388470405,0.45167883112597107,0.8536214313901967,0.8689487006249927,0.8846538120240247,288,100.0,21
HLS,Palma,00000000000000000001,2023-02-02,2023-02-10,30,0.5913384194773313,0.6451127753504944,0.6809998874070236,0.8561730954652329,0.8619653095421218,0.8645311710388094,286,100.0,21
HLS,Bananera,00000000000000000002,2023-02-02,2023-02-10,30,0.561314185214438,0.6733086050928069,0.7599782118924681,0.8926278676297201,0.8957573260101348,0.8989612571483836,287,100.0,21
HLS,Manglar,00000000000000000003,2023-02-02,2023-02-10,30,0.674229603205864,0.7048329677381289,0.7247797377739909,0.8514197148506464,0.8607225225991737,0.8638054014299673,272,100.0,21
HLS,Bosque seco,00000000000000000004,2023-02-02,2023-02-10,30,0.4199229145769998,0.45061227756619926,0.48512823328370425,0.8058915106121617,0.8201762580042252,0.8369098757277833,271,100.0,21
HLS,Pastos limpios,00000000000000000000,2023-02-10,2023-02-18,30,0.39584050362248535,0.42869728361897597,0.462876656407141,0.8422770524190837,0.8613317144708516,0.868337209907404,288,100.0,20
HLS,Palma,00000000000000000001,2023-02-10,2023-02-18,30,0.5932959182069119,0.6301343103323447,0.6791471576461109,0.8411074439938816,0.8506656887454186,0.8542922111837441,286,100.0,20
HLS,Bananera,00000000000000000002,2023-02-10,2023-02-18,30,0.4824649216592511,0.6276053717549102,0.7520477526313656,0.8849654378538097,0.892603158928439,0.8987830120276353,287,100.0,20
HLS,Manglar,00000000000000000003,2023-02-10,2023-02-18,30,0.6669976926013009,0.6905052496140294,0.7181187394383227,0.8423490590652767,0.8486039954292588,0.8536896043499844,272,100.0,20
HLS,Bosque seco,00000000000000000004,2023-02-10,2023-02-18,30,0.42114188847710404,0.4558901013739493,0.47696711102682515,0.7807703916015489,0.8095880687043441,0.8209323912830553,271,100.0,20
HLS,Pastos limpios,00000000000000000000,2023-02-18,2023-02-26,30,0.4010452144111603,0.43036673310542667,0.4680945819692157,0.8229307006547267,0.8389330037232695,0.844503357616965,288,100.0,31
HLS,Palma,00000000000000000001,2023-02-18,2023-02-26,30,0.5557550066621428,0.6088328005273695,0.6591414249742777,0.833279333073309,0.8389257720088321,0.8466966496641497,286,100.0,31
HLS,Bananera,00000000000000000002,2023-02-18,2023-02-26,30,0.48714539542148283,0.6295534024909932,0.735245800233834,0.8928767387258238,0.9040405809123615,0.9117518537343859,287,100.0,31
HLS,Manglar,00000000000000000003,2023-02-18,2023-02-26,30,0.6654688173067661,0.6917197425629799,0.7215225063368945,0.8389380143293889,0.8447308629605003,0.8516807929577256,272,100.0,31
HLS,Bosque seco,00000000000000000004,2023-02-18,2023-02-26,30,0.40178571131593555,0.4256645877663616,0.44996965780608367,0.7604146652129689,0.7889294383080002,0.8169759848723761,271,100.0,31
HLS,Pastos limpios,00000000000000000000,2023-02-26,2023-03-06,30,0.4011684606489931,0.4238922879888936,0.47371959040976785,0.8174208478780027,0.8309306417454198,0.8411602751590123,288,100.0,40
HLS,Palma,00000000000000000001,2023-02-26,2023-03-06,30,0.5610863218962714,0.6073152175529856,0.6506050911720307,0.8250061206339783,0.8368285537627416,0.8409413161246366,286,100.0,40
HLS,Bananera,00000000000000000002,2023-02-26,2023-03-06,30,0.5036808186119786,0.6471494370103988,0.7366053142524326,0.8801711999352304,0.8882385681907635,0.8925832279855748,287,100.0,40
HLS,Manglar,00000000000000000003,2023-02-26,2023-03-06,30,0.6711509805888213,0.7011963899665181,0.7251635875623523,0.8367859504214709,0.846754463680989,0.8483966640881365,272,100.0,40
HLS,Bosque seco,00000000000000000004,2023-02-26,2023-03-06,30,0.3743608285346497,0.4020497371942504,0.42421576741624545,0.74403183136906,0.7840490842413823,0.7980127939010035,271,100.0,40
HLS,Manglar,00000000000000000003,2023-03-06,2023-03-14,30,0.6494724499710537,0.6741909088812826,0.699296934588871,0.7728079195545088,0.778822649505734,0.7933917266643046,272,100.0,36
HLS,Pastos limpios,00000000000000000000,2023-03-14,2023-03-22,30,0.5206727499904236,0.5685467353068895,0.6003182536860063,0.8310947529520633,0.8569862861226842,0.8741792022104347,279,97.04656110676066,42
HLS,Palma,00000000000000000001,2023-03-14,2023-03-22,30,0.6011183508733862,0.6355103686762098,0.6709248683365892,0.8189103841147031,0.8285799395490842,0.8370523428293069,286,100.0,42
HLS,Bananera,00000000000000000002,2023-03-14,2023-03-22,30,0.5547169634494346,0.6399806039080628,0.7537757309727257,0.8926277787798603,0.8963774422812989,0.9006052661452756,287,100.0,42
HLS,Manglar,00000000000000000003,2023-03-14,2023-03-22,30,0.6436464383478161,0.69218035745764,0.7278983748722254,0.8412184669998048,0.848605096324936,0.8525103623485091,272,100.0,42
HLS,Bosque seco,00000000000000000004,2023-03-14,2023-03-22,30,0.46547472382496086,0.5071387920571112,0.544882813426031,0.7820418367866401,0.7977162477478202,0.8212767959276442,271,100.0,42
HLS,Pastos limpios,00000000000000000000,2023-03-22,2023-03-30,30,0.553799683449894,0.5826662129100512,0.6082089459742782,0.8050313954441792,0.8378718045022545,0.8509484389340775,288,100.0,43
HLS,Palma,00000000000000000001,2023-03-22,2023-03-30,30,0.5828423187576878,0.6159326487333425,0.6571657232821666,0.8056382624794907,0.8162183029898599,0.8216187162996093,286,100.0,43
HLS,Bananera,00000000000000000002,2023-03-22,2023-03-30,30,0.5475231140412086,0.6702486895114973,0.7408007358366422,0.8809003438447159,0.888739708563836,0.8923703108972803,287,100.0,43
HLS,Manglar,00000000000000000003,2023-03-22,2023-03-30,30,0.7120949735063032,0.7349699376917214,0.7586636730601231,0.8267158432351598,0.8324958208716197,0.8404385074798841,272,100.0,43
HLS,Bosque seco,00000000000000000004,2023-03-22,2023-03-30,30,0.4967982779537318,0.5553047221356947,0.6238154703241325,0.8215413466043017,0.8335527044190129,0.8391469278768103,271,100.0,43
HLS,Pastos limpios,00000000000000000000,2023-03-30,2023-04-07,30,0.5297735667198635,0.5634794222505242,0.5869486485381368,0.8082818578232568,0.8351856439153926,0.8457871568808903,288,100.0,59
HLS,Palma,00000000000000000001,2023-03-30,2023-04-07,30,0.5756911132556548,0.6056846402250993,0.6375314473792454,0.8072349436009827,0.8215481310955027,0.8354655368138114,286,100.0,59
HLS,Bananera,00000000000000000002,2023-03-30,2023-04-07,30,0.508460598582351,0.5986302139733805,0.7529248251921704,0.8853031811759049,0.8918450100331596,0.8959622822280534,287,100.0,59
HLS,Manglar,00000000000000000003,2023-03-30,2023-04-07,30,0.7096243881904813,0.7397949367152898,0.7669190131499427,0.8345075167949492,0.8392586327172,0.8452366291181891,272,100.0,59
HLS,Bosque seco,00000000000000000004,2023-03-30,2023-04-07,30,0.46404881460554137,0.538297879322183,0.5764254916316717,0.8591172586540006,0.8686154161279113,0.8701666026076817,271,100.0,59
HLS,Pastos limpios,00000000000000000000,2023-04-07,2023-04-15,30,0.5464480913250669,0.5693467351464311,0.5951474673528904,0.8018427052234922,0.8369784803337168,0.8498090780774793,288,100.0,64
HLS,Bananera,00000000000000000002,2023-04-07,2023-04-15,30,0.5788074356513034,0.6822678842147992,0.7692307731470628,0.8761764564814445,0.8798141755335683,0.8851907307969139,287,100.0,64
HLS,Manglar,00000000000000000003,2023-04-07,2023-04-15,30,0.6742688575651319,0.7149748593791663,0.7332225328462545,0.8306608975912559,0.8355075625731369,0.8393214143974227,272,100.0,64
HLS,Bosque seco,00000000000000000004,2023-04-07,2023-04-15,30,0.568135119284547,0.6280647978475313,0.6606394711860849,0.8663127950898956,0.8740821076400732,0.8819053036774585,271,100.0,64
HLS,Pastos limpios,00000000000000000000,2023-04-15,2023-04-23,30,0.494198435801461,0.5297541903552522,0.5633504802571561,0.8156491623522453,0.8331786193283564,0.8624571488815052,288,100.0,36
HLS,Bananera,00000000000000000002,2023-04-15,2023-04-23,30,0.5572038642004133,0.6358962326858665,0.7605034687217535,0.8919114275091821,0.9002971034863518,0.9037356523740662,287,100.0,36
HLS,Manglar,00000000000000000003,2023-04-15,2023-04-23,30,0.6131267990699318,0.6690442018603298,0.6993575725617439,0.8233849524735843,0.8268387444753382,0.8325316742019999,272,100.0,36
HLS,Bosque seco,00000000000000000004,2023-04-15,2023-04-23,30,0.561956410044062,0.6244289328814114,0.674324688396542,0.8783699612703391,0.8834271712923151,0.8915681796191544,271,100.0,36
HLS,Pastos limpios,00000000000000000000,2023-04-23,2023-05-01,30,0.5395188985839607,0.5758360334788412,0.5960591267782984,0.8056181252507119,0.841107783218916,0.854084507013887,288,100.0,61
HLS,Palma,00000000000000000001,2023-04-23,2023-05-01,30,0.6217155316889613,0.6491864824929647,0.6923514234659818,0.8250478121587381,0.8367170610223169,0.8444101034748027,285,99.91796874581344,61
HLS,Bananera,00000000000000000002,2023-04-23,2023-05-01,30,0.6213280462594443,0.7011433114791228,0.7569153371071424,0.8863102154970542,0.8939989126373111,0.8970665155782998,255,93.31385494902663,61
HLS,Bosque seco,00000000000000000004,2023-04-23,2023-05-01,30,0.6398517667442987,0.7000814933817425,0.7377986588103032,0.8448025902320633,0.8505166297116251,0.8560830839212825,271,100.0,61
HLS,Pastos limpios,00000000000000000000,2023-05-01,2023-05-09,30,0.5747516521299433,0.5842429869551716,0.6118986829077204,0.7856972604058527,0.8394462202017775,0.8569064966735828,288,100.0,54
HLS,Palma,00000000000000000001,2023-05-01,2023-05-09,30,0.5973944291576297,0.6261173579720972,0.6690958069754231,0.8096591827544362,0.8175267984214104,0.8273408048804538,286,100.0,54
HLS,Bananera,00000000000000000002,2023-05-01,2023-05-09,30,0.5753329518450967,0.6698903837553327,0.7632199378239746,0.8813332708851279,0.884827503817144,0.8915882735846498,287,100.0,54
HLS,Manglar,00000000000000000003,2023-05-01,2023-05-09,30,0.5990270939893463,0.6125426974247731,0.6195805090560388,0.8231329384045017,0.8437571553419559,0.8578558269540711,272,100.0,54
HLS,Pastos limpios,00000000000000000000,2023-05-09,2023-05-17,30,0.5510114294332208,0.5886687031315108,0.6161137503979333,0.7958055251220341,0.8391322174708632,0.8542431306509224,288,100.0,46
HLS,Palma,00000000000000000001,2023-05-09,2023-05-17,30,0.6064959506955543,0.6452901216221103,0.6733900518893237,0.809200455658508,0.8234008316201755,0.8397375666738778,286,100.0,46
HLS,Bananera,00000000000000000002,2023-05-09,2023-05-17,30,0.5870243325525277,0.6661294002409336,0.7679064770803985,0.8862895594399052,0.8976193678107233,0.9015932895194317,287,100.0,46
HLS,Manglar,00000000000000000003,2023-05-09,2023-05-17,30,0.6002149093329398,0.6178081556983163,0.6340309281089178,0.8094579925529992,0.8385069249502755,0.8557414697924572,272,100.0,46
HLS,Bosque seco,00000000000000000004,2023-05-09,2023-05-17,30,0.4717254798575236,0.49938709429359307,0.5323600636082653,0.836468608440519,0.8525644761978022,0.8635040678478731,271,100.0,46
HLS,Pastos limpios,00000000000000000000,2023-05-17,2023-05-25,30,0.5280505872977139,0.5414178646619158,0.5955826285202805,0.8563524077096315,0.8837170565595863,0.8982232976309191,287,99.84718193165824,52
HLS,Manglar,00000000000000000003,2023-05-17,2023-05-25,30,0.025797420463947646,0.02873578006677415,0.03673080581113616,0.8304567739752274,0.8558138765838196,0.8810327097349933,272,100.0,52
HLS,Manglar,00000000000000000003,2023-05-25,2023-06-02,30,0.623906705117166,0.6474472530068048,0.6792287310325665,0.8547746903536813,0.8665638650719225,0.8740285831739151,272,100.0,37
HLS,Bananera,00000000000000000002,2023-06-02,2023-06-10,30,0.6652884339247546,0.8033106070796171,0.8605964093554599,0.9074649888313435,0.9091441530088931,0.9158091680721128,287,100.0,50
HLS,Manglar,00000000000000000003,2023-06-02,2023-06-10,30,0.6658184916931635,0.6983364037942543,0.7389058402062114,0.8740814783427747,0.8781203813380977,0.8838557688914436,269,99.6790293540488,50
HLS,Palma,00000000000000000001,2023-06-10,2023-06-18,30,0.6710245592606667,0.7066589445493063,0.7236497534383622,0.8521563526988691,0.8620394848116011,0.8697384644641861,286,100.0,61
HLS,Bananera,00000000000000000002,2023-06-10,2023-06-18,30,0.6262136014505485,0.7137288867684081,0.8219770036552194,0.9119708318504419,0.9153429103354418,0.924414886986875,233,82.48662899856231,61
HLS,Manglar,00000000000000000003,2023-06-10,2023-06-18,30,0.6933461863626504,0.7321724822354855,0.7495960443138486,0.876156582593331,0.8879863429151256,0.8960179502924039,272,100.0,61
HLS,Bosque seco,00000000000000000004,2023-06-10,2023-06-18,30,0.6474511738515368,0.7496991525489073,0.7693950253296314,0.9032793675393032,0.9103861041910755,0.9167544745091885,271,100.0,61
HLS,Palma,00000000000000000001,2023-06-18,2023-06-26,30,0.7237663047877174,0.7526888233291573,0.7783251250017986,0.8681045343864288,0.8736478019734486,0.883138039576523,286,100.0,50
HLS,Bananera,00000000000000000002,2023-06-18,2023-06-26,30,0.6260927789876319,0.7288466254905658,0.7919000024354401,0.8796411172345472,0.8851880840889518,0.8930763213671783,287,100.0,50
HLS,Manglar,00000000000000000003,2023-06-18,2023-06-26,30,0.7387735876850717,0.7512437776231721,0.7789473664861718,0.8590717865317705,0.8654376175935371,0.8704113474172325,272,100.0,50
HLS,Bosque seco,00000000000000000004,2023-06-18,2023-06-26,30,0.6864807879155561,0.7175188523345337,0.7435126545576433,0.8854421681395266,0.8915954403256895,0.894006815121085,271,100.0,50
HLS,Manglar,00000000000000000003,2023-06-26,2023-07-04,30,0.6562137047178065,0.7091822521928397,0.7448449977398326,0.8856527458714955,0.8895103356392936,0.8988808979527692,259,95.54531966121812,42
HLS,Palma,00000000000000000001,2023-07-04,2023-07-12,30,0.3029577952712472,0.34849442574504,0.4042021375220268,0.8694153350074344,0.8768352787419953,0.8888123904161087,250,86.83626680444718,46
HLS,Pastos limpios,00000000000000000000,2023-07-12,2023-07-20,30,0.5024271954392802,0.5329405716102419,0.5881561198634477,0.8620643425894295,0.8812383819477883,0.8950502355487152,288,100.0,67
HLS,Bosque seco,00000000000000000004,2023-07-12,2023-07-20,30,0.6803378775156905,0.7543138832359911,0.7882948144790927,0.9171202671357701,0.9210979357462248,0.9289892943913743,271,100.0,67
HLS,Pastos limpios,00000000000000000000,2023-07-20,2023-07-28,30,0.5203205421740362,0.5901082084554993,0.6223483767839989,0.865321338105197,0.8778802208216466,0.891508530077411,288,100.0,53
HLS,Palma,00000000000000000001,2023-07-20,2023-07-28,30,0.7037837899140498,0.7354552488446303,0.767816083153892,0.8713539392774584,0.8754949361925404,0.8851899479816547,286,100.0,53
HLS,Bananera,00000000000000000002,2023-07-20,2023-07-28,30,0.6190683488285357,0.7729417338027099,0.8149608538706347,0.8808934868132314,0.888641275191591,0.8924940398517268,287,100.0,53
HLS,Manglar,00000000000000000003,2023-07-20,2023-07-28,30,0.7214137313967348,0.7836342183916758,0.8045697649585372,0.8836473468321461,0.8898653748581952,0.8935031939801796,272,100.0,53
HLS,Bosque seco,00000000000000000004,2023-07-20,2023-07-28,30,0.6301849114166573,0.6763787782538291,0.7215204968938708,0.9052687933933027,0.9091850593482361,0.9133363209537921,271,100.0,53
HLS,Pastos limpios,00000000000000000000,2023-07-28,2023-08-05,30,0.5439599824477319,0.603158928535398,0.6276720488973463,0.8562756004611562,0.8704575989304162,0.8832846958293028,288,100.0,26
HLS,Palma,00000000000000000001,2023-07-28,2023-08-05,30,0.68934425914145,0.7223672738463041,0.7506309890416302,0.8657989118962987,0.8761060944682619,0.881292585360589,286,100.0,26
HLS,Bananera,00000000000000000002,2023-07-28,2023-08-05,30,0.5521847398577514,0.7131360903379276,0.7871472540033421,0.8771364703791782,0.8803824867814116,0.8955170619858805,287,100.0,26
HLS,Manglar,00000000000000000003,2023-07-28,2023-08-05,30,0.7507764034214015,0.7861287601191714,0.7977917554921781,0.8817465837761405,0.8892768481785008,0.8973380310767427,272,100.0,26
HLS,Bosque seco,00000000000000000004,2023-07-28,2023-08-05,30,0.6478565314155466,0.6925236126386278,0.7282542116614317,0.8956985257143589,0.8992075087280434,0.9074533626713982,271,100.0,26
HLS,Pastos limpios,00000000000000000000,2023-08-05,2023-08-13,30,0.6485331640872267,0.6733353817161982,0.6888589117738002,0.858365079928202,0.8697673578653684,0.8842994439875766,288,100.0,41
HLS,Palma,00000000000000000001,2023-08-05,2023-08-13,30,0.6506477319178413,0.6942057352259876,0.7435412598669799,0.8623645165036827,0.866572661141651,0.8723265139835262,286,100.0,41
HLS,Bananera,00000000000000000002,2023-08-05,2023-08-13,30,0.4608843572971499,0.5568132306999921,0.7123937244905159,0.8504702843635704,0.8618973685551277,0.8763250625360672,287,100.0,41
HLS,Manglar,00000000000000000003,2023-08-05,2023-08-13,30,0.7674280544314545,0.7926291340788124,0.812126430213037,0.8727567323177994,0.8841677983652506,0.8891068950311323,272,100.0,41
HLS,Bosque seco,00000000000000000004,2023-08-05,2023-08-13,30,0.6285714328479097,0.6579593047576332,0.7045199285321361,0.8898177206109524,0.8933968239152003,0.8954871527699959,271,100.0,41
HLS,Bananera,00000000000000000002,2023-08-13,2023-08-21,30,0.5159340692405365,0.5984729270942519,0.7003506402643146,0.8566305037068359,0.8676132263874221,0.8797823606174062,287,100.0,38
HLS,Manglar,00000000000000000003,2023-08-13,2023-08-21,30,0.6965648700293147,0.7142752056295547,0.7209589827970294,0.8423461034238062,0.8580677282357749,0.8709197118679263,272,100.0,38
HLS,Bosque seco,00000000000000000004,2023-08-13,2023-08-21,30,0.6106615998463784,0.6530815214804185,0.674699230323065,0.8759425998020908,0.8816972740826216,0.8892994987593221,271,100.0,38
HLS,Manglar,00000000000000000003,2023-08-29,2023-09-06,30,0.7528944819158747,0.7745266896368677,0.7905525667107224,0.867258414415889,0.8756658908560967,0.8814288029029402,272,100.0,65
HLS,Bosque seco,00000000000000000004,2023-08-29,2023-09-06,30,0.6401673779298083,0.6765937170668068,0.7121452821637257,0.8842320077004798,0.8893407473937444,0.8937993820657208,271,100.0,65
HLS,Pastos limpios,00000000000000000000,2023-09-06,2023-09-14,30,0.7190500359281561,0.732891473618029,0.7426528113750543,0.856858845642414,0.8648121627780088,0.8766236647575325,288,100.0,60
HLS,Palma,00000000000000000001,2023-09-06,2023-09-14,30,0.6614231736843508,0.6773709854751392,0.7119176571248614,0.8530244837332324,0.85983827989458,0.8697587302982137,286,100.0,60
HLS,Bananera,00000000000000000002,2023-09-06,2023-09-14,30,0.528807999716506,0.6939064707786099,0.7387140891891311,0.836588633159501,0.8537003619311347,0.8581813581482732,287,100.0,60
HLS,Manglar,00000000000000000003,2023-09-06,2023-09-14,30,0.7185609657527687,0.7486502638732367,0.766576666948066,0.8693481090446307,0.8773888853572906,0.8819188156374461,272,100.0,60
HLS,Bosque seco,00000000000000000004,2023-09-06,2023-09-14,30,0.633250634972477,0.6675338013411937,0.7095668352089859,0.8821378616813589,0.8875113994159004,0.8915242032231513,271,100.0,60
HLS,Pastos limpios,00000000000000000000,2023-09-14,2023-09-22,30,0.7142857142857143,0.7369997193167884,0.7514543202954693,0.8564827665314423,0.8642000092851259,0.8714006020688599,288,100.0,32
HLS,Palma,00000000000000000001,2023-09-14,2023-09-22,30,0.6689895485647337,0.7024605906832111,0.7354580827771986,0.8250031211066872,0.8389657314670818,0.8483281908696648,286,100.0,32
HLS,Bananera,00000000000000000002,2023-09-14,2023-09-22,30,0.6323529375380857,0.7546089238142072,0.7931527233291704,0.8444590836543822,0.8500572049935107,0.8585723475444285,287,100.0,32
HLS,Manglar,00000000000000000003,2023-09-14,2023-09-22,30,0.671660819928206,0.6899316888867267,0.7011126976159058,0.7874072269350074,0.7985544309832151,0.8110764803703863,272,100.0,32
HLS,Bosque seco,00000000000000000004,2023-09-14,2023-09-22,30,0.6073107043310186,0.6518779646417174,0.6692198123205104,0.8719156175090605,0.8836622499145458,0.8913914339254313,271,100.0,32
HLS,Bananera,00000000000000000002,2023-09-22,2023-09-30,30,0.5806451534250153,0.7136311653765982,0.7748353046757992,0.8587072792118199,0.8678457093250812,0.8748053779315177,287,100.0,39
HLS,Manglar,00000000000000000003,2023-09-22,2023-09-30,30,0.7414185651962759,0.7551259568207216,0.7719298221726618,0.8636678786574193,0.8735042577248524,0.8811630793046352,272,100.0,39
HLS,Bosque seco,00000000000000000004,2023-09-22,2023-09-30,30,0.5804230258636663,0.6272545214356201,0.6795250599900162,0.8758548807689991,0.8862423870008789,0.8934375325328658,271,100.0,39
HLS,Pastos limpios,00000000000000000000,2023-09-30,2023-10-08,30,0.7313275285466215,0.7656250062011001,0.7801276281283017,0.8656692345683465,0.867771240029757,0.8713928834796439,288,100.0,65
HLS,Palma,00000000000000000001,2023-09-30,2023-10-08,30,0.6956427282291908,0.7303851732243142,0.7593735119061037,0.8356807515432081,0.8415762550264781,0.8491124886199998,286,100.0,65
HLS,Bananera,00000000000000000002,2023-09-30,2023-10-08,30,0.6575342501911697,0.7891605935336024,0.809376077656828,0.8679852633455244,0.8739044537548616,0.8798449679250829,287,100.0,65
HLS,Manglar,00000000000000000003,2023-09-30,2023-10-08,30,0.7202028661432052,0.7465939952505338,0.7590456956179492,0.842630598715097,0.848322513274768,0.858915733176451,272,100.0,65
HLS,Bosque seco,00000000000000000004,2023-09-30,2023-10-08,30,0.5891333529182908,0.6325676678040185,0.6688162100194726,0.8820415411565933,0.887322258623736,0.8936464049351983,271,100.0,65
HLS,Pastos limpios,00000000000000000000,2023-10-08,2023-10-16,30,0.695444394688194,0.7287047344370119,0.7509433911338145,0.8804121851799203,0.8882725793184277,0.8950733371182601,273,97.13824819722495,43
HLS,Bosque seco,00000000000000000004,2023-10-16,2023-10-24,30,0.6384479652343035,0.6741633397081903,0.6902300459564183,0.8918874528858413,0.8975201726081538,0.9033352227930465,271,100.0,28
HLS,Manglar,00000000000000000003,2023-10-24,2023-11-01,30,0.7534814715588204,0.764927385243648,0.7789242583141307,0.8561247149535935,0.8597670106089277,0.8661290331666128,272,100.0,28
HLS,Pastos limpios,00000000000000000000,2023-11-09,2023-11-17,30,0.4796663344140236,0.5817041657706137,0.6462976556122016,0.8847775330192869,0.8888607328686416,0.8928018248652286,288,100.0,17
HLS,Palma,00000000000000000001,2023-11-09,2023-11-17,30,0.7127003692906537,0.725012179074157,0.7627685034054577,0.8817911953425994,0.88770343956876,0.8929330930800778,286,100.0,17
HLS,Bananera,00000000000000000002,2023-11-09,2023-11-17,30,0.5991714306395337,0.7549248865195131,0.7989211891496693,0.8922131475830262,0.8960689526201245,0.8960689526201245,287,100.0,17
HLS,Manglar,00000000000000000003,2023-11-09,2023-11-17,30,0.7457574823649576,0.7782761913477609,0.8013402757073822,0.891329459167585,0.8956079212632999,0.8973828227106442,272,100.0,17
HLS,Bosque seco,00000000000000000004,2023-11-09,2023-11-17,30,0.722551936915545,0.7568250808091846,0.7705167113491556,0.8876294523085069,0.8956690690849165,0.9068154266185046,271,100.0,17
HLS,Pastos limpios,00000000000000000000,2023-11-17,2023-11-25,30,0.6221816085122224,0.6396933432361325,0.6610830099512741,0.8630693300729807,0.8877703238604822,0.8978992522723103,288,100.0,18
HLS,Palma,00000000000000000001,2023-11-17,2023-11-25,30,0.697977528947725,0.7298747644349461,0.7706806295487001,0.8816049538173926,0.8871770506995158,0.8922748061532113,286,100.0,18
HLS,Bananera,00000000000000000002,2023-11-17,2023-11-25,30,0.5910778167559377,0.7570385939674927,0.7992247429825283,0.8897509402048743,0.8930605513385464,0.8990912094569943,287,100.0,18
HLS,Manglar,00000000000000000003,2023-11-17,2023-11-25,30,0.8049825783050687,0.8182191376365241,0.8328225210348761,0.8870599969798505,0.8909690371511653,0.8960738305525996,272,100.0,18
HLS,Bosque seco,00000000000000000004,2023-11-17,2023-11-25,30,0.6997320235450666,0.739918365331752,0.782106592745702,0.9033169796263908,0.9073489579214846,0.9115340908796364,271,100.0,18
HLS,Pastos limpios,00000000000000000000,2023-11-25,2023-12-03,30,0.6234527774253718,0.6495079812266317,0.6628853604167282,0.8193796807397935,0.8474077381070105,0.8611813385720166,288,100.0,17
HLS,Bananera,00000000000000000002,2023-11-25,2023-12-03,30,0.6175644556062185,0.7640673179453383,0.7887291700979484,0.8878163181201816,0.8899462042544193,0.8958854393646248,287,100.0,17
HLS,Manglar,00000000000000000003,2023-11-25,2023-12-03,30,0.7725466244673623,0.7865209533160157,0.8037735784641271,0.8588474582120704,0.863455255686692,0.870089967398477,272,100.0,17
HLS,Pastos limpios,00000000000000000000,2023-12-03,2023-12-11,30,0.49312378728624123,0.5807152143216834,0.6278483003978832,0.828090424351412,0.8466939643479948,0.8601178681306327,288,100.0,20
HLS,Palma,00000000000000000001,2023-12-03,2023-12-11,30,0.6735126613028748,0.7155191823129072,0.7368421078690578,0.8680356360087866,0.8740393258912913,0.8842181959309504,286,100.0,20
HLS,Bananera,00000000000000000002,2023-12-03,2023-12-11,30,0.5436950425477296,0.7081993789567156,0.7601360903626372,0.8886678949815171,0.8927579435517735,0.8967974386225099,287,100.0,20
HLS,Manglar,00000000000000000003,2023-12-03,2023-12-11,30,0.7432725123135363,0.7717333191977604,0.7902460669629005,0.8665109806274012,0.8738596735232227,0.8803072979795113,272,100.0,20
HLS,Bosque seco,00000000000000000004,2023-12-03,2023-12-11,30,0.5672396243415814,0.6101712370581229,0.6575232928368311,0.881446683642537,0.8921359792431296,0.8954477756063524,271,100.0,20
HLS,Pastos limpios,00000000000000000000,2023-12-11,2023-12-19,30,0.4817343507026236,0.5084626089621131,0.5773904338255066,0.8209250418498552,0.8413032016794932,0.8478387614688503,288,100.0,18
HLS,Palma,00000000000000000001,2023-12-11,2023-12-19,30,0.6597912897106223,0.7074569752562192,0.739038613140009,0.8659776885923094,0.8716040372896826,0.877725968510247,286,100.0,18
HLS,Bananera,00000000000000000002,2023-12-11,2023-12-19,30,0.5523065490695752,0.7132597536156831,0.7518671024958478,0.8770486997076066,0.8846651602005863,0.8915017968371687,287,100.0,18
HLS,Manglar,00000000000000000003,2023-12-11,2023-12-19,30,0.7161248829477153,0.7469527325264914,0.7726550179456032,0.8541828808617551,0.8619716876317504,0.867958537132721,272,100.0,18
HLS,Bosque seco,00000000000000000004,2023-12-11,2023-12-19,30,0.5143567620379182,0.5733414517299324,0.6316076448722769,0.8778588532536978,0.8877256649818505,0.8935056341504123,271,100.0,18
HLS,Pastos limpios,00000000000000000000,2023-12-19,2023-12-27,30,0.5461883208306874,0.5654862291362273,0.6017797523336572,0.8083416001699724,0.8298673516946599,0.8544898363101593,288,100.0,20
HLS,Palma,00000000000000000001,2023-12-19,2023-12-27,30,0.648008292172459,0.6699288907506286,0.7283483308879616,0.8544575162220115,0.8638170973188811,0.8682930174336789,286,100.0,20
HLS,Bananera,00000000000000000002,2023-12-19,2023-12-27,30,0.5883495708260822,0.7565805372537889,0.7789880572530345,0.8806234620967957,0.884741426049823,0.8920833846751086,287,100.0,20
HLS,Manglar,00000000000000000003,2023-12-19,2023-12-27,30,0.7043422682493012,0.7335148409220358,0.748686794209543,0.8469049776654395,0.8608655175714616,0.8708197411448115,272,100.0,20
HLS,Bosque seco,00000000000000000004,2023-12-19,2023-12-27,30,0.5111481061270675,0.5541099941384509,0.6059290159998468,0.8684209137488341,0.8739437430088549,0.8772152854767914,271,100.0,20
HLS,Palma,00000000000000000001,2023-12-27,2024-01-01,30,0.6546633661477173,0.6906235167989496,0.7317677021188053,0.8429589471175906,0.8529378186243292,0.8630180080017903,286,100.0,16
HLS,Bananera,00000000000000000002,2023-12-27,2024-01-01,30,0.6148764555406988,0.7683560553813569,0.8069639475710625,0.8962302363241343,0.9007438510337192,0.9080234715807532,287,100.0,16
HLS,Manglar,00000000000000000003,2023-12-27,2024-01-01,30,0.678100242989194,0.6918328422972645,0.701476089360919,0.7954267663990309,0.803957664174688,0.8140237321651423,254,93.90154460590075,16
HLS,Bosque seco,00000000000000000004,2023-12-27,2024-01-01,30,0.5232449512378681,0.5805348648169957,0.6399277941305989,0.8645428098652805,0.87056032028061,0.8775073574232111,271,100.0,16
S2,Pastos limpios,00000000000000000000,2021-01-01,2021-01-09,20,0.3886342900237209,0.4229972422472855,0.4590831146611356,0.7597055286594618,0.7879174115208838,0.841151526600613,594,100.0,4
S2,Palma,00000000000000000001,2021-01-01,2021-01-09,20,0.49732361987444296,0.5333554390724129,0.5789601652500952,0.8779132226381671,0.8818171083209955,0.8858037810278208,594,100.0,4
S2,Bananera,00000000000000000002,2021-01-01,2021-01-09,20,0.43887325394069254,0.5758316563564041,0.6200525101959364,0.868977556827102,0.8729929612349101,0.876995168157483,594,100.0,4
S2,Manglar,00000000000000000003,2021-01-01,2021-01-09,20,0.4308146464395253,0.4663143825349552,0.498614628665305,0.8569208455567046,0.8689540726150092,0.8793234114609991,594,100.0,4
S2,Bosque seco,00000000000000000004,2021-01-01,2021-01-09,20,0.5300367093528918,0.5650011385689407,0.6276976360392842,0.8653945862736548,0.8692845795171051,0.8759123087242214,594,100.0,4
S2,Pastos limpios,00000000000000000000,2021-01-09,2021-01-17,20,0.36249816989177447,0.37787928217771743,0.3933963468103245,0.5461325675657371,0.5830569911914955,0.6069274553869373,594,100.0,2
S2,Palma,00000000000000000001,2021-01-09,2021-01-17,20,0.5571815085441889,0.6418971532787123,0.7178837216181443,0.8505634045303115,0.8543383884655338,0.8582522279416608,594,100.0,2
S2,Bananera,00000000000000000002,2021-01-09,2021-01-17,20,0.512386549510471,0.6352596521472471,0.6853960923810509,0.8453743401105048,0.8493250539022614,0.8529728337672132,594,100.0,2
S2,Manglar,00000000000000000003,2021-01-09,2021-01-17,20,0.4410628026539688,0.4614390719678324,0.48088991062669234,0.6157681041693944,0.6215677643738219,0.6282904564068641,585,99.1271099739008,2
S2,Bosque seco,00000000000000000004,2021-01-09,2021-01-17,20,0.4209808629537582,0.4606312626497627,0.49838486564445256,0.7559021021661652,0.7676099858930929,0.7783514515776874,594,100.0,2
S2,Pastos limpios,00000000000000000000,2021-01-17,2021-01-25,20,0.3611254178493863,0.42445040304133264,0.4902620614279509,0.8066971250493056,0.8496450698220894,0.8878477905104535,594,100.0,4
S2,Palma,00000000000000000001,2021-01-17,2021-01-25,20,0.5555904918435048,0.6362727105783864,0.7277780824149943,0.9044474668705283,0.90843267522432,0.9157715264499117,594,100.0,4
S2,Bananera,00000000000000000002,2021-01-17,2021-01-25,20,0.4783658184405879,0.670578968556269,0.7060600338124754,0.8960698855915588,0.9002817588908614,0.9038218203526384,594,100.0,4
S2,Manglar,00000000000000000003,2021-01-17,2021-01-25,20,0.619061303423614,0.6449239149695376,0.6884871709115439,0.8818540365300834,0.8919172262665924,0.9033410924046137,594,100.0,4
S2,Bosque seco,00000000000000000004,2021-01-17,2021-01-25,20,0.3586337684101447,0.42347428406090337,0.47001893893438546,0.876841584686237,0.892160435946255,0.9081330060850523,594,100.0,4
S2,Pastos limpios,00000000000000000000,2021-01-25,2021-02-02,20,0.3870876924497851,0.44316471715401995,0.5170016344170242,0.7856907750774142,0.8180900771895933,0.8489298741321614,594,100.0,2
S2,Palma,00000000000000000001,2021-01-25,2021-02-02,20,0.5378619384866106,0.6212624357862214,0.7139918116028154,0.8761150597406989,0.881980411484375,0.8835199822577631,594,100.0,2
S2,Bananera,00000000000000000002,2021-01-25,2021-02-02,20,0.4641366097715649,0.6046003663435836,0.650521818039484,0.8648523338812263,0.8691053440230414,0.8691053440230414,594,100.0,2
S2,Manglar,00000000000000000003,2021-01-25,2021-02-02,20,0.6096433911768837,0.6371366240079757,0.6734978040003078,0.869695540029477,0.8775667560873606,0.88549064275185,594,100.0,2
S2,Bosque seco,00000000000000000004,2021-01-25,2021-02-02,20,0.3295820098420734,0.38420031165886875,0.4276778637739126,0.8461967132791915,0.8608472919059422,0.8690170231989427,594,100.0,2
S2,Pastos limpios,00000000000000000000,2021-02-02,2021-02-10,20,0.392896341170216,0.4616906987491209,0.5201647770457758,0.7994161621843097,0.825678733227467,0.8576649241366171,594,100.0,4
S2,Palma,00000000000000000001,2021-02-02,2021-02-10,20,0.5332761888053049,0.6211598856221404,0.7055964004406728,0.88057280695803,0.8850189141457793,0.8924445884547572,594,100.0,4
S2,Bananera,00000000000000000002,2021-02-02,2021-02-10,20,0.44847635383440615,0.6504089152105942,0.6927397380293941,0.8651547348207073,0.8692670837288035,0.8733032615212706,594,100.0,4
S2,Manglar,00000000000000000003,2021-02-02,2021-02-10,20,0.6003648449091614,0.6388072673679794,0.6750773425531506,0.8740180886502195,0.8840101564681632,0.8899307446475834,594,100.0,4
S2,Bosque seco,00000000000000000004,2021-02-02,2021-02-10,20,0.2929440715919058,0.3501588712465098,0.3888422696210938,0.8489754083903003,0.8650753291848857,0.8777302957259179,594,100.0,4
S2,Pastos limpios,00000000000000000000,2021-02-10,2021-02-18,20,0.40826201257989986,0.4587452686322049,0.5052342831922072,0.7917481823476783,0.8188054902421447,0.8377529222470588,594,100.0,4
S2,Palma,00000000000000000001,2021-02-10,2021-02-18,20,0.48226683384751473,0.5680907221790676,0.666030088793772,0.8728765795995378,0.8766959496991136,0.8838450750533681,594,100.0,4
S2,Bananera,00000000000000000002,2021-02-10,2021-02-18,20,0.38027543026641253,0.6413717233878496,0.6863084307850782,0.8497867407156496,0.853080178185137,0.8625627157442791,594,100.0,4
S2,Manglar,00000000000000000003,2021-02-10,2021-02-18,20,0.56101231445222,0.5955429121426793,0.6339295423683486,0.8581631119404846,0.8758340406601204,0.8860083392493513,594,100.0,4
S2,Bosque seco,00000000000000000004,2021-02-10,2021-02-18,20,0.26702988643196124,0.3136318183967281,0.3497682460911742,0.7801953639825038,0.8131957460594873,0.8420296318101688,594,100.0,4
S2,Pastos limpios,00000000000000000000,2021-02-18,2021-02-26,20,0.39614661361191394,0.45634411645440043,0.4971540436308525,0.810460802018827,0.8268896801450027,0.8447663144377371,594,100.0,2
S2,Palma,00000000000000000001,2021-02-18,2021-02-26,20,0.4809101500497505,0.5334250412208393,0.6722891521081622,0.8652876268238141,0.8731959867513964,0.8731959867513964,594,100.0,2
S2,Bananera,00000000000000000002,2021-02-18,2021-02-26,20,0.3828441393452935,0.6469748645155645,0.6975093139760047,0.8493005722138025,0.8534060050791715,0.8569818183023413,594,100.0,2
S2,Manglar,00000000000000000003,2021-02-18,2021-02-26,20,0.5500538115292425,0.5874142784371021,0.6232933525966466,0.8841616232814055,0.8969246827599293,0.9113152949550387,594,100.0,2
S2,Bosque seco,00000000000000000004,2021-02-18,2021-02-26,20,0.2659298803447161,0.311498555831068,0.3501232492117206,0.795024609833306,0.8263627750206423,0.8512902019780455,594,100.0,2
S2,Pastos limpios,00000000000000000000,2021-02-26,2021-03-06,20,0.38232502353804443,0.4562336588930932,0.4897247158776372,0.8141129309250226,0.83014102093549,0.8455429675095204,594,100.0,4
S2,Palma,00000000000000000001,2021-02-26,2021-03-06,20,0.46781467048354275,0.5669000812355847,0.6580008606599131,0.8610246764097157,0.8693371881685303,0.8764966931303533,594,100.0,4
S2,Bananera,00000000000000000002,2021-02-26,2021-03-06,20,0.39493396138493847,0.6266687303682337,0.6974484408196238,0.8498005768273482,0.8531366133189476,0.8568068303928779,594,100.0,4
S2,Manglar,00000000000000000003,2021-02-26,2021-03-06,20,0.4670173422235912,0.5069806653918368,0.5409817748262188,0.8455602107726322,0.8619255317343474,0.8776445100670545,594,100.0,4
S2,Bosque seco,00000000000000000004,2021-02-26,2021-03-06,20,0.2505298708440706,0.29485136283619084,0.33381564866495994,0.7867897203689487,0.8236162627290047,0.8657238604763651,594,100.0,4
S2,Palma,00000000000000000001,2021-03-06,2021-03-14,20,0.49402737981534545,0.5534853954854625,0.6511190951336518,0.8136155456357824,0.8237512518868865,0.8289122614284237,594,100.0,2
S2,Bananera,00000000000000000002,2021-03-06,2021-03-14,20,0.44240645626608494,0.5762425421272351,0.615456290934958,0.7477987966774386,0.7518501258802586,0.7593704375773711,594,100.0,2
S2,Pastos limpios,00000000000000000000,2021-03-14,2021-03-22,20,0.35380512015474147,0.38857990392056024,0.41236741776529834,0.8297145315473083,0.8459656275470203,0.860651602265955,594,100.0,4
S2,Palma,00000000000000000001,2021-03-14,2021-03-22,20,0.40874871059928997,0.4599290726085601,0.5360530576307875,0.8572704825046678,0.8651967573326325,0.8687047248665396,594,100.0,4
S2,Bananera,00000000000000000002,2021-03-14,2021-03-22,20,0.41652171023786055,0.49456793280291195,0.5303848395978911,0.8568604779176207,0.8611152008941393,0.8689035908340977,594,100.0,4
S2,Manglar,00000000000000000003,2021-03-14,2021-03-22,20,0.3957089601168371,0.40898844905550763,0.4228462997143145,0.7679731538805227,0.8015072585865908,0.8287517609050087,594,100.0,4
S2,Bosque seco,00000000000000000004,2021-03-14,2021-03-22,20,0.31942625925835394,0.3497153434644028,0.37302239105245144,0.7365120821848589,0.7943821969862714,0.8295534580709286,594,100.0,4
S2,Pastos limpios,00000000000000000000,2021-03-22,2021-03-30,20,0.34580910389708275,0.4045377558454783,0.4510628262122174,0.8655496408807396,0.8772451660460316,0.888330617660765,594,100.0,4
S2,Palma,00000000000000000001,2021-03-22,2021-03-30,20,0.5027781799894764,0.5764236496281221,0.6471334412764539,0.868782407418674,0.8726789765931189,0.8855210689069419,594,100.0,4
S2,Bananera,00000000000000000002,2021-03-22,2021-03-30,20,0.4151388999982856,0.6552234747437037,0.7244658917755789,0.8574968555253176,0.8612544011156668,0.872779953451005,594,100.0,4
S2,Manglar,00000000000000000003,2021-03-22,2021-03-30,20,0.382219695781584,0.39676726074526025,0.4197993411497108,0.776000258940736,0.8181135032074048,0.8612942202395356,594,100.0,4
S2,Bosque seco,00000000000000000004,2021-03-22,2021-03-30,20,0.36500935918281396,0.4088507191941522,0.45124954980155496,0.8302784676929147,0.8458346839100509,0.8647862981026218,594,100.0,4
S2,Palma,00000000000000000001,2021-04-07,2021-04-15,20,0.5221216135343875,0.5600795679951301,0.6657289805175047,0.8686500987678187,0.8772517613996751,0.8808555880284976,493,83.09907305523826,4
S2,Bananera,00000000000000000002,2021-04-07,2021-04-15,20,0.4634557182565371,0.6536618739916911,0.7251389733751926,0.8768478053764764,0.8809697529101788,0.8842571776637328,594,100.0,4
S2,Manglar,00000000000000000003,2021-04-07,2021-04-15,20,0.36484501502762545,0.38048203452433704,0.40090558225211675,0.7917132855448333,0.8342444443765596,0.880911147370129,594,100.0,4
S2,Bosque seco,00000000000000000004,2021-04-07,2021-04-15,20,0.5457249868833749,0.5946812849444721,0.6346681260623381,0.9126704723382796,0.9194264853949068,0.923609162026329,594,100.0,4
S2,Bosque seco,00000000000000000004,2021-04-15,2021-04-23,20,0.4830308885039919,0.5221215467988811,0.540159910805688,0.6393713034239613,0.6471360797617167,0.6551770090226393,594,100.0,2
S2,Pastos limpios,00000000000000000000,2021-04-23,2021-05-01,20,0.35333014586049427,0.38461815229735424,0.4322934930215312,0.833803704316177,0.8569280496328513,0.8728763925711681,594,100.0,4
S2,Palma,00000000000000000001,2021-04-23,2021-05-01,20,0.5016088086182136,0.5931516129736552,0.6657749220357636,0.8808858264846224,0.8882928157479235,0.896336680014137,594,100.0,4
S2,Bananera,00000000000000000002,2021-04-23,2021-05-01,20,0.3410726649392806,0.6371460100087547,0.6978391207186542,0.8651390471907964,0.8737283213859467,0.8806829011541089,594,100.0,4
S2,Manglar,00000000000000000003,2021-04-23,2021-05-01,20,0.3957938781565577,0.4312813460825688,0.48197742018568523,0.7949018753797455,0.8251367708698477,0.857147201594136,594,100.0,4
S2,Bosque seco,00000000000000000004,2021-04-23,2021-05-01,20,0.42065889691577923,0.4520794430977225,0.4780652040884926,0.912105392605826,0.9239882223520165,0.9283333950061096,594,100.0,4
S2,Pastos limpios,00000000000000000000,2021-05-01,2021-05-09,20,0.37317492153065956,0.4013424610752969,0.45155976405234555,0.80275557015047,0.8267606366209377,0.8417046271227594,594,100.0,4
S2,Palma,00000000000000000001,2021-05-01,2021-05-09,20,0.5700729442837531,0.6350640119650323,0.6989204000142903,0.866184226153071,0.8718037121780207,0.8758195991657046,594,100.0,4
S2,Bananera,00000000000000000002,2021-05-01,2021-05-09,20,0.43781561854588413,0.6036050222649956,0.657735288727392,0.8573655768066057,0.8609722394560133,0.8699321120538954,594,100.0,4
S2,Manglar,00000000000000000003,2021-05-01,2021-05-09,20,0.47364908834144437,0.5246830211208348,0.6064257288318452,0.8525886240403849,0.8743894220523893,0.8941050399310345,594,100.0,4
S2,Bosque seco,00000000000000000004,2021-05-01,2021-05-09,20,0.5839345425183589,0.6399896475331882,0.701986598924909,0.9003293829563143,0.9048181536709369,0.9079078420935474,555,92.8488618056254,4
S2,Palma,00000000000000000001,2021-05-09,2021-05-17,20,0.5610730002838271,0.6240309985735892,0.7095513785106586,0.8808814749606961,0.8885311844221293,0.8920356245154583,577,96.99488328132196,2
S2,Manglar,00000000000000000003,2021-05-09,2021-05-17,20,0.48922164492205805,0.5460949969896337,0.6230343503615157,0.864531128209102,0.8817179667025586,0.8950212045862171,594,100.0,2
S2,Bosque seco,00000000000000000004,2021-05-09,2021-05-17,20,0.5807621281789898,0.6949730159901438,0.7628065950656333,0.9237392361634341,0.9278303198673065,0.9312258785140496,594,100.0,2
S2,Bosque seco,00000000000000000004,2021-05-17,2021-05-25,20,0.5111033827568796,0.5378353538191347,0.5560296886782816,0.7582353601060073,0.7645210965383843,0.7688084675193065,488,85.11391542229873,4
S2,Pastos limpios,00000000000000000000,2021-06-10,2021-06-18,20,0.33834694413706157,0.4122082871729439,0.48557022945298345,0.841757496503484,0.8539506312183452,0.8624307309350048,590,99.66797252725748,4
S2,Palma,00000000000000000001,2021-06-10,2021-06-18,20,0.6041039018000265,0.6901899983503447,0.7777777651449912,0.8759140091177225,0.8800866774210468,0.8815999609138424,537,92.4070729634225,4
S2,Bananera,00000000000000000002,2021-06-10,2021-06-18,20,0.5170796224433456,0.7067058672409796,0.7642326711438164,0.8806039934477679,0.8847307323183279,0.8847307323183279,594,100.0,4
S2,Manglar,00000000000000000003,2021-06-10,2021-06-18,20,0.5904017894033077,0.6381295214186785,0.6729596631643091,0.8879375749235302,0.8978617493477309,0.9072655724692368,594,100.0,4
S2,Bosque seco,00000000000000000004,2021-06-10,2021-06-18,20,0.6759383752323135,0.7311569005002447,0.7846712428462048,0.9237738606236374,0.9317273199229897,0.9352120045809457,594,100.0,4
S2,Manglar,00000000000000000003,2021-06-18,2021-06-26,20,0.6474617762421531,0.6919279936375563,0.7353247186403038,0.8311619791854218,0.8369440939814641,0.8425953465758448,594,100.0,2
S2,Pastos limpios,00000000000000000000,2021-06-26,2021-07-04,20,0.327842890313601,0.48786016044049935,0.5625176459732315,0.8730244196422163,0.8840903638850149,0.8961456433359403,533,89.35506186829883,6
S2,Palma,00000000000000000001,2021-06-26,2021-07-04,20,0.6782735018658069,0.7434241850450607,0.7974927696496477,0.8933680984793292,0.8956645178162832,0.898897106471973,594,100.0,6
S2,Bananera,00000000000000000002,2021-06-26,2021-07-04,20,0.528203823249906,0.7559291880783815,0.8305690833263304,0.876874980716664,0.8810416027354684,0.8844324746138281,594,100.0,6
S2,Manglar,00000000000000000003,2021-06-26,2021-07-04,20,0.7639902502960186,0.807176272939513,0.8405542729931167,0.9151412433521833,0.9229178351965684,0.9293207005880098,594,100.0,6
S2,Bosque seco,00000000000000000004,2021-06-26,2021-07-04,20,0.4814963955192698,0.5003345025912744,0.5149105778594879,0.8760721825137732,0.8834441679342434,0.8893464226857348,594,100.0,6
S2,Pastos limpios,00000000000000000000,2021-07-04,2021-07-12,20,0.31072350233411783,0.38678397633118183,0.5135841329569739,0.857117943302834,0.8693578869716097,0.8773445002192819,594,100.0,2
S2,Palma,00000000000000000001,2021-07-04,2021-07-12,20,0.6037928551293295,0.6608521840936985,0.6972211946120007,0.8894301583442937,0.8914505146843743,0.8954895462603328,514,85.98277040543381,2
S2,Manglar,00000000000000000003,2021-07-04,2021-07-12,20,0.7514548045847556,0.7980672221097295,0.8287857927517921,0.8948389250085754,0.9038328156628752,0.9097456974384142,594,100.0,2
S2,Bosque seco,00000000000000000004,2021-07-04,2021-07-12,20,0.599808058178021,0.6207384167255114,0.6396400870935841,0.7515572159428666,0.7629257843934097,0.772096897941989,522,87.05889110776057,2
S2,Pastos limpios,00000000000000000000,2021-07-12,2021-07-20,20,0.3888439672781353,0.46449957817223436,0.5332720264438358,0.8817093529097078,0.8928269762171683,0.9008259637413301,594,100.0,4
S2,Palma,00000000000000000001,2021-07-12,2021-07-20,20,0.6138124824168685,0.6937296113267837,0.7784937578091565,0.9089322603090867,0.9109865844944464,0.9146262134238378,594,100.0,4
S2,Bananera,00000000000000000002,2021-07-12,2021-07-20,20,0.4742485904905753,0.7253720210027502,0.8433598253330601,0.9042914238309303,0.9042914238309303,0.9112578197005301,594,100.0,4
S2,Manglar,00000000000000000003,2021-07-12,2021-07-20,20,0.7707160586696586,0.801528323883907,0.827195020380803,0.8897104626493305,0.8994747245935883,0.9075861224021953,594,100.0,4
S2,Bosque seco,00000000000000000004,2021-07-12,2021-07-20,20,0.6987794555519222,0.7602037351551638,0.7981682530707976,0.9391261869697739,0.9429501682990566,0.9464434653744429,594,100.0,4
S2,Pastos limpios,00000000000000000000,2021-07-20,2021-07-28,20,0.3276353160241273,0.40103857595516024,0.47867794805546926,0.8452594195710385,0.8646943499921654,0.8767517833304815,594,100.0,4
S2,Palma,00000000000000000001,2021-07-20,2021-07-28,20,0.609348017697037,0.6697987884994284,0.7504207345202948,0.8921374461541518,0.8962211563883739,0.8999333282599139,594,100.0,4
S2,Bananera,00000000000000000002,2021-07-20,2021-07-28,20,0.4522679954426034,0.7176827821189193,0.7882683253105001,0.8766651752678241,0.8808849619594339,0.8931670605930997,594,100.0,4
S2,Manglar,00000000000000000003,2021-07-20,2021-07-28,20,0.7816465004871348,0.8049384344395081,0.8252329055795689,0.9034357423968143,0.9111154376811347,0.920991684043659,594,100.0,4
S2,Bosque seco,00000000000000000004,2021-07-20,2021-07-28,20,0.4780001576886165,0.5601708941913698,0.7234300410237965,0.9198197738753514,0.9238870541013225,0.9313085225162729,594,100.0,4
S2,Pastos limpios,00000000000000000000,2021-07-28,2021-08-05,20,0.19616706888038316,0.3294456660271418,0.5529715194912955,0.8575157129276121,0.880230737899671,0.8959695021732552,594,100.0,2
S2,Palma,00000000000000000001,2021-07-28,2021-08-05,20,0.5736447287974689,0.67059939838755,0.7620781108282094,0.9121716066619578,0.9121716066619578,0.9159510935001255,594,100.0,2
S2,Bananera,00000000000000000002,2021-07-28,2021-08-05,20,0.4776710323767378,0.6963125695725855,0.8193942768935906,0.8923833172051993,0.8961436132259583,0.9182913700616626,594,100.0,2
S2,Manglar,00000000000000000003,2021-07-28,2021-08-05,20,0.7766078594087054,0.8072573112551077,0.8306128961295299,0.9049072953186128,0.9144450021402679,0.9216844247187054,594,100.0,2
S2,Bosque seco,00000000000000000004,2021-07-28,2021-08-05,20,0.38495222864739725,0.4661808953113785,0.6714304210604856,0.9547371525991989,0.958616665674905,0.9666309621985715,594,100.0,2
S2,Pastos limpios,00000000000000000000,2021-08-05,2021-08-13,20,0.2445077213312396,0.38964140610729614,0.5387379084294011,0.8572950543977943,0.879680431550822,0.8921799988748609,594,100.0,4
S2,Palma,00000000000000000001,2021-08-05,2021-08-13,20,0.5464201558134911,0.590553472512118,0.6218375546322225,0.8993787626942779,0.9034220191770685,0.9072748525599644,594,100.0,4
S2,Bananera,00000000000000000002,2021-08-05,2021-08-13,20,0.42805459975659654,0.5230204128319347,0.5724967369506101,0.8498930931062223,0.857679134298862,0.863771841126733,473,80.08922053761277,4
S2,Manglar,00000000000000000003,2021-08-05,2021-08-13,20,0.778890509502779,0.800705252856763,0.8197383135483727,0.894127619599001,0.9019105008310314,0.907680322462343,594,100.0,4
S2,Bosque seco,00000000000000000004,2021-08-05,2021-08-13,20,0.415617221343981,0.4740774303000505,0.5765597118989775,0.9235602166377949,0.9315595580290841,0.9354640412698514,594,100.0,4
S2,Pastos limpios,00000000000000000000,2021-08-13,2021-08-21,20,0.38248671179548144,0.4881640199861654,0.5710316972208513,0.8494037781562812,0.8693178774503731,0.8770648263470553,589,99.59179761166594,2
S2,Palma,00000000000000000001,2021-08-13,2021-08-21,20,0.6668647583850807,0.7237248748548548,0.7904740716157933,0.8935711342398811,0.8973251900008273,0.900880650342259,486,84.4202987365811,2
S2,Manglar,00000000000000000003,2021-08-13,2021-08-21,20,0.787621286118285,0.8057926444823135,0.8192096594827781,0.8899333912522929,0.8958115511377649,0.9015251648043531,594,100.0,2
S2,Bosque seco,00000000000000000004,2021-08-13,2021-08-21,20,0.5071019184679214,0.5709182241858568,0.7089847083583547,0.9044366521403194,0.9083230770994867,0.9118967771954478,594,100.0,2
S2,Bosque seco,00000000000000000004,2021-08-21,2021-08-29,20,0.5292147689364207,0.5845252883825932,0.6579996650425778,0.916210906210794,0.9235378327076627,0.9314770978731973,575,98.28000130935575,4
S2,Manglar,00000000000000000003,2021-09-06,2021-09-14,20,0.7769503726373215,0.7962895248762447,0.8148345600815465,0.8881771820366058,0.8920177760530602,0.8951146474035053,594,100.0,2
S2,Manglar,00000000000000000003,2021-09-14,2021-09-22,20,0.7420502619449856,0.7662789985156888,0.7860161473293975,0.8666575116961124,0.870606195196373,0.8747391199475036,594,100.0,4
S2,Bosque seco,00000000000000000004,2021-09-14,2021-09-22,20,0.49496941658364624,0.53772139572496,0.5787996648240654,0.6984305505413045,0.7041571570114808,0.7119258369599692,594,100.0,4
S2,Pastos limpios,00000000000000000000,2021-09-22,2021-09-30,20,0.33136968124662847,0.4759426495707382,0.5808177511753726,0.8734025768583433,0.8851914396975741,0.8967805949553153,589,100.0,2
S2,Palma,00000000000000000001,2021-09-22,2021-09-30,20,0.6416869164306971,0.7082935416753591,0.7626149475825178,0.9013246116664964,0.9052994904744394,0.9109935425740294,578,97.0674621881727,2
S2,Manglar,00000000000000000003,2021-09-22,2021-09-30,20,0.7765741781522804,0.803008241477183,0.8212518845628227,0.9010932748860566,0.9047570570409323,0.9096337235491821,594,100.0,2
S2,Bosque seco,00000000000000000004,2021-09-22,2021-09-30,20,0.5973884539023491,0.6888886756716235,0.7562543044009785,0.9280194235203653,0.9352261902455106,0.9394585455504736,594,100.0,2
S2,Palma,00000000000000000001,2021-09-30,2021-10-08,20,0.51884969036166,0.6695405123889567,0.7482456411900891,0.8934463678537795,0.8973787963995759,0.9012102572652707,594,100.0,4
S2,Bosque seco,00000000000000000004,2021-09-30,2021-10-08,20,0.5795383657965264,0.6538567294978685,0.7079298060407577,0.8721799359182643,0.8797124995428452,0.8838332230210691,594,100.0,4
S2,Bananera,00000000000000000002,2021-10-08,2021-10-16,20,0.5562458714260008,0.719448575045151,0.7747314324840467,0.8571579416878652,0.8650300777143208,0.8735741444419935,584,98.73770656927093,4
S2,Pastos limpios,00000000000000000000,2021-10-24,2021-11-01,20,0.4624132978709113,0.5444163623741614,0.6150566884089078,0.830552865022381,0.8526392536997763,0.8650268450213,494,84.87480380511529,4
S2,Manglar,00000000000000000003,2021-10-24,2021-11-01,20,0.7341914071514974,0.7495408950364707,0.7748780527458036,0.8674757983701813,0.8725273711819098,0.8782275096303513,594,100.0,4
S2,Bosque seco,00000000000000000004,2021-10-24,2021-11-01,20,0.5929738007029046,0.655338536673193,0.7203399400886551,0.8737252562171914,0.8801739688038679,0.8838617612705554,594,100.0,4
S2,Pastos limpios,00000000000000000000,2021-11-09,2021-11-17,20,0.616787608920357,0.6712922000728024,0.6967767773656466,0.8528468268915317,0.8682106377992298,0.8829648938386709,594,100.0,4
S2,Palma,00000000000000000001,2021-11-09,2021-11-17,20,0.6133039112830283,0.6675933626581468,0.7172526188627119,0.8253542627120786,0.8329204441007059,0.8382346790311508,594,100.0,4
S2,Bananera,00000000000000000002,2021-11-09,2021-11-17,20,0.5091528274271702,0.6554074391980644,0.6895519085608234,0.783831951629449,0.7913876906771049,0.7987723989394419,594,100.0,4
S2,Manglar,00000000000000000003,2021-11-09,2021-11-17,20,0.6438012991108909,0.6883661558455374,0.7240649131901835,0.8604725945606068,0.8680026003104475,0.8819166299495742,594,100.0,4
S2,Bosque seco,00000000000000000004,2021-11-09,2021-11-17,20,0.3414247045876385,0.46826261353243903,0.5697592266692568,0.8292779104808005,0.8536231424991986,0.8638815338547349,564,95.94232520025318,4
S2,Pastos limpios,00000000000000000000,2021-11-17,2021-11-25,20,0.5498108472848083,0.5984410503788511,0.6344774464488239,0.83914570767945,0.8546965373124598,0.8700119716550466,594,100.0,4
S2,Palma,00000000000000000001,2021-11-17,2021-11-25,20,0.6492293711046335,0.6925464127768902,0.7551752917383322,0.8955391217441235,0.8975300833110849,0.8993749805250948,594,100.0,4
S2,Bananera,00000000000000000002,2021-11-17,2021-11-25,20,0.5016181021687925,0.6923376242119507,0.7672147316210426,0.8692299047645612,0.8768147507488947,0.8870179538322834,594,100.0,4
S2,Manglar,00000000000000000003,2021-11-17,2021-11-25,20,0.6116841248631906,0.6515679594018651,0.6948773867522479,0.8838808938602128,0.8913095813582654,0.8989519168224045,594,100.0,4
S2,Bosque seco,00000000000000000004,2021-11-17,2021-11-25,20,0.3344226763856974,0.5737954468641109,0.6745988258683338,0.8887782110992469,0.8962107261721655,0.9038655445185199,594,100.0,4
S2,Pastos limpios,00000000000000000000,2021-11-25,2021-12-03,20,0.6043880625095798,0.6597143861031597,0.7096888065337318,0.8780381504600558,0.8952523289088691,0.9095699104277908,594,100.0,2
S2,Palma,00000000000000000001,2021-11-25,2021-12-03,20,0.5992616896339932,0.7029753589679347,0.7874485296250263,0.9247736210706216,0.9266971962515475,0.928471294470469,594,100.0,2
S2,Bananera,00000000000000000002,2021-11-25,2021-12-03,20,0.47598385201327637,0.7629670929402269,0.841369111408388,0.916047874495785,0.9201287763148779,0.923384097036751,594,100.0,2
S2,Manglar,00000000000000000003,2021-11-25,2021-12-03,20,0.6785013478239792,0.717552926222664,0.7570626565503678,0.8896844708440484,0.8993822780253763,0.9075083535216524,594,100.0,2
S2,Bosque seco,00000000000000000004,2021-11-25,2021-12-03,20,0.352930663004069,0.5199905938960687,0.6819612585927204,0.9199141334660073,0.927733702694256,0.934963053141797,594,100.0,2
S2,Pastos limpios,00000000000000000000,2021-12-03,2021-12-11,20,0.6428360234178809,0.6711779106016823,0.7056915480569305,0.8522061881737344,0.8701158858737981,0.8819021610960792,594,100.0,4
S2,Palma,00000000000000000001,2021-12-03,2021-12-11,20,0.5903233215028065,0.7073670216750279,0.7749299087673776,0.9032120268822978,0.9051757994996154,0.9090422026713127,594,100.0,4
S2,Bananera,00000000000000000002,2021-12-03,2021-12-11,20,0.4970333244657353,0.7715815129964056,0.8340268768239789,0.9082836527556316,0.9117464996540774,0.9117464996540774,594,100.0,4
S2,Manglar,00000000000000000003,2021-12-03,2021-12-11,20,0.662821282094976,0.6983555257914896,0.730252209859649,0.8938211574036845,0.8995330388018736,0.9069799395019642,594,100.0,4
S2,Bosque seco,00000000000000000004,2021-12-03,2021-12-11,20,0.36902314074353615,0.5348982783734024,0.64579432017673,0.9002034920189789,0.9076782698822453,0.9157132821231886,594,100.0,4
S2,Pastos limpios,00000000000000000000,2021-12-11,2021-12-19,20,0.6190941524634369,0.6668687233951093,0.6943257055172583,0.8600706144198813,0.8822081377454614,0.8991425823062025,594,100.0,2
S2,Palma,00000000000000000001,2021-12-11,2021-12-19,20,0.6010447191324083,0.7099899111158713,0.7857999402473232,0.9188503800082167,0.9208124859058181,0.9249804289797962,594,100.0,2
S2,Bananera,00000000000000000002,2021-12-11,2021-12-19,20,0.4980779547587321,0.7441808465354325,0.8349890376895103,0.9120071970099771,0.9155797970408605,0.9193012494358126,594,100.0,2
S2,Manglar,00000000000000000003,2021-12-11,2021-12-19,20,0.6588813669722855,0.6923046324557081,0.7336580627843757,0.8974863765006773,0.9050206340661252,0.9112467671982996,594,100.0,2
S2,Bosque seco,00000000000000000004,2021-12-11,2021-12-19,20,0.3069032692784318,0.49405095212835076,0.6228386865971058,0.9040977943530101,0.9166421770993199,0.9235608330447824,594,100.0,2
S2,Pastos limpios,00000000000000000000,2021-12-19,2021-12-27,20,0.5560129457157768,0.5990241094881166,0.6323947753115408,0.85493319769471,0.8794306726786477,0.9034656779206095,594,100.0,4
S2,Palma,00000000000000000001,2021-12-19,2021-12-27,20,0.59724018415085,0.6568167929006339,0.7243712861034896,0.915116448869189,0.9188009473117313,0.9204719630622746,594,100.0,4
S2,Bananera,00000000000000000002,2021-12-19,2021-12-27,20,0.4604094452295996,0.6425716674496742,0.7024943077157827,0.9044426218176758,0.9120287870460878,0.9153834070029181,594,100.0,4
S2,Manglar,00000000000000000003,2021-12-19,2021-12-27,20,0.6307619694531962,0.6712521316149452,0.7044215631539495,0.8760414141809673,0.8837826998638375,0.8911465642965979,594,100.0,4
S2,Bosque seco,00000000000000000004,2021-12-19,2021-12-27,20,0.34198411608886836,0.4920281939463916,0.5769065541509565,0.8803296037250116,0.8959160276579516,0.9128206067492984,594,100.0,4
S2,Pastos limpios,00000000000000000000,2021-12-27,2022-01-01,20,0.5397351100159784,0.6083581255374684,0.6418026091226502,0.8254343623148114,0.8367568450157123,0.8498262061396412,594,100.0,2
S2,Palma,00000000000000000001,2021-12-27,2022-01-01,20,0.5420398361356391,0.658588122988505,0.7335722790875941,0.8661776232759943,0.8679735079115066,0.8699851598977498,594,100.0,2
S2,Bananera,00000000000000000002,2021-12-27,2022-01-01,20,0.4769690680140594,0.7149731965703435,0.7986345451050464,0.8768750426819832,0.8804847251764891,0.8853338300792146,594,100.0,2
S2,Manglar,00000000000000000003,2021-12-27,2022-01-01,20,0.6251968537196465,0.6799788530419724,0.7156327857342206,0.8878070520672795,0.8972119756936164,0.9071567182900747,594,100.0,2
S2,Bosque seco,00000000000000000004,2021-12-27,2022-01-01,20,0.37710865978098906,0.5213228327196143,0.5720195890913573,0.8338687748780013,0.8414240091444867,0.857736752896785,594,100.0,2
S2,Pastos limpios,00000000000000000000,2022-01-01,2022-01-09,20,0.5465798688335206,0.6280151908282849,0.6675075666464639,0.868108154870899,0.8878276935442321,0.9011940588831414,594,100.0,2
S2,Palma,00000000000000000001,2022-01-01,2022-01-09,20,0.5546174333359807,0.687463151302378,0.7665999006199006,0.919857205426953,0.919857205426953,0.9235917761611254,594,100.0,2
S2,Bananera,00000000000000000002,2022-01-01,2022-01-09,20,0.46703913094874056,0.7355865993332851,0.8258940596571751,0.9119255830849113,0.9155669308048311,0.91929070190798,594,100.0,2
S2,Manglar,00000000000000000003,2022-01-01,2022-01-09,20,0.6216289081279102,0.6732104542427267,0.7072100826443493,0.8798089530738448,0.8897214109349451,0.8970910639515083,594,100.0,2
S2,Bosque seco,00000000000000000004,2022-01-01,2022-01-09,20,0.32918082772634805,0.4954811520668938,0.5489805069012141,0.9004307827859054,0.911842341521934,0.9235053771483919,594,100.0,2
S2,Pastos limpios,00000000000000000000,2022-01-09,2022-01-17,20,0.5597864196900421,0.6151575101976852,0.6456566064922029,0.843003201451654,0.8633707376346118,0.8753387779680919,594,100.0,2
S2,Palma,00000000000000000001,2022-01-09,2022-01-17,20,0.575462705497145,0.6517314301826247,0.7084966940099997,0.8721620934126716,0.8780961468564257,0.8799251106413958,572,95.96775757208542,2
S2,Bananera,00000000000000000002,2022-01-09,2022-01-17,20,0.48362883465165774,0.6086504393723652,0.6816687494487893,0.8846590052701766,0.8878948766206409,0.8912511216495882,492,83.97607936627153,2
S2,Manglar,00000000000000000003,2022-01-09,2022-01-17,20,0.5966963491256849,0.6627432311215566,0.6891218392065387,0.8744856335862116,0.8861519245576006,0.903602830306871,594,100.0,2
S2,Bosque seco,00000000000000000004,2022-01-09,2022-01-17,20,0.3295524977190395,0.41560798688326933,0.46651595965631604,0.8338096787469539,0.8537531388283346,0.8657186319345813,594,100.0,2
S2,Pastos limpios,00000000000000000000,2022-01-17,2022-01-25,20,0.5529477464614232,0.5912135282804966,0.6191646851960431,0.8292379604266497,0.8646825534073252,0.8843160662467278,594,100.0,4
S2,Palma,00000000000000000001,2022-01-17,2022-01-25,20,0.5569785560246578,0.6536171525416415,0.7525051410825838,0.912316339659167,0.9154420450961197,0.9154420450961197,594,100.0,4
S2,Bananera,00000000000000000002,2022-01-17,2022-01-25,20,0.443884757667275,0.7224978391296765,0.8028918040185218,0.9076149237396669,0.9117504496079688,0.9152963983996706,594,100.0,4
S2,Manglar,00000000000000000003,2022-01-17,2022-01-25,20,0.5282519796904546,0.6012760764603251,0.6293730702041146,0.8510093177914885,0.8719897308558364,0.8920162843748329,594,100.0,4
S2,Bosque seco,00000000000000000004,2022-01-17,2022-01-25,20,0.35784030292553026,0.3874662651589788,0.4272105595411645,0.85775637274578,0.8885064104536947,0.907988180892566,594,100.0,4
S2,Pastos limpios,00000000000000000000,2022-01-25,2022-02-02,20,0.5757316858800443,0.6008289961898886,0.633772472188085,0.8023449127982206,0.8308536096323395,0.8545488239530232,594,100.0,2
S2,Palma,00000000000000000001,2022-01-25,2022-02-02,20,0.526278968975008,0.6217625294826806,0.7132463000923598,0.8797662559271094,0.8837910163102467,0.8858333893341594,594,100.0,2
S2,Bananera,00000000000000000002,2022-01-25,2022-02-02,20,0.48137414980965093,0.6981209121856066,0.7710959533166383,0.8730531740084091,0.8763904045613409,0.8808678575785419,594,100.0,2
S2,Manglar,00000000000000000003,2022-01-25,2022-02-02,20,0.5341459664921977,0.5990360218355342,0.635669506242046,0.8601527611172408,0.8781682959601428,0.8838216612664352,594,100.0,2
S2,Bosque seco,00000000000000000004,2022-01-25,2022-02-02,20,0.3303733954777647,0.3806958750697442,0.4119992305363131,0.8108496474880814,0.8345037438144317,0.8537144506553499,594,100.0,2
S2,Pastos limpios,00000000000000000000,2022-02-02,2022-02-10,20,0.5557065531294895,0.5894260707702914,0.6120040083771422,0.7962832077631518,0.817762692022618,0.8415984552812603,594,100.0,4
S2,Palma,00000000000000000001,2022-02-02,2022-02-10,20,0.5498345594174878,0.6266259404352185,0.705086371983005,0.877813137077268,0.8817500091756101,0.883699304856967,594,100.0,4
S2,Bananera,00000000000000000002,2022-02-02,2022-02-10,20,0.4726982337389632,0.6783483359922454,0.7550492007793769,0.869151764750527,0.8735690356509367,0.8768726007036572,594,100.0,4
S2,Manglar,00000000000000000003,2022-02-02,2022-02-10,20,0.5177864380283691,0.5799718539206398,0.622652798451016,0.8770992433560058,0.8925404625081917,0.9006540845437206,594,100.0,4
S2,Bosque seco,00000000000000000004,2022-02-02,2022-02-10,20,0.2963698907443572,0.3513371711833028,0.3925595817905999,0.8027994416248881,0.8268765743047796,0.845370879091255,594,100.0,4
S2,Pastos limpios,00000000000000000000,2022-02-10,2022-02-18,20,0.543365360261223,0.5718051378201353,0.6044813941003377,0.772361638934232,0.793976014219071,0.8205931982702543,594,100.0,4
S2,Palma,00000000000000000001,2022-02-10,2022-02-18,20,0.48842017848331165,0.6007882826458599,0.6771869907428356,0.8650561712348499,0.8690765574408521,0.8690765574408521,594,100.0,4
S2,Bananera,00000000000000000002,2022-02-10,2022-02-18,20,0.41933978520774406,0.6068275574721668,0.7053079622980091,0.8529673574742611,0.8572585434369533,0.8609175699529512,594,100.0,4
S2,Manglar,00000000000000000003,2022-02-10,2022-02-18,20,0.49728145858296074,0.5441379723653392,0.5717224662749743,0.8577669501413738,0.88103941964203,0.9004378723752464,594,100.0,4
S2,Bosque seco,00000000000000000004,2022-02-10,2022-02-18,20,0.3029122178912327,0.3303853675804216,0.37363811059868973,0.790512788602389,0.820904465229575,0.8556437183197776,594,100.0,4
S2,Pastos limpios,00000000000000000000,2022-02-18,2022-02-26,20,0.5156167739213857,0.5731437238329029,0.600706322358034,0.7899102717745299,0.8174860302861517,0.8403995858138527,594,100.0,2
S2,Palma,00000000000000000001,2022-02-18,2022-02-26,20,0.46235284421689143,0.5878647089074811,0.675139738727092,0.8731194817661057,0.8731194817661057,0.876261847425535,594,100.0,2
S2,Bananera,00000000000000000002,2022-02-18,2022-02-26,20,0.419228876624714,0.5909589004797499,0.684962113728333,0.849736277639998,0.8535255114595138,0.8569426185505257,594,100.0,2
S2,Manglar,00000000000000000003,2022-02-18,2022-02-26,20,0.5013404741958761,0.534583429002791,0.5686412591292417,0.8730816019353729,0.8922656052717777,0.9006071275825791,594,100.0,2
S2,Bosque seco,00000000000000000004,2022-02-18,2022-02-26,20,0.27584931012424513,0.30412970347725005,0.3541486103479854,0.7716099727349396,0.8141034157472021,0.8457504179115325,594,100.0,2
S2,Pastos limpios,00000000000000000000,2022-02-26,2022-03-06,20,0.4883013271585779,0.5530325107193287,0.585072078497566,0.7957707243804218,0.8177649626697296,0.8468390800097035,594,100.0,5
S2,Palma,00000000000000000001,2022-02-26,2022-03-06,20,0.5092162180933348,0.576124989700515,0.6654410412785681,0.8689433314221063,0.8728151632303457,0.8769455070823051,594,100.0,5
S2,Bananera,00000000000000000002,2022-02-26,2022-03-06,20,0.3919957485639867,0.5799374349164467,0.6819349953533117,0.8454271010571485,0.8538890828606737,0.8572345451650205,594,100.0,5
S2,Manglar,00000000000000000003,2022-02-26,2022-03-06,20,0.4703400698424476,0.5180290949449889,0.5530728646176225,0.8539182731018007,0.8724026346773858,0.8882376676534187,594,100.0,5
S2,Bosque seco,00000000000000000004,2022-02-26,2022-03-06,20,0.30713455148490243,0.3465458735241814,0.385169850661107,0.7705262875265799,0.8177163641905048,0.8649550927454037,594,100.0,5
S2,Pastos limpios,00000000000000000000,2022-03-06,2022-03-14,20,0.46258267461583874,0.5370149403394626,0.5635886599700352,0.7867375863842949,0.8067001829408577,0.8422686576528237,594,100.0,2
S2,Palma,00000000000000000001,2022-03-06,2022-03-14,20,0.49660638706515964,0.5877772232825784,0.6460981024277371,0.8690427476179299,0.8728400043573881,0.8766813698378654,594,100.0,2
S2,Bananera,00000000000000000002,2022-03-06,2022-03-14,20,0.3977572327088844,0.6106947499800763,0.6792823734434498,0.8528425782493906,0.8571875098394687,0.8617816547873072,594,100.0,2
S2,Manglar,00000000000000000003,2022-03-06,2022-03-14,20,0.44069912897228014,0.47021155743967946,0.509113982511372,0.8573390414685764,0.8803086056691296,0.8968294751009833,594,100.0,2
S2,Bosque seco,00000000000000000004,2022-03-06,2022-03-14,20,0.35519904054588924,0.45659707338642475,0.5062387936910951,0.7829775633037886,0.8324104878102423,0.8655555566442352,594,100.0,2
S2,Pastos limpios,00000000000000000000,2022-03-14,2022-03-22,20,0.46108150424325595,0.516470342352919,0.5438048540961244,0.7785065442273776,0.798950858400437,0.8369925577046211,594,100.0,4
S2,Bananera,00000000000000000002,2022-03-14,2022-03-22,20,0.40863079686518317,0.487085857592905,0.5171192671472477,0.5945779673320134,0.6004181275165797,0.6021071989930927,594,100.0,4
S2,Manglar,00000000000000000003,2022-03-14,2022-03-22,20,0.43227850535749546,0.4507173424840117,0.4863964073141954,0.8347942477053658,0.8568044975230618,0.8691051656236645,594,100.0,4
S2,Pastos limpios,00000000000000000000,2022-03-22,2022-03-30,20,0.43961177849599203,0.46346092103916675,0.4787908237801224,0.7752915702256595,0.8033155948686322,0.8336430672773156,594,100.0,4
S2,Palma,00000000000000000001,2022-03-22,2022-03-30,20,0.49929327584320665,0.5953674279789594,0.6705292089722824,0.8773037305164368,0.880466850840186,0.880466850840186,594,100.0,4
S2,Bananera,00000000000000000002,2022-03-22,2022-03-30,20,0.40034840680107686,0.5304803834948072,0.5791360010947332,0.8413803377068253,0.8530446136803896,0.8576365898705116,594,100.0,4
S2,Manglar,00000000000000000003,2022-03-22,2022-03-30,20,0.4270231784023441,0.4459562366155271,0.4660018976221267,0.7627899630422801,0.7904162041116364,0.809464739983183,594,100.0,4
S2,Bosque seco,00000000000000000004,2022-03-22,2022-03-30,20,0.325061395172297,0.39998906939188555,0.4398791129111067,0.8411220446900814,0.8609175631249028,0.8758038107151265,594,100.0,4
S2,Pastos limpios,00000000000000000000,2022-03-30,2022-04-07,20,0.493822232226184,0.5179089963130084,0.5468168546266652,0.7312572269835699,0.7469213095920727,0.7697991304494061,594,100.0,2
S2,Palma,00000000000000000001,2022-03-30,2022-04-07,20,0.5431012680255114,0.6226603568931167,0.6552590226249561,0.8116281721281596,0.8175251960485344,0.8212684651785103,594,100.0,2
S2,Bananera,00000000000000000002,2022-03-30,2022-04-07,20,0.43962140306796693,0.611151713613454,0.6735588810536863,0.8149600220223012,0.8223429232423309,0.8302567502307069,594,100.0,2
S2,Manglar,00000000000000000003,2022-03-30,2022-04-07,20,0.29917948201225864,0.33798186939954583,0.3622650521925848,0.7826942298874449,0.7948141207315184,0.8063922789545593,594,100.0,2
S2,Bosque seco,00000000000000000004,2022-03-30,2022-04-07,20,0.3347536857951936,0.42275188055720075,0.5654540285636183,0.8454161154897422,0.8539206932510741,0.8622116226831353,594,100.0,2
S2,Pastos limpios,00000000000000000000,2022-04-07,2022-04-15,20,0.4183310623048206,0.4672748273030493,0.5017627227794544,0.8299978172586002,0.8567108924199619,0.8730684414615206,594,100.0,4
S2,Palma,00000000000000000001,2022-04-07,2022-04-15,20,0.5219405825567522,0.6044815236640653,0.6893567821958514,0.899777753101739,0.899777753101739,0.904157160118876,594,100.0,4
S2,Bananera,00000000000000000002,2022-04-07,2022-04-15,20,0.39039821758379145,0.625422707497408,0.7155411928886297,0.8690547244380148,0.8769849423510818,0.8809136867520114,594,100.0,4
S2,Manglar,00000000000000000003,2022-04-07,2022-04-15,20,0.24044946206689435,0.28648340629906865,0.3141091206600371,0.818298672978014,0.8340611320496232,0.8446919008389542,594,100.0,4
S2,Bosque seco,00000000000000000004,2022-04-07,2022-04-15,20,0.24528441687140118,0.36659564338582273,0.5181864396630951,0.913354034563029,0.9233973657000043,0.9347577573442564,594,100.0,4
S2,Pastos limpios,00000000000000000000,2022-04-15,2022-04-23,20,0.4435874300221022,0.4863997538994398,0.5252122863105068,0.7903587886708539,0.8178346373629674,0.8340086130857423,594,100.0,2
S2,Bosque seco,00000000000000000004,2022-04-15,2022-04-23,20,0.3448972107126933,0.4182465508345774,0.5801400716983112,0.8494616206330693,0.857657817112894,0.8610431417621026,594,100.0,2
S2,Pastos limpios,00000000000000000000,2022-05-01,2022-05-09,20,0.4202883223822692,0.462487626792304,0.518120426493208,0.8651265753235742,0.8884679064042976,0.9044304426860246,594,100.0,4
S2,Palma,00000000000000000001,2022-05-01,2022-05-09,20,0.6269438143670015,0.725225699140486,0.7896082028804744,0.9187741015246537,0.9225489152793412,0.9267653431353393,594,100.0,4
S2,Bananera,00000000000000000002,2022-05-01,2022-05-09,20,0.4672554849309536,0.6775071516623837,0.7873131974679998,0.9006331873236664,0.9082254781432691,0.9155408998582264,594,100.0,4
S2,Manglar,00000000000000000003,2022-05-01,2022-05-09,20,0.39299923983000995,0.4452854340812279,0.4856265308040388,0.888358940817682,0.9041441289689006,0.9234539854330018,594,100.0,4
S2,Bosque seco,00000000000000000004,2022-05-01,2022-05-09,20,0.4516445989654886,0.5393876363415683,0.6533897104146389,0.9354704479401301,0.9433620205565539,0.9509503016324642,594,100.0,4
S2,Pastos limpios,00000000000000000000,2022-05-17,2022-05-25,20,0.4963298017077451,0.5301278794772113,0.5621072876894593,0.7797793827067859,0.7998459349863256,0.8156286096473553,594,100.0,4
S2,Palma,00000000000000000001,2022-05-17,2022-05-25,20,0.5964809372203757,0.6696652322784662,0.7256326699765063,0.8446242259103947,0.8467755119365727,0.8486047463490942,594,100.0,4
S2,Bananera,00000000000000000002,2022-05-17,2022-05-25,20,0.4202750786308917,0.6546301207246907,0.7416490742911843,0.8219622905795686,0.829800076858606,0.8373990927051421,594,100.0,4
S2,Manglar,00000000000000000003,2022-05-17,2022-05-25,20,0.504725919220073,0.5326902596119972,0.5654898119503838,0.8210182555997368,0.8330402392339552,0.8485998733770531,594,100.0,4
S2,Bosque seco,00000000000000000004,2022-05-17,2022-05-25,20,0.35979921816332844,0.41583026935982825,0.604008727555382,0.84542159339127,0.8535863633598331,0.8569678553981939,594,100.0,4
S2,Pastos limpios,00000000000000000000,2022-05-25,2022-06-02,20,0.5258714704983164,0.5685191277747186,0.6032059007214616,0.8775775065220062,0.8970030194719907,0.9126488616660259,594,100.0,2
S2,Palma,00000000000000000001,2022-05-25,2022-06-02,20,0.5951675684276319,0.6504223636164944,0.7133973949249206,0.9279941683131501,0.9395326923227213,0.9516137786308265,554,92.66867569235016,2
S2,Bananera,00000000000000000002,2022-05-25,2022-06-02,20,0.365435209187958,0.6028588361098068,0.6931699865816199,0.8962125108012771,0.9086391417038039,0.9232848479072372,572,96.84207517853444,2
S2,Manglar,00000000000000000003,2022-05-25,2022-06-02,20,0.5184558178035527,0.5780930199256779,0.625286180905818,0.8955374818637328,0.905036839824381,0.9184529492666675,594,100.0,2
S2,Bosque seco,00000000000000000004,2022-05-25,2022-06-02,20,0.2679120312097763,0.333923757883778,0.5600147709159711,0.9317922788238483,0.9351847246821734,0.9398212939786584,594,100.0,2
S2,Pastos limpios,00000000000000000000,2022-06-02,2022-06-10,20,0.5100066939376073,0.5479527984392131,0.5829520977830982,0.7915130227031331,0.8106231194954493,0.8268474664808123,558,93.40263384500965,4
S2,Palma,00000000000000000001,2022-06-02,2022-06-10,20,0.6045619086768834,0.6591852344737725,0.7100226556015257,0.8504202811350072,0.8528042439065616,0.8560768620159214,578,97.06748393478796,4
S2,Manglar,00000000000000000003,2022-06-02,2022-06-10,20,0.5006090284777341,0.5695205997083663,0.6161118815340907,0.8488972958058112,0.860239808081274,0.872244829954798,565,95.76195016946228,4
S2,Bosque seco,00000000000000000004,2022-06-02,2022-06-10,20,0.3118970929890908,0.3960042420497804,0.5887875472761444,0.8843634430082287,0.8961671669683055,0.9035439042487443,594,100.0,4
S2,Manglar,00000000000000000003,2022-06-10,2022-06-18,20,0.3867802366286703,0.42673941187015796,0.47057644350153927,0.6145017915580585,0.6240748864756431,0.6334266014455924,476,80.99458673310438,4
S2,Manglar,00000000000000000003,2022-06-18,2022-06-26,20,0.6085875950417419,0.6719346195525523,0.7028659999872573,0.8464708621223744,0.8561174186547001,0.8646611101666402,541,90.58273630747934,2
S2,Bosque seco,00000000000000000004,2022-06-18,2022-06-26,20,0.35402271860147055,0.4135074008648939,0.5594775391912808,0.8650172386311326,0.8730393881238446,0.8804088489652884,511,87.06612252673493,2
S2,Pastos limpios,00000000000000000000,2022-06-26,2022-07-04,20,0.007521738308250047,0.08668537375526444,0.21356905550739397,0.8075487917105659,0.829717687677965,0.8408662902501914,408,97.95180030510484,4
S2,Manglar,00000000000000000003,2022-06-26,2022-07-04,20,0.495622982718906,0.543905945196318,0.5673074179810019,0.698311070776465,0.7042625896747656,0.7155434149330149,541,91.23724622228308,4
S2,Bosque seco,00000000000000000004,2022-06-26,2022-07-04,20,0.4121045407200303,0.4588914007050118,0.6003794119190632,0.7988168868696648,0.8101837440329691,0.8424718494658122,594,100.0,4
S2,Pastos limpios,00000000000000000000,2022-07-04,2022-07-12,20,-0.082000180611876,-0.04075327388033506,0.03640314115206668,0.8249119974190151,0.8400726987505578,0.8561986273936895,490,100.0,2
S2,Bananera,00000000000000000002,2022-07-04,2022-07-12,20,0.4442242185685793,0.7245576241335361,0.7789287436285663,0.8921960188560757,0.8967537407062594,0.9079291774763177,594,100.0,2
S2,Manglar,00000000000000000003,2022-07-04,2022-07-12,20,0.7242317052332314,0.7513899470718837,0.7758008706493055,0.8986045895064217,0.9086667699846784,0.9155096452177275,594,100.0,2
S2,Bosque seco,00000000000000000004,2022-07-04,2022-07-12,20,0.46200459297211216,0.5428433304704137,0.6869379039586673,0.9160138683017248,0.9238521035090589,0.9272564764305765,594,100.0,2
S2,Pastos limpios,00000000000000000000,2022-07-12,2022-07-20,20,-0.14422143856080896,-0.12245080310676565,-0.056905004297536865,0.8081358215835729,0.8393942423039673,0.8567292070702586,580,100.0,4
S2,Palma,00000000000000000001,2022-07-12,2022-07-20,20,0.5981550796335108,0.6377826866174748,0.6670173884390538,0.8837442616188668,0.8874176981943638,0.8917198321159163,594,100.0,4
S2,Bananera,00000000000000000002,2022-07-12,2022-07-20,20,0.46731592954549944,0.6271662436290604,0.6627798431693692,0.829376082563577,0.8341167770223792,0.8461422445506408,578,98.27117202416343,4
S2,Manglar,00000000000000000003,2022-07-12,2022-07-20,20,0.619168060003727,0.6514502553584666,0.6750598949082286,0.8663933904930667,0.8815464253381605,0.8937931060839386,594,100.0,4
S2,Bosque seco,00000000000000000004,2022-07-12,2022-07-20,20,0.5411908780706716,0.6209115928942384,0.7162569230033178,0.8958972719392538,0.9038414977720837,0.9157538171242289,594,100.0,4
S2,Bosque seco,00000000000000000004,2022-07-20,2022-07-28,20,0.5057576057212756,0.5814715672708674,0.6188870155247589,0.7838634153149913,0.7976897198632262,0.8144163023077152,492,81.88589156259414,4
S2,Pastos limpios,00000000000000000000,2022-08-13,2022-08-21,20,-0.04442944967143229,-0.001960213678910543,0.0807280722079544,0.8489588516688652,0.8617369245323634,0.8735688825518267,553,100.0,2
S2,Pastos limpios,00000000000000000000,2022-08-29,2022-09-06,20,0.04742268294631281,0.091755451774943,0.17376888590558126,0.7447564552597757,0.7552770570432514,0.7674142411641044,594,100.0,4
S2,Palma,00000000000000000001,2022-08-29,2022-09-06,20,0.6025719126672595,0.6398259120650976,0.6690359082941342,0.8137448564446039,0.8171352279789531,0.8230653413347458,511,87.55398510017439,4
S2,Bananera,00000000000000000002,2022-08-29,2022-09-06,20,0.49213264868552353,0.5988953881507821,0.6624440323093245,0.7840230497521109,0.8149369255312755,0.8269835075772888,483,81.92154868657526,4
S2,Manglar,00000000000000000003,2022-08-29,2022-09-06,20,0.6579476805593598,0.679990841187377,0.697308246321338,0.8159094303615084,0.8236370119480296,0.8304755429436491,594,100.0,4
S2,Bosque seco,00000000000000000004,2022-08-29,2022-09-06,20,0.6396564378003295,0.6899517443279669,0.7390648622269865,0.8387667945399708,0.8446288694923728,0.848519643662604,585,98.47988171057617,4
S2,Manglar,00000000000000000003,2022-09-06,2022-09-14,20,0.6574216092769662,0.6764393552774604,0.6899722446433355,0.8042816669699052,0.8110841858955,0.8200882516806401,594,100.0,2
S2,Bosque seco,00000000000000000004,2022-09-06,2022-09-14,20,0.6968879927917289,0.7584398955254089,0.8060819820397169,0.9109997669559281,0.9150454786029246,0.9188060137367314,594,100.0,2
S2,Pastos limpios,00000000000000000000,2022-09-14,2022-09-22,20,-0.03624931710399835,0.0026600193515986643,0.06410339550106862,0.7794796329286634,0.8055857083150346,0.8254586337867533,484,92.10684061546372,4
S2,Bananera,00000000000000000002,2022-09-14,2022-09-22,20,0.5075777314220513,0.6690526937445992,0.7323949725600287,0.8067615533831338,0.8103440979426164,0.8175718282437752,531,90.60820086455472,4
S2,Manglar,00000000000000000003,2022-09-14,2022-09-22,20,0.6268683743098721,0.6591483790193579,0.6962534884398703,0.8680702919801875,0.8780005479251556,0.8838445517445729,594,100.0,4
S2,Pastos limpios,00000000000000000000,2022-09-30,2022-10-08,20,0.06812345247353778,0.07973471965728547,0.09222055801800849,0.7005137500453114,0.7415305338202658,0.768514011455829,594,100.0,4
S2,Palma,00000000000000000001,2022-09-30,2022-10-08,20,0.6352290520733371,0.6729557853521483,0.7103227870533113,0.8330687982655126,0.839068646104001,0.8464417816514804,594,100.0,4
S2,Bananera,00000000000000000002,2022-09-30,2022-10-08,20,0.5151063683401793,0.6816850813130182,0.7409241397547991,0.8262604175030126,0.8341705747251449,0.8455920699959092,594,100.0,4
S2,Bosque seco,00000000000000000004,2022-09-30,2022-10-08,20,0.5667294663196941,0.6414539874635933,0.6788819469965667,0.7509508980966522,0.7607174706423138,0.7704158113273057,585,99.31185673125292,4
S2,Pastos limpios,00000000000000000000,2022-10-08,2022-10-16,20,-0.054804243992145195,-0.013269402948482653,0.0414503467742593,0.7825694392304569,0.8091058499199841,0.8364318659900963,543,100.0,4
S2,Palma,00000000000000000001,2022-10-08,2022-10-16,20,0.6627989149861765,0.7020358165698872,0.740545431885392,0.8876954563361364,0.8934641326237919,0.8989656864510573,563,94.31821236592988,4
S2,Bananera,00000000000000000002,2022-10-08,2022-10-16,20,0.5275728120902418,0.6608892613022765,0.7636810646405016,0.884571368734101,0.8883593996119846,0.8957660605644064,587,99.26892438688536,4
S2,Manglar,00000000000000000003,2022-10-08,2022-10-16,20,0.6552092149346732,0.6923169499749152,0.7162733706800484,0.8722914135424509,0.8835589565680814,0.8997538164625933,594,100.0,4
S2,Manglar,00000000000000000003,2022-10-16,2022-10-24,20,0.6548442146710302,0.6709164166552628,0.6858302793764945,0.814072420408304,0.8265635173933286,0.8354484017023321,594,100.0,2
S2,Pastos limpios,00000000000000000000,2022-10-24,2022-11-01,20,-0.07954584364625092,-0.033273665702059335,0.0105875867841506,0.7405434228021649,0.7831958878622473,0.8143005666220725,563,100.0,4
S2,Palma,00000000000000000001,2022-10-24,2022-11-01,20,0.5759120957213051,0.6307798722772792,0.6842190018455792,0.8639550411668686,0.8697596677288575,0.8733805892035398,594,100.0,4
S2,Manglar,00000000000000000003,2022-10-24,2022-11-01,20,0.6578820009044387,0.670801771369321,0.6949639540713307,0.8409171126913096,0.850527267613402,0.862482429658574,593,99.984194557409,4
S2,Pastos limpios,00000000000000000000,2022-11-01,2022-11-09,20,0.0720246418446536,0.0920885773932211,0.11919522360587355,0.6154929989829362,0.6394071178216858,0.6703012571723347,594,100.0,2
S2,Manglar,00000000000000000003,2022-11-09,2022-11-17,20,0.6494984960793808,0.6713011561002431,0.6962724210456219,0.8484178331725151,0.8621215278717237,0.8736136307180601,594,100.0,4
S2,Bosque seco,00000000000000000004,2022-11-09,2022-11-17,20,0.532067503770324,0.5750322772299573,0.5928048882845686,0.8189003652065932,0.8407095589514237,0.8587523286595871,594,100.0,4
S2,Palma,00000000000000000001,2022-11-17,2022-11-25,20,0.6348751039961484,0.6673703889127254,0.7178445012339119,0.8739696790130581,0.8776830849883129,0.8799996653107964,526,88.53863943859788,4
S2,Manglar,00000000000000000003,2022-11-17,2022-11-25,20,0.6469864578597965,0.676646009971868,0.7032628466265303,0.8667365547154846,0.87762754679471,0.888091959253223,554,93.91557874538712,4
S2,Bosque seco,00000000000000000004,2022-11-17,2022-11-25,20,0.6862258354521864,0.7276437083060211,0.7587184886452382,0.8918115436899142,0.8996574007349156,0.9031932323215988,594,100.0,4
S2,Pastos limpios,00000000000000000000,2022-11-25,2022-12-03,20,-0.014533139085138832,0.029557590074880045,0.09523364479407406,0.7323514660767719,0.7595744795841313,0.7797569885917195,572,100.0,2
S2,Bosque seco,00000000000000000004,2022-11-25,2022-12-03,20,0.6740630521144026,0.7080878054898758,0.7377288725054195,0.83873848958689,0.8446533647920765,0.8525518399232191,594,100.0,2
S2,Pastos limpios,00000000000000000000,2022-12-03,2022-12-11,20,0.04351649421096712,0.11250406081108268,0.19074095172217914,0.8416076835790491,0.8627451027321877,0.884559410810525,582,100.0,4
S2,Palma,00000000000000000001,2022-12-03,2022-12-11,20,0.6418270712554447,0.6792690089357748,0.7455601927707671,0.9054106223013203,0.9097436633527245,0.9128633432184252,594,100.0,4
S2,Bananera,00000000000000000002,2022-12-03,2022-12-11,20,0.5303571164650824,0.7714634511075308,0.833470564710793,0.8960539736861445,0.904313464689873,0.9081349462023687,594,100.0,4
S2,Manglar,00000000000000000003,2022-12-03,2022-12-11,20,0.6381356762297333,0.6857142869471452,0.7271691956504897,0.8975095228744776,0.9088818602986598,0.9149690942315197,594,100.0,4
S2,Bosque seco,00000000000000000004,2022-12-03,2022-12-11,20,0.6621373243925779,0.7074694621939737,0.7497127192272341,0.8923822699318901,0.9046312451062907,0.9118409911016249,594,100.0,4
S2,Pastos limpios,00000000000000000000,2022-12-11,2022-12-19,20,0.10685411337843669,0.18949425601127712,0.25228774537732074,0.7710534097489317,0.807534934647863,0.8447276856723015,593,100.0,2
S2,Palma,00000000000000000001,2022-12-11,2022-12-19,20,0.6362395891861387,0.6674890589427778,0.727744270432916,0.8816630068656175,0.8859446346513159,0.889669663848599,594,100.0,2
S2,Bananera,00000000000000000002,2022-12-11,2022-12-19,20,0.5298692039901296,0.7391304431391613,0.7868083564218104,0.8456957526815094,0.8498794824677285,0.852924119402961,594,100.0,2
S2,Bosque seco,00000000000000000004,2022-12-11,2022-12-19,20,0.5911976053154926,0.6213481576806368,0.6768432665473975,0.8487934921710555,0.8545151339923622,0.8643286380819214,594,100.0,2
S2,Pastos limpios,00000000000000000000,2022-12-19,2022-12-27,20,0.08719046400325818,0.17495618215824296,0.25259861796017985,0.8417113488917333,0.8638400379911918,0.8789599686505342,594,100.0,4
S2,Palma,00000000000000000001,2022-12-19,2022-12-27,20,0.6218710990461387,0.6576693178010803,0.7307198325983899,0.88935346841773,0.8979023451057313,0.9051371296126473,594,100.0,4
S2,Bananera,00000000000000000002,2022-12-19,2022-12-27,20,0.5359217448653936,0.6906624924758169,0.7953021760542373,0.880953986389775,0.888702232459102,0.8925312014891665,594,100.0,4
S2,Manglar,00000000000000000003,2022-12-19,2022-12-27,20,0.6674381845975184,0.6999738075579305,0.7332059089788288,0.88985847438989,0.8978115886249449,0.9028597552237897,594,100.0,4
S2,Bosque seco,00000000000000000004,2022-12-19,2022-12-27,20,0.5297692139679394,0.5921622099951809,0.6512167602757185,0.8807090528011573,0.8924261125940275,0.9086692004795883,594,100.0,4
S2,Pastos limpios,00000000000000000000,2022-12-27,2023-01-01,20,0.10366226782809651,0.18399476480027055,0.2549644601572493,0.850081967921186,0.8660304601357658,0.8860645483790481,592,100.0,2
S2,Palma,00000000000000000001,2022-12-27,2023-01-01,20,0.5937870261084731,0.6555268201141635,0.7204459167433998,0.8974175318834274,0.9033474948974759,0.9074343623918137,594,100.0,2
S2,Bananera,00000000000000000002,2022-12-27,2023-01-01,20,0.4923619116302303,0.6530235765190683,0.7779690711548742,0.8809628684396474,0.884408484798508,0.8885607730836531,594,100.0,2
S2,Manglar,00000000000000000003,2022-12-27,2023-01-01,20,0.6587336672800445,0.695640557650796,0.7289567891750837,0.8759579976072015,0.8862297096281745,0.8956288139701822,594,100.0,2
S2,Bosque seco,00000000000000000004,2022-12-27,2023-01-01,20,0.4992503925949211,0.5344374458190831,0.5912955514032885,0.9003300757904715,0.9084441303653198,0.9161076823014711,594,100.0,2
S2,Pastos limpios,00000000000000000000,2023-01-01,2023-01-09,20,0.17461315549753215,0.22764440584018533,0.27551919054217716,0.8217522099679657,0.8375394463541219,0.8543821418997957,594,100.0,4
S2,Palma,00000000000000000001,2023-01-01,2023-01-09,20,0.5650614264014651,0.6258320482077877,0.6936665454379694,0.8644507050885188,0.870016891593774,0.8732681624452084,594,100.0,4
S2,Bananera,00000000000000000002,2023-01-01,2023-01-09,20,0.4965474112941745,0.6182119966717088,0.7524165399571858,0.868958594074392,0.868958594074392,0.8729068863685766,594,100.0,4
S2,Manglar,00000000000000000003,2023-01-01,2023-01-09,20,0.658795207784979,0.7007478008332458,0.7274687329972499,0.8800788544664007,0.8904264972430974,0.9010334955955384,594,100.0,4
S2,Bosque seco,00000000000000000004,2023-01-01,2023-01-09,20,0.4396355400085646,0.48671238588888116,0.5375184149352932,0.8334784157903493,0.8534245241921018,0.8617147835349408,594,100.0,4
S2,Pastos limpios,00000000000000000000,2023-01-09,2023-01-17,20,0.158557901953728,0.23262868813048942,0.3018352508940319,0.8712127797701543,0.8853945596415047,0.903290086503756,594,100.0,2
S2,Palma,00000000000000000001,2023-01-09,2023-01-17,20,0.5883082034841124,0.6466598660643815,0.7173684308468152,0.9034943102478109,0.9090737330485104,0.9131385022563577,594,100.0,2
S2,Bananera,00000000000000000002,2023-01-09,2023-01-17,20,0.496867625985668,0.6046044289031427,0.765233129712276,0.89626381682736,0.9000813593294489,0.9000813593294489,594,100.0,2
S2,Manglar,00000000000000000003,2023-01-09,2023-01-17,20,0.6754646391485242,0.7083645956006194,0.7350499019037597,0.8855380648186129,0.8956238110624015,0.9095581439113741,594,100.0,2
S2,Bosque seco,00000000000000000004,2023-01-09,2023-01-17,20,0.4556117767349186,0.4981280139914581,0.5522761431008246,0.896388061569388,0.9078402468870419,0.9201226895250196,594,100.0,2
S2,Pastos limpios,00000000000000000000,2023-01-17,2023-01-25,20,0.25053692323713384,0.2999400882229239,0.3568328353507806,0.830460042231977,0.8417651325400306,0.8618727649221403,594,100.0,4
S2,Palma,00000000000000000001,2023-01-17,2023-01-25,20,0.5676767599497033,0.6136064415156425,0.6854235805689965,0.8528469909897959,0.8564314863529052,0.8626282522229214,594,100.0,4
S2,Bananera,00000000000000000002,2023-01-17,2023-01-25,20,0.5135014377824572,0.6152761196232912,0.7337422063556626,0.8536386983384863,0.8573665407999949,0.8606408467398247,594,100.0,4
S2,Manglar,00000000000000000003,2023-01-17,2023-01-25,20,0.6563671188331895,0.6892370798755457,0.7197028321579421,0.8802103722879864,0.8917455328384047,0.9013226315241041,594,100.0,4
S2,Bosque seco,00000000000000000004,2023-01-17,2023-01-25,20,0.4323009336601645,0.45856674909097317,0.5026196085153551,0.8302593990032029,0.8455618619334864,0.8531573745376531,594,100.0,4
S2,Pastos limpios,00000000000000000000,2023-01-25,2023-02-02,20,0.24520947504791094,0.309930676791055,0.3774060531298369,0.8577319935545538,0.8719604338471071,0.888315530082207,594,100.0,2
S2,Palma,00000000000000000001,2023-01-25,2023-02-02,20,0.5464578134637039,0.5945910644400527,0.6616123003624291,0.858537901925936,0.8661322730195855,0.8721218632126492,594,100.0,2
S2,Bananera,00000000000000000002,2023-01-25,2023-02-02,20,0.45718979172962504,0.5803655767657822,0.7288944957824248,0.8652533734220141,0.8686628542251043,0.8727893625967362,594,100.0,2
S2,Manglar,00000000000000000003,2023-01-25,2023-02-02,20,0.6530821410025844,0.6899543134016005,0.7240895493885166,0.8801594112162112,0.887086278697418,0.8974620674331477,594,100.0,2
S2,Bosque seco,00000000000000000004,2023-01-25,2023-02-02,20,0.3929694369468998,0.42620625153097114,0.4699534613995566,0.8338072525995507,0.8531015645962682,0.8607227669419851,594,100.0,2
S2,Pastos limpios,00000000000000000000,2023-02-02,2023-02-10,20,0.25637545405297585,0.31792198857544257,0.3656227409144875,0.8536217096975012,0.8691731493670936,0.8934115166761701,594,100.0,4
S2,Palma,00000000000000000001,2023-02-02,2023-02-10,20,0.5128498958345681,0.5737630039705609,0.63716092469646,0.8524150895817715,0.8623547623349748,0.870377424893433,594,100.0,4
S2,Bananera,00000000000000000002,2023-02-02,2023-02-10,20,0.43153354170603475,0.557212327811891,0.672580282895193,0.8574785582066353,0.8615122634971657,0.8653740938113225,594,100.0,4
S2,Manglar,00000000000000000003,2023-02-02,2023-02-10,20,0.6585769762130287,0.695971217121671,0.7331330597681124,0.8852481892289601,0.8935254643977931,0.9031656854337028,594,100.0,4
S2,Bosque seco,00000000000000000004,2023-02-02,2023-02-10,20,0.35268995210518256,0.40420431661512674,0.4420583760408121,0.8259921404929347,0.8425540293646337,0.8569176248141653,594,100.0,4
S2,Pastos limpios,00000000000000000000,2023-02-10,2023-02-18,20,0.2851156456619038,0.3179279781069609,0.37290435856684206,0.8609755051035228,0.8808669750345702,0.8920554012389269,594,100.0,4
S2,Palma,00000000000000000001,2023-02-10,2023-02-18,20,0.4750365009572419,0.5459957150667694,0.6179381980626543,0.8427599257804715,0.8506985350211904,0.8585819203407467,594,100.0,4
S2,Bananera,00000000000000000002,2023-02-10,2023-02-18,20,0.3229637507860278,0.4782963533638621,0.6617393254022553,0.8418427424286515,0.845350933031011,0.8531907012841771,594,100.0,4
S2,Manglar,00000000000000000003,2023-02-10,2023-02-18,20,0.6629653598845885,0.6923941511135643,0.741457969734687,0.8839569841811388,0.8897079481426553,0.8994671311518524,594,100.0,4
S2,Bosque seco,00000000000000000004,2023-02-10,2023-02-18,20,0.3494585324804057,0.3965912527787358,0.42807009054975054,0.8027234852839151,0.8265396528469334,0.845676132010598,594,100.0,4
S2,Pastos limpios,00000000000000000000,2023-02-18,2023-02-26,20,0.2710076556007647,0.336821629633151,0.3841354941467247,0.8462751159863882,0.861565914192539,0.8802774166826397,594,100.0,2
S2,Palma,00000000000000000001,2023-02-18,2023-02-26,20,0.46365459454069935,0.5263174258637631,0.5987028602873266,0.8369649308014753,0.8445941729229018,0.8547773586161768,594,100.0,2
S2,Bananera,00000000000000000002,2023-02-18,2023-02-26,20,0.29106254555386,0.5020555548690765,0.6577973673898219,0.8577038091398336,0.8610226459222791,0.868790961709485,594,100.0,2
S2,Manglar,00000000000000000003,2023-02-18,2023-02-26,20,0.6616083870456821,0.6957759470486701,0.7472728992976385,0.8876602354637684,0.8954075111420674,0.900745558009031,594,100.0,2
S2,Bosque seco,00000000000000000004,2023-02-18,2023-02-26,20,0.31854673950234225,0.3529781255797121,0.38878462978953005,0.7993845172619772,0.8226487727787755,0.857397843295925,594,100.0,2
S2,Pastos limpios,00000000000000000000,2023-02-26,2023-03-06,20,0.25954924610625774,0.32974134105267633,0.3849392259468199,0.8429528780750722,0.8647906040929166,0.8781312020872831,594,100.0,4
S2,Palma,00000000000000000001,2023-02-26,2023-03-06,20,0.4448942963954684,0.5102400728692807,0.576665122527602,0.8292043633459953,0.8412222560975807,0.8500480119247665,594,100.0,4
S2,Bananera,00000000000000000002,2023-02-26,2023-03-06,20,0.3002597569700921,0.49003638455969534,0.6504992993151584,0.8492394263431846,0.8565802487899977,0.8654757431576647,594,100.0,4
S2,Manglar,00000000000000000003,2023-02-26,2023-03-06,20,0.663136513122588,0.6930433389119408,0.7512236782045546,0.8762721031148353,0.8834986058570428,0.8939253732694177,594,100.0,4
S2,Bosque seco,00000000000000000004,2023-02-26,2023-03-06,20,0.31002930882215984,0.33739798284347017,0.36532381965515837,0.7797819240606451,0.8227815699189396,0.8496068423761399,594,100.0,4
S2,Pastos limpios,00000000000000000000,2023-03-14,2023-03-22,20,0.2853461482875927,0.3737355943836021,0.440083858215182,0.8579550541340042,0.8889494893393332,0.9000946382569166,594,100.0,4
S2,Palma,00000000000000000001,2023-03-14,2023-03-22,20,0.4888049035914147,0.5244126674782396,0.5849249065342451,0.8276449039171265,0.8429652053362101,0.8540581918748176,594,100.0,4
S2,Bananera,00000000000000000002,2023-03-14,2023-03-22,20,0.3488520931682855,0.5256692960293982,0.6853826893950046,0.8885536876628967,0.892296038328223,0.8958079013826823,594,100.0,4
S2,Manglar,00000000000000000003,2023-03-14,2023-03-22,20,0.5562468431537257,0.5957651444048995,0.6553137147760036,0.8741814076907016,0.8813775383471062,0.8855592021679487,594,100.0,4
S2,Bosque seco,00000000000000000004,2023-03-14,2023-03-22,20,0.34892162568363166,0.4040269748239367,0.43900335116989425,0.7824217281028251,0.8060180288998933,0.8493522473844088,594,100.0,4
S2,Pastos limpios,00000000000000000000,2023-03-22,2023-03-30,20,0.43157161995226645,0.48599912450696664,0.5165240250024856,0.8105731816982846,0.8497080253035963,0.8794980164893339,594,100.0,4
S2,Palma,00000000000000000001,2023-03-22,2023-03-30,20,0.45799139226510394,0.5210508472222768,0.5712060025896882,0.80562632657584,0.8224299037319449,0.835623771636285,594,100.0,4
S2,Bananera,00000000000000000002,2023-03-22,2023-03-30,20,0.3729435330105436,0.5290481673353511,0.6788565755072028,0.8690587169772978,0.8731009993598129,0.8771021750873179,594,100.0,4
S2,Manglar,00000000000000000003,2023-03-22,2023-03-30,20,0.672671386952722,0.7241295346409932,0.7547961991369782,0.8508382671027735,0.8583053489852215,0.8650710554661346,594,100.0,4
S2,Bosque seco,00000000000000000004,2023-03-22,2023-03-30,20,0.38344104644251864,0.4664334500183381,0.5404229547369458,0.857180585441543,0.8653393343497233,0.8850705033166112,594,100.0,4
S2,Pastos limpios,00000000000000000000,2023-03-30,2023-04-07,20,0.4361654069441479,0.4671682922327083,0.5142362736811777,0.8435590040859551,0.8774538517775624,0.8895074439076387,594,100.0,2
S2,Palma,00000000000000000001,2023-03-30,2023-04-07,20,0.431080845137884,0.5021839588602078,0.5696059360432415,0.830257056814081,0.8448548902207798,0.8613674900887539,594,100.0,2
S2,Bananera,00000000000000000002,2023-03-30,2023-04-07,20,0.345540141014415,0.4727568729484149,0.6665835571843713,0.8728116131720212,0.876557772445995,0.8842865097467553,594,100.0,2
S2,Manglar,00000000000000000003,2023-03-30,2023-04-07,20,0.7174161049260133,0.7562658327349336,0.7816853808408758,0.8753059763373213,0.880394005064642,0.8862360824407214,594,100.0,2
S2,Bosque seco,00000000000000000004,2023-03-30,2023-04-07,20,0.35450856214810633,0.42085782499756164,0.48309975438077607,0.9040701158357841,0.9196735450503534,0.9275368194943717,594,100.0,2
S2,Pastos limpios,00000000000000000000,2023-04-07,2023-04-15,20,0.4423084208602926,0.47539671184014043,0.5056442361221422,0.8022706974453302,0.8339733264254559,0.8890690600960706,594,100.0,4
S2,Palma,00000000000000000001,2023-04-07,2023-04-15,20,0.48280964531683584,0.5327425607678874,0.5847690172852975,0.7899340153786801,0.8013999419914366,0.8177001292060325,594,100.0,4
S2,Bananera,00000000000000000002,2023-04-07,2023-04-15,20,0.4130771849972926,0.5300257143335307,0.6657285853778413,0.8734332154935736,0.8808039684557374,0.8885187526281372,594,100.0,4
S2,Manglar,00000000000000000003,2023-04-07,2023-04-15,20,0.7037418181554915,0.725526214566058,0.7588982980867401,0.872393039405354,0.8797868794132914,0.8878358131517216,594,100.0,4
S2,Bosque seco,00000000000000000004,2023-04-07,2023-04-15,20,0.41831571480726965,0.4960739226968389,0.5753205916309617,0.9003886695870791,0.9117837367854444,0.9242901733453657,594,100.0,4
S2,Pastos limpios,00000000000000000000,2023-04-15,2023-04-23,20,0.3077755427700058,0.39545397475443833,0.44358318350727854,0.8069077471096825,0.8544533625617975,0.8733888916516943,594,100.0,2
S2,Palma,00000000000000000001,2023-04-15,2023-04-23,20,0.493198652178616,0.5247927177629809,0.5784808077555964,0.7548658637368724,0.7609328771240895,0.7726780692349261,503,84.45828740976006,2
S2,Bananera,00000000000000000002,2023-04-15,2023-04-23,20,0.4428056341822575,0.5445544344706016,0.6806174873820707,0.8613185279773637,0.865053377682791,0.865053377682791,594,100.0,2
S2,Bosque seco,00000000000000000004,2023-04-15,2023-04-23,20,0.48315418204967375,0.5475201581612762,0.6354961853642631,0.8924691719134059,0.8997826992911724,0.9078718951502306,594,100.0,2
S2,Pastos limpios,00000000000000000000,2023-04-23,2023-05-01,20,0.35694153005026114,0.3998006496865127,0.43631400785318625,0.7856045979048166,0.8344534657429924,0.8531025792809492,594,100.0,4
S2,Palma,00000000000000000001,2023-04-23,2023-05-01,20,0.4914160208804608,0.5461439029662418,0.6042009488269805,0.7894186450024042,0.7993922706125767,0.808986468463237,590,99.35886429505884,4
S2,Bananera,00000000000000000002,2023-04-23,2023-05-01,20,0.4164833241009373,0.5384283558517505,0.620318662147848,0.8063948414044771,0.8185982921607078,0.8217839729136944,547,93.12274592391482,4
S2,Bosque seco,00000000000000000004,2023-04-23,2023-05-01,20,0.4871309547857192,0.5620972710987274,0.6218043259687096,0.7917842389871069,0.7977856982054605,0.803403291611669,594,100.0,4
S2,Pastos limpios,00000000000000000000,2023-05-01,2023-05-09,20,0.4944135833098298,0.5260758466599138,0.5647258827628124,0.8294573833082941,0.8847275506323637,0.9077414262409861,594,100.0,6
S2,Palma,00000000000000000001,2023-05-01,2023-05-09,20,0.486828581742351,0.5597625540065503,0.6259382718683291,0.8328790265563174,0.8449344551337284,0.8626904167398773,594,100.0,6
S2,Bananera,00000000000000000002,2023-05-01,2023-05-09,20,0.4056241756386587,0.5806523702067612,0.7249449504507502,0.9046339814120188,0.9081782724860843,0.9157494931986412,594,100.0,6
S2,Manglar,00000000000000000003,2023-05-01,2023-05-09,20,0.5659324034248038,0.5866844267902392,0.6026284058059911,0.8646800732086136,0.8820775406946203,0.8950128021691115,594,100.0,6
S2,Bosque seco,00000000000000000004,2023-05-01,2023-05-09,20,0.4130950307086762,0.4550339467603144,0.5062088675708023,0.9162210317032095,0.9243655763657755,0.9350925247208369,594,100.0,6
S2,Pastos limpios,00000000000000000000,2023-05-09,2023-05-17,20,0.47857269844090244,0.5176413911532616,0.5669851024386384,0.8227571259991977,0.8687893267999565,0.894259543065078,594,100.0,2
S2,Palma,00000000000000000001,2023-05-09,2023-05-17,20,0.4994092555127302,0.5571399502391069,0.621936207249906,0.8218401485505528,0.8329131957935474,0.8445097432656066,594,100.0,2
S2,Bananera,00000000000000000002,2023-05-09,2023-05-17,20,0.4159585475330209,0.5885757133854416,0.7245994668937167,0.8686519970502424,0.8768138866511236,0.8847952914665816,594,100.0,2
S2,Manglar,00000000000000000003,2023-05-09,2023-05-17,20,0.5687253067509376,0.6155579707736367,0.6299548611823381,0.8637342616987751,0.8855445623184108,0.9001243173404117,594,100.0,2
S2,Bosque seco,00000000000000000004,2023-05-09,2023-05-17,20,0.35910395826481417,0.39247151973036687,0.43204569731615716,0.8850798160180142,0.9012130473060468,0.9080884935991864,594,100.0,2
S2,Pastos limpios,00000000000000000000,2023-05-17,2023-05-25,20,0.26019441861865056,0.32705338460607586,0.38214485901910533,0.8415437704008726,0.885753758491669,0.900000787898836,594,100.0,4
S2,Palma,00000000000000000001,2023-05-17,2023-05-25,20,0.5217324161685784,0.5718637688069386,0.6475663833013254,0.8291872983667508,0.8405692395941846,0.8527718823203844,594,100.0,4
S2,Bananera,00000000000000000002,2023-05-17,2023-05-25,20,0.46662691543584267,0.628630187212851,0.7206050036727399,0.8885921556352538,0.8962390335196897,0.8999495859525617,594,100.0,4
S2,Manglar,00000000000000000003,2023-05-17,2023-05-25,20,0.3500897525181156,0.4162067850097868,0.491894626995461,0.8880819592545025,0.9083845698940618,0.9237949819707976,594,100.0,4
S2,Bosque seco,00000000000000000004,2023-05-17,2023-05-25,20,0.4634191250259845,0.5137822195347419,0.5573853499626977,0.9197162805835979,0.9281829479957808,0.935609935659804,582,98.82145523316468,4
S2,Pastos limpios,00000000000000000000,2023-05-25,2023-06-02,20,0.25069381376673366,0.28327318312346395,0.3309846505569621,0.6731395911478539,0.6891950715298599,0.7130944562714487,594,100.0,2
S2,Manglar,00000000000000000003,2023-05-25,2023-06-02,20,0.4896476060395449,0.557397541226877,0.6068483399047344,0.8533277148698537,0.8698533327779641,0.8755208416322755,594,100.0,2
S2,Pastos limpios,00000000000000000000,2023-06-02,2023-06-10,20,0.25224793628580544,0.2991917116257687,0.34583173827079794,0.7170242223225903,0.7631300832773097,0.8026857979458026,594,100.0,4
S2,Bananera,00000000000000000002,2023-06-02,2023-06-10,20,0.48262073554137386,0.5839206824894083,0.6196100737835687,0.8770051643528162,0.8805534972241366,0.884514918203515,594,100.0,4
S2,Manglar,00000000000000000003,2023-06-02,2023-06-10,20,0.5354491497023743,0.6226174109600904,0.6767440272671578,0.868966747631784,0.8764850687505175,0.8851873259101686,594,100.0,4
S2,Pastos limpios,00000000000000000000,2023-06-10,2023-06-18,20,0.16225500176471414,0.24441914280818602,0.30695544425645427,0.740472487802917,0.7667656713395816,0.818358811991442,523,88.87072409871394,4
S2,Palma,00000000000000000001,2023-06-10,2023-06-18,20,0.5846900037205773,0.6401259025634392,0.6688620894587636,0.7604654784059379,0.8366485133516535,0.852224912994575,594,100.0,4
S2,Manglar,00000000000000000003,2023-06-10,2023-06-18,20,0.606637380079151,0.6785341241327975,0.7368037346507674,0.89190123528821,0.9000288446165042,0.9080514220388709,594,100.0,4
S2,Pastos limpios,00000000000000000000,2023-06-18,2023-06-26,20,0.3646050067557218,0.39733835068543905,0.43975242715961543,0.7528670876772533,0.7918359955949649,0.84398512270165,594,100.0,2
S2,Palma,00000000000000000001,2023-06-18,2023-06-26,20,0.5912537463931983,0.6627155173711526,0.748597962411036,0.8876256677861958,0.8914686117969698,0.9009529997803223,594,100.0,2
S2,Bananera,00000000000000000002,2023-06-18,2023-06-26,20,0.49488590184237174,0.6350205530905277,0.7165817383389369,0.8570253512739502,0.8654060521428778,0.8723688248197612,594,100.0,2
S2,Manglar,00000000000000000003,2023-06-18,2023-06-26,20,0.6962350855319798,0.7299816708516184,0.75446601967764,0.8526380398573594,0.8567455292749667,0.8640472014353743,594,100.0,2
S2,Bosque seco,00000000000000000004,2023-06-18,2023-06-26,20,0.5348901019344178,0.6123439689165087,0.653183327290952,0.8917038025121177,0.8991966055657376,0.9073936665389538,594,100.0,2
S2,Manglar,00000000000000000003,2023-06-26,2023-07-04,20,0.46239833342401926,0.5915797907488426,0.6819509797791012,0.9072205926010526,0.9152078235414561,0.9237904676292821,594,100.0,4
S2,Pastos limpios,00000000000000000000,2023-07-12,2023-07-20,20,0.26890363941545664,0.3693179001076567,0.42794319208611065,0.8770260391006732,0.8929580695620191,0.9083543580971489,592,100.0,4
S2,Palma,00000000000000000001,2023-07-12,2023-07-20,20,0.6403436078126676,0.7078397337533385,0.7498475187413238,0.8820715600861468,0.8853618068018573,0.8917341334844948,518,87.37786935074195,4
S2,Bananera,00000000000000000002,2023-07-12,2023-07-20,20,0.5460371401160656,0.6528374173761566,0.7075427855085645,0.8880684176489517,0.8930808719193916,0.9007903026642374,572,95.96725943692456,4
S2,Manglar,00000000000000000003,2023-07-12,2023-07-20,20,0.6,0.638824428592897,0.6509201254880485,0.7533592058288417,0.7609897753048602,0.7691425934858823,578,97.79513069787778,4
S2,Bosque seco,00000000000000000004,2023-07-12,2023-07-20,20,0.550086637209542,0.5678051028808487,0.5868748707212974,0.9222844996072153,0.9310207569968739,0.9345015329780048,594,100.0,4
S2,Pastos limpios,00000000000000000000,2023-07-20,2023-07-28,20,0.3784585895596061,0.4253772071484109,0.474979187264736,0.8294712817533749,0.8702963756791501,0.8842080272930543,594,100.0,4
S2,Palma,00000000000000000001,2023-07-20,2023-07-28,20,0.5620071486359663,0.6308880299037938,0.6982972047857046,0.8918151514883593,0.8994581219176713,0.903582253190287,594,100.0,4
S2,Bananera,00000000000000000002,2023-07-20,2023-07-28,20,0.4955394226635994,0.6350038990291795,0.6977256170626719,0.8845603689578532,0.888614448574665,0.8961498611861551,594,100.0,4
S2,Manglar,00000000000000000003,2023-07-20,2023-07-28,20,0.5418969481726038,0.564919915601856,0.5798945811088941,0.9202537264733651,0.9312302912457796,0.9401278849616354,594,100.0,4
S2,Bosque seco,00000000000000000004,2023-07-20,2023-07-28,20,0.5169135278641228,0.5810107344019334,0.6391737341936145,0.9241643341600556,0.9354842208858605,0.9437984199139926,594,100.0,4
S2,Pastos limpios,00000000000000000000,2023-07-28,2023-08-05,20,0.5397775395769464,0.560251329933558,0.6075655546440332,0.8889134478502463,0.9044754376935872,0.9114594678634422,594,100.0,2
S2,Palma,00000000000000000001,2023-07-28,2023-08-05,20,0.5603608771149634,0.6374814180165473,0.7390116014475663,0.8894633388020045,0.8974770775455351,0.903248821058793,594,100.0,2
S2,Manglar,00000000000000000003,2023-07-28,2023-08-05,20,0.7856160651802169,0.827505012360396,0.8468578313242486,0.9189551348461039,0.9247274656098071,0.9301596085001081,594,100.0,2
S2,Bosque seco,00000000000000000004,2023-07-28,2023-08-05,20,0.5553492141724145,0.6385182038907349,0.6812321202042495,0.9317131185833553,0.9396109734991575,0.9434352255437055,594,100.0,2
S2,Pastos limpios,00000000000000000000,2023-08-05,2023-08-13,20,0.5473692015304337,0.5831260004157743,0.6111101392404781,0.8692934784817243,0.8811335137975987,0.8929282917122909,594,100.0,4
S2,Palma,00000000000000000001,2023-08-05,2023-08-13,20,0.5361307302471853,0.6125336608356533,0.7045661900752366,0.8660305782975634,0.8738224161404996,0.8815971960649751,594,100.0,4
S2,Bananera,00000000000000000002,2023-08-05,2023-08-13,20,0.24713910256784644,0.3892414592552998,0.6123714539551575,0.8074254894805318,0.8305329183827073,0.8428893942820856,594,100.0,4
S2,Manglar,00000000000000000003,2023-08-05,2023-08-13,20,0.7681954236669637,0.8079231377117886,0.8270405122688762,0.8953638454775638,0.9054412695200535,0.9112374619865158,594,100.0,4
S2,Bosque seco,00000000000000000004,2023-08-05,2023-08-13,20,0.49816153984816847,0.579866335408597,0.6348904586249494,0.9202614171100206,0.9276816454560011,0.931809013983695,594,100.0,4
S2,Pastos limpios,00000000000000000000,2023-08-13,2023-08-21,20,0.5833470601359149,0.6045883914895412,0.6263422148678054,0.8113940558841243,0.8229973743404481,0.8356680927058303,585,98.86737840485846,2
S2,Bananera,00000000000000000002,2023-08-13,2023-08-21,20,0.3254816340706433,0.4669466708152101,0.6131247071278825,0.7598683456067069,0.7754178354585359,0.7876233058837453,594,100.0,2
S2,Manglar,00000000000000000003,2023-08-13,2023-08-21,20,0.6219802965501213,0.6363069807504407,0.6460328997445192,0.7435977371330375,0.7568986976851316,0.7632376598641958,594,100.0,2
S2,Manglar,00000000000000000003,2023-08-21,2023-08-29,20,0.490846805150193,0.5170120974919816,0.5358848453383942,0.6614261047355703,0.6787962331681933,0.6943019093978264,588,98.9309778769734,4
S2,Bosque seco,00000000000000000004,2023-08-21,2023-08-29,20,0.5488215525755525,0.5810029465430592,0.6008019286126548,0.7138350239730181,0.7222648994522243,0.7271132112471267,594,100.0,4
S2,Pastos limpios,00000000000000000000,2023-08-29,2023-09-06,20,0.6056864321076831,0.6275179448695724,0.6418226487508084,0.8478710546084641,0.8759772533114525,0.8855370438089326,594,100.0,4
S2,Palma,00000000000000000001,2023-08-29,2023-09-06,20,0.5479425556950681,0.6042233769976545,0.6650106064280796,0.8334728618674959,0.8527334182773723,0.8705139237792376,594,100.0,4
S2,Bananera,00000000000000000002,2023-08-29,2023-09-06,20,0.4358997716081552,0.5737409334351151,0.6156996551595331,0.7443775573006868,0.7588829347211788,0.8157326249528137,594,100.0,4
S2,Manglar,00000000000000000003,2023-08-29,2023-09-06,20,0.793863098110023,0.8216559122816615,0.8384505597553997,0.9284613083889874,0.9407074827120022,0.9559605145381158,594,100.0,4
S2,Bosque seco,00000000000000000004,2023-08-29,2023-09-06,20,0.524661550989033,0.5720730170214261,0.6108859060391142,0.9124392591632189,0.9277840885474081,0.9359588711815982,594,100.0,4
S2,Pastos limpios,00000000000000000000,2023-09-14,2023-09-22,20,0.5960526301815335,0.6141978545602891,0.6240835658083292,0.8564112789861162,0.8699648835339646,0.8816432572609197,594,100.0,4
S2,Palma,00000000000000000001,2023-09-14,2023-09-22,20,0.540332538425388,0.5959221584327923,0.6157393450856428,0.8325666460454526,0.8482323614770955,0.8583594212085088,594,100.0,4
S2,Bananera,00000000000000000002,2023-09-14,2023-09-22,20,0.47448680792734804,0.5921625668315524,0.6422330558025817,0.8262235920261294,0.8490254018233327,0.8615721373331651,594,100.0,4
S2,Manglar,00000000000000000003,2023-09-14,2023-09-22,20,0.6255896344020672,0.6374231454966298,0.647485864098847,0.8103655704986347,0.8313253025673621,0.8558237513029543,594,100.0,4
S2,Bosque seco,00000000000000000004,2023-09-14,2023-09-22,20,0.4794132854627501,0.5005410334149603,0.522939641140548,0.864545305038398,0.8779054077650256,0.8875303765583933,594,100.0,4
S2,Pastos limpios,00000000000000000000,2023-09-22,2023-09-30,20,0.49430242084127357,0.5092557336772514,0.5219886191820787,0.5755401913709535,0.5826773594183855,0.5900942087512945,594,100.0,2
S2,Palma,00000000000000000001,2023-09-22,2023-09-30,20,0.47920685347773856,0.49149957690149915,0.5090364897709042,0.5465905833208976,0.5519372976585973,0.5561233656248944,594,100.0,2
S2,Bananera,00000000000000000002,2023-09-22,2023-09-30,20,0.45739912803278976,0.5025071657801445,0.5314790280469454,0.5776774217155796,0.5805670702439495,0.5824387779141849,594,100.0,2
S2,Bosque seco,00000000000000000004,2023-09-22,2023-09-30,20,0.5026070760129726,0.524914967659978,0.5464592338310819,0.6429322108287606,0.6500122506117185,0.6598085037632697,594,100.0,2
S2,Pastos limpios,00000000000000000000,2023-09-30,2023-10-08,20,0.6763353248456929,0.7276329506793178,0.7591042860469909,0.8701239847377934,0.879628842661453,0.8834443979004146,594,100.0,4
S2,Palma,00000000000000000001,2023-09-30,2023-10-08,20,0.5353887977828968,0.5772107529645503,0.6412601359893642,0.7352852753327742,0.7410519782220203,0.7449400803573353,594,100.0,4
S2,Bananera,00000000000000000002,2023-09-30,2023-10-08,20,0.502911442469263,0.6115435647905849,0.6749249261282575,0.7726386481408174,0.7803497297967865,0.7882529654803438,594,100.0,4
S2,Manglar,00000000000000000003,2023-09-30,2023-10-08,20,0.7021804339544019,0.7287093910539441,0.7524683229681208,0.864313778305611,0.8737575663388004,0.8858264588630196,594,100.0,4
S2,Bosque seco,00000000000000000004,2023-09-30,2023-10-08,20,0.49534978123422246,0.5449783087873938,0.5963646340048085,0.8926853700446772,0.9006257300648715,0.9089583681334,594,100.0,4
S2,Pastos limpios,00000000000000000000,2023-10-08,2023-10-16,20,0.42896647748595723,0.5130163417064061,0.5536342466512604,0.8338587172338069,0.8457467251698999,0.8530803211665066,594,100.0,4
S2,Manglar,00000000000000000003,2023-10-08,2023-10-16,20,0.6540744364078087,0.6988123557331744,0.7242591876860807,0.8379199454228469,0.8497811194367452,0.8573674250188613,564,95.20444121282658,4
S2,Bosque seco,00000000000000000004,2023-10-08,2023-10-16,20,0.6274611229044778,0.6751998504945975,0.7062145676066972,0.8740155648628714,0.8778709897247755,0.8858174991463117,578,98.14265345393112,4
S2,Bananera,00000000000000000002,2023-10-16,2023-10-24,20,0.4224708345717391,0.5226316165468811,0.5439679385289362,0.6183630481087389,0.6299704444216705,0.6417838095939841,594,100.0,2
S2,Bosque seco,00000000000000000004,2023-10-16,2023-10-24,20,0.5492398645840548,0.580571943219009,0.641489925832104,0.8732473493790833,0.8804156527406091,0.8845864570573944,594,100.0,2
S2,Pastos limpios,00000000000000000000,2023-10-24,2023-11-01,20,0.29890340998084225,0.39948411967216707,0.4393721909247139,0.7711918542630303,0.7867932320108343,0.7943821375312264,594,100.0,4
S2,Palma,00000000000000000001,2023-10-24,2023-11-01,20,0.4768478058202951,0.4912516596528864,0.5031650186684765,0.8174098299787871,0.821422396346571,0.827527890677549,572,97.19037002902812,4
S2,Bananera,00000000000000000002,2023-10-24,2023-11-01,20,0.5328907829440431,0.6631304719405555,0.7093639400816013,0.8113102236857794,0.8170035548384705,0.8230189599247586,534,91.82382089783972,4
S2,Manglar,00000000000000000003,2023-10-24,2023-11-01,20,0.6779422688275449,0.7095649897522054,0.7398530307308993,0.8407184472275111,0.846632558937816,0.8507378210337248,594,100.0,4
S2,Bosque seco,00000000000000000004,2023-10-24,2023-11-01,20,0.4906230860842387,0.5145001278645591,0.5362888159759899,0.7177770254699399,0.725548099910295,0.7351550545913086,594,100.0,4
S2,Pastos limpios,00000000000000000000,2023-11-01,2023-11-09,20,0.09736735148701199,0.29311976552151586,0.37009180846050665,0.878192845778493,0.8867114976941742,0.8939790315676286,594,100.0,2
S2,Palma,00000000000000000001,2023-11-01,2023-11-09,20,0.6347205493606374,0.7094511775673619,0.7595077466718073,0.911756315334715,0.9198439656640399,0.9360474682317688,563,95.01395210743216,2
S2,Manglar,00000000000000000003,2023-11-01,2023-11-09,20,0.5318624580778766,0.6425347157123609,0.7250334481280551,0.9198512924117977,0.9236233112433347,0.9319900437893712,594,100.0,2
S2,Bosque seco,00000000000000000004,2023-11-01,2023-11-09,20,0.6354485234181007,0.6868870119227837,0.7276848331526234,0.9284876787226102,0.934452576729578,0.940365791833695,594,100.0,2
S2,Pastos limpios,00000000000000000000,2023-11-09,2023-11-17,20,0.3897888073783772,0.5052042547646345,0.5710390756892109,0.8965388529162013,0.9088403294652305,0.9164789929660175,594,100.0,4
S2,Palma,00000000000000000001,2023-11-09,2023-11-17,20,0.6103863442929556,0.6703253490382689,0.7139956770246682,0.8973501368973104,0.9053339518034763,0.9107526268117654,594,100.0,4
S2,Bananera,00000000000000000002,2023-11-09,2023-11-17,20,0.49966931889103333,0.649600922563789,0.7415156249355532,0.8926999171545928,0.8966199191618487,0.8998850718479744,594,100.0,4
S2,Manglar,00000000000000000003,2023-11-09,2023-11-17,20,0.7017688556847569,0.7577863371098413,0.8019491352684244,0.9114256655148413,0.9188909471139486,0.9231411657232346,594,100.0,4
S2,Bosque seco,00000000000000000004,2023-11-09,2023-11-17,20,0.6491287373088604,0.6961951739733043,0.732637146696193,0.9270249711418977,0.9317541786540561,0.9397539025238438,594,100.0,4
S2,Pastos limpios,00000000000000000000,2023-11-17,2023-11-25,20,0.48292947316655155,0.5491707110970093,0.5923535141799835,0.8732582568068047,0.8924178762034201,0.9081405577186219,594,100.0,4
S2,Palma,00000000000000000001,2023-11-17,2023-11-25,20,0.6359038572295876,0.6814310997840005,0.7626894303735046,0.8972745653532512,0.9032570589752237,0.9091351136682619,594,100.0,4
S2,Bananera,00000000000000000002,2023-11-17,2023-11-25,20,0.5696481566292839,0.6966097506641291,0.7522536715338075,0.888387046940746,0.8921035166247885,0.8967909335406029,594,100.0,4
S2,Manglar,00000000000000000003,2023-11-17,2023-11-25,20,0.8008822579704021,0.8275571598708273,0.8448822885245268,0.908694957040147,0.9146671945861742,0.9174827324589713,594,100.0,4
S2,Bosque seco,00000000000000000004,2023-11-17,2023-11-25,20,0.6737482941605037,0.7102525429042164,0.7607425378324736,0.9307084971458468,0.9346339607907005,0.9384181692502064,594,100.0,4
S2,Pastos limpios,00000000000000000000,2023-11-25,2023-12-03,20,0.5214379953607152,0.5589006212488756,0.5888585110687906,0.8117692381079478,0.8368768524057334,0.8545814705395536,594,100.0,2
S2,Palma,00000000000000000001,2023-11-25,2023-12-03,20,0.616724744377282,0.6711639874833386,0.7130762089798177,0.8524155908944457,0.8584616915970288,0.8644524707058191,521,87.25925154978434,2
S2,Bananera,00000000000000000002,2023-11-25,2023-12-03,20,0.516527292446589,0.6548359586287322,0.7130091328914144,0.8493613546073439,0.8576307972867665,0.861245679730116,594,100.0,2
S2,Manglar,00000000000000000003,2023-11-25,2023-12-03,20,0.7679410645497702,0.7965259512348196,0.8165380425689033,0.88622760373244,0.8909492559711977,0.8979833902883457,594,100.0,2
S2,Bosque seco,00000000000000000004,2023-11-25,2023-12-03,20,0.5402254460687685,0.5738273295995955,0.6005687811078543,0.741247818171613,0.7515113992131288,0.758931541561025,594,100.0,2
S2,Pastos limpios,00000000000000000000,2023-12-03,2023-12-11,20,0.4002379932386297,0.4591397790671187,0.5479459314073034,0.854204904405298,0.8734045573621528,0.8871992482487526,594,100.0,2
S2,Palma,00000000000000000001,2023-12-03,2023-12-11,20,0.5850290442033568,0.6452872510389907,0.7293679872978843,0.8940455745956084,0.8992308034549287,0.9033123094111764,594,100.0,2
S2,Bananera,00000000000000000002,2023-12-03,2023-12-11,20,0.4606603941895311,0.656123373360487,0.7090409545457648,0.8844379748088049,0.8885323665301214,0.8922555567229998,594,100.0,2
S2,Manglar,00000000000000000003,2023-12-03,2023-12-11,20,0.7363459557663178,0.7794072668534594,0.807310990335481,0.8920313166966362,0.9007242734492124,0.9084901293648755,594,100.0,2
S2,Bosque seco,00000000000000000004,2023-12-03,2023-12-11,20,0.4632478945981031,0.5131003238311089,0.5720405555596093,0.9240773023773743,0.9314846429505486,0.9355200896539753,594,100.0,2
S2,Pastos limpios,00000000000000000000,2023-12-11,2023-12-19,20,0.41232219882252746,0.43921205556706866,0.5179923077377651,0.8223726497545436,0.8456381579422274,0.8609980644910996,594,100.0,2
S2,Palma,00000000000000000001,2023-12-11,2023-12-19,20,0.5806343339524781,0.6335759003789068,0.711466145915255,0.8679358780544033,0.8734061560078967,0.8799406402041787,594,100.0,2
S2,Bananera,00000000000000000002,2023-12-11,2023-12-19,20,0.45363674262861453,0.6384348855687202,0.6899963301317587,0.8420223587216289,0.8495363662095113,0.857186064321678,594,100.0,2
S2,Manglar,00000000000000000003,2023-12-11,2023-12-19,20,0.7411187589709507,0.778438663926572,0.8059152613528723,0.9036688115371244,0.9110563028429819,0.9211829789910461,594,100.0,2
S2,Bosque seco,00000000000000000004,2023-12-11,2023-12-19,20,0.45189084482133646,0.4870567303061681,0.5370294765349591,0.8228494624401546,0.8303511803172005,0.8417671439629317,594,100.0,2
S2,Pastos limpios,00000000000000000000,2023-12-19,2023-12-27,20,0.4460903407071472,0.5021820027134323,0.5471809789781087,0.8183779476094404,0.8419335615474314,0.8616500353624678,594,100.0,4
S2,Palma,00000000000000000001,2023-12-19,2023-12-27,20,0.5561412611890678,0.6121915323682517,0.6830236489816925,0.8408251570332705,0.8486051619465681,0.8581325567636359,594,100.0,4
S2,Bananera,00000000000000000002,2023-12-19,2023-12-27,20,0.470549105132837,0.6385542738320715,0.6843053335331339,0.82986723301539,0.8459021866966584,0.8533604971725077,594,100.0,4
S2,Manglar,00000000000000000003,2023-12-19,2023-12-27,20,0.664169749854344,0.7023685592168867,0.7388232992085995,0.8678088757910428,0.8831996692003025,0.9031238276323947,594,100.0,4
S2,Bosque seco,00000000000000000004,2023-12-19,2023-12-27,20,0.4276069981528929,0.4713689731743383,0.5128309589063156,0.8610415979968568,0.8772991726721714,0.8808827020021773,594,100.0,4
S2,Pastos limpios,00000000000000000000,2023-12-27,2024-01-01,20,0.4471429850430064,0.4791429735788782,0.5028042365231179,0.6864070333215987,0.7035431727338197,0.7205223131533824,594,100.0,2
S2,Palma,00000000000000000001,2023-12-27,2024-01-01,20,0.5462126085162443,0.5953834687284706,0.6610477414835754,0.8175535524526891,0.8269242038224359,0.8334738891077885,594,100.0,2
S2,Bananera,00000000000000000002,2023-12-27,2024-01-01,20,0.46545884564773354,0.657873466308513,0.6964150170200699,0.8145502653377127,0.8222977575397169,0.8261997987781595,594,100.0,2
S2,Manglar,00000000000000000003,2023-12-27,2024-01-01,20,0.6205498823889457,0.6419798757931352,0.6586701873132058,0.7620744398719445,0.7719349268804402,0.7808003292942887,594,100.0,2
S2,Bosque seco,00000000000000000004,2023-12-27,2024-01-01,20,0.47474226750652504,0.5231963681095441,0.5698321051055755,0.8617978821889494,0.8692986470140543,0.8728293157722595,594,100.0,2
