source,station,station_id,period_start,period_end,source_scale_m,products,coverage_pct,NDVI_p05,NDVI_p95,nonwater_pixel_count
HLS,Pastos limpios,00000000000000000000,2021-01-01,2021-01-09,30,6,100.0,0.5102672179539999,0.8273659547170004,288
HLS,Palma,00000000000000000001,2021-01-01,2021-01-09,30,6,100.0,0.7252771854400635,0.8974256170210544,286
HLS,Bananera,00000000000000000002,2021-01-01,2021-01-09,30,6,100.0,0.7516512870788574,0.9083024041961558,287
HLS,Manglar,00000000000000000003,2021-01-01,2021-01-09,30,6,100.0,0.6612344006183843,0.8637739311419975,272
HLS,Bosque seco,00000000000000000004,2021-01-01,2021-01-09,30,6,100.0,0.6165460348129272,0.8762065598050954,271
HLS,Pastos limpios,00000000000000000000,2021-01-09,2021-01-17,30,8,95.23043513230918,0.5140985250473022,0.7586992315467826,267
HLS,Palma,00000000000000000001,2021-01-09,2021-01-17,30,8,100.0,0.7088261842727661,0.8934246897697449,286
HLS,Bananera,00000000000000000002,2021-01-09,2021-01-17,30,8,100.0,0.6925439536571503,0.9002321115008624,287
HLS,Manglar,00000000000000000003,2021-01-09,2021-01-17,30,8,30.86499805472702,,,0
HLS,Bosque seco,00000000000000000004,2021-01-09,2021-01-17,30,8,100.0,0.5574805916254244,0.8800999092019123,271
HLS,Pastos limpios,00000000000000000000,2021-01-17,2021-01-25,30,6,100.0,0.4898764193058014,0.8213270306587219,288
HLS,Palma,00000000000000000001,2021-01-17,2021-01-25,30,6,100.0,0.6878980994224548,0.8891803962970516,286
HLS,Bananera,00000000000000000002,2021-01-17,2021-01-25,30,6,100.0,0.7373534838358561,0.9045617775728473,287
HLS,Manglar,00000000000000000003,2021-01-17,2021-01-25,30,6,100.0,0.6516451835632324,0.864234413419451,272
HLS,Bosque seco,00000000000000000004,2021-01-17,2021-01-25,30,6,100.0,0.48579612374305725,0.8567938010877804,271
HLS,Pastos limpios,00000000000000000000,2021-01-25,2021-02-02,30,8,100.0,0.5332348346710205,0.8023868799209595,288
HLS,Palma,00000000000000000001,2021-01-25,2021-02-02,30,8,100.0,0.6769525606997842,0.881532507283347,286
HLS,Bananera,00000000000000000002,2021-01-25,2021-02-02,30,8,100.0,0.6542384922504425,0.8883302173229867,287
HLS,Manglar,00000000000000000003,2021-01-25,2021-02-02,30,8,100.0,0.6318311362064761,0.8470192093311805,272
HLS,Bosque seco,00000000000000000004,2021-01-25,2021-02-02,30,8,100.0,0.4665885269641876,0.8370544626440167,271
HLS,Pastos limpios,00000000000000000000,2021-02-02,2021-02-10,30,6,100.0,0.5265306234359741,0.803755134344101,288
HLS,Palma,00000000000000000001,2021-02-02,2021-02-10,30,6,100.0,0.6678966879844666,0.8797996094241678,286
HLS,Bananera,00000000000000000002,2021-02-02,2021-02-10,30,6,100.0,0.727554202079773,0.8999783529175652,287
HLS,Manglar,00000000000000000003,2021-02-02,2021-02-10,30,6,100.0,0.6383747661459273,0.8522180318832397,272
HLS,Bosque seco,00000000000000000004,2021-02-02,2021-02-10,30,6,100.0,0.4186444878578186,0.8265993416233716,271
HLS,Pastos limpios,00000000000000000000,2021-02-10,2021-02-18,30,8,100.0,0.5301178097724915,0.8096426983227891,288
HLS,Palma,00000000000000000001,2021-02-10,2021-02-18,30,8,100.0,0.6753677725791931,0.8767752051353455,286
HLS,Bananera,00000000000000000002,2021-02-10,2021-02-18,30,8,100.0,0.7567633390426636,0.8844370358061082,287
HLS,Manglar,00000000000000000003,2021-02-10,2021-02-18,30,8,100.0,0.6108843684196472,0.8290280571719945,272
HLS,Bosque seco,00000000000000000004,2021-02-10,2021-02-18,30,8,100.0,0.443358451128006,0.8030174412808493,271
HLS,Pastos limpios,00000000000000000000,2021-02-18,2021-02-26,30,6,100.0,0.5351462364196777,0.809560239315033,288
HLS,Palma,00000000000000000001,2021-02-18,2021-02-26,30,6,100.0,0.6387683153152466,0.8659434132277966,286
HLS,Bananera,00000000000000000002,2021-02-18,2021-02-26,30,6,100.0,0.740262288697727,0.8841741804027983,287
HLS,Manglar,00000000000000000003,2021-02-18,2021-02-26,30,6,100.0,0.6014524986082157,0.8395354747772218,272
HLS,Bosque seco,00000000000000000004,2021-02-18,2021-02-26,30,6,100.0,0.4004013737042745,0.8028624355792999,271
HLS,Pastos limpios,00000000000000000000,2021-02-26,2021-03-06,30,8,100.0,0.5267817974090576,0.8119113586045719,288
HLS,Palma,00000000000000000001,2021-02-26,2021-03-06,30,8,100.0,0.6458684802055359,0.860796509179782,286
HLS,Bananera,00000000000000000002,2021-02-26,2021-03-06,30,8,100.0,0.7348411679267883,0.8845492396897126,287
HLS,Manglar,00000000000000000003,2021-02-26,2021-03-06,30,8,100.0,0.5502657684557687,0.8255195617675781,272
HLS,Bosque seco,00000000000000000004,2021-02-26,2021-03-06,30,8,100.0,0.3858681321144104,0.7901758551597596,271
HLS,Pastos limpios,00000000000000000000,2021-03-06,2021-03-14,30,6,0.0,,,0
HLS,Palma,00000000000000000001,2021-03-06,2021-03-14,30,6,0.0,,,0
HLS,Bananera,00000000000000000002,2021-03-06,2021-03-14,30,6,0.0,,,0
HLS,Manglar,00000000000000000003,2021-03-06,2021-03-14,30,6,0.0,,,0
HLS,Bosque seco,00000000000000000004,2021-03-06,2021-03-14,30,6,0.0,,,0
HLS,Pastos limpios,00000000000000000000,2021-03-14,2021-03-22,30,8,100.0,0.531977633635203,0.8361871242523193,288
HLS,Palma,00000000000000000001,2021-03-14,2021-03-22,30,8,100.0,0.6009389162063599,0.8667787449605618,286
HLS,Bananera,00000000000000000002,2021-03-14,2021-03-22,30,8,100.0,0.7107243537902832,0.8962859291513353,287
HLS,Manglar,00000000000000000003,2021-03-14,2021-03-22,30,8,100.0,0.48749688267707825,0.7897611358663539,272
HLS,Bosque seco,00000000000000000004,2021-03-14,2021-03-22,30,8,100.0,0.47021403990754296,0.7823379175166056,271
HLS,Pastos limpios,00000000000000000000,2021-03-22,2021-03-30,30,8,100.0,0.5038923025131226,0.8544130325317383,288
HLS,Palma,00000000000000000001,2021-03-22,2021-03-30,30,8,100.0,0.6356557332552396,0.8625086436077888,286
HLS,Bananera,00000000000000000002,2021-03-22,2021-03-30,30,8,100.0,0.7635499636332194,0.892659398630729,287
HLS,Manglar,00000000000000000003,2021-03-22,2021-03-30,30,8,100.0,0.4594068170016539,0.8242224454879761,272
HLS,Bosque seco,00000000000000000004,2021-03-22,2021-03-30,30,8,100.0,0.4853358566761017,0.8075646096246037,271
HLS,Pastos limpios,00000000000000000000,2021-03-30,2021-04-07,30,5,0.0,,,0
HLS,Palma,00000000000000000001,2021-03-30,2021-04-07,30,5,0.0,,,0
HLS,Bananera,00000000000000000002,2021-03-30,2021-04-07,30,5,0.0,,,0
HLS,Manglar,00000000000000000003,2021-03-30,2021-04-07,30,5,0.0,,,0
HLS,Bosque seco,00000000000000000004,2021-03-30,2021-04-07,30,5,0.0,,,0
HLS,Pastos limpios,00000000000000000000,2021-04-07,2021-04-15,30,6,0.5935815973618594,,,0
HLS,Palma,00000000000000000001,2021-04-07,2021-04-15,30,6,15.216097537437074,,,0
HLS,Bananera,00000000000000000002,2021-04-07,2021-04-15,30,6,100.0,0.7449941337108612,0.8917877146944477,287
HLS,Manglar,00000000000000000003,2021-04-07,2021-04-15,30,6,100.0,0.46418868760356985,0.821366012096405,272
HLS,Bosque seco,00000000000000000004,2021-04-07,2021-04-15,30,6,100.0,0.6527454257011414,0.8684318606575874,271
HLS,Pastos limpios,00000000000000000000,2021-04-15,2021-04-23,30,5,0.0,,,0
HLS,Palma,00000000000000000001,2021-04-15,2021-04-23,30,5,0.0,,,0
HLS,Bananera,00000000000000000002,2021-04-15,2021-04-23,30,5,0.0,,,0
HLS,Manglar,00000000000000000003,2021-04-15,2021-04-23,30,5,83.41330566722864,0.46009592711925507,0.7233245074748992,224
HLS,Bosque seco,00000000000000000004,2021-04-15,2021-04-23,30,5,0.0,,,0
HLS,Pastos limpios,00000000000000000000,2021-04-23,2021-05-01,30,3,100.0,0.5337802469730377,0.8226536214351654,288
HLS,Palma,00000000000000000001,2021-04-23,2021-05-01,30,3,100.0,0.6787165006001791,0.8618996298014842,286
HLS,Bananera,00000000000000000002,2021-04-23,2021-05-01,30,3,100.0,0.7262340784072876,0.8698771907928143,287
HLS,Manglar,00000000000000000003,2021-04-23,2021-05-01,30,3,100.0,0.5268746497838394,0.8256407894309938,272
HLS,Bosque seco,00000000000000000004,2021-04-23,2021-05-01,30,3,100.0,0.7153804898262024,0.8716342091560364,271
HLS,Pastos limpios,00000000000000000000,2021-05-01,2021-05-09,30,10,100.0,0.5925808548927307,0.8624004673372748,288
HLS,Palma,00000000000000000001,2021-05-01,2021-05-09,30,10,97.50687619629731,0.7199452024268507,0.8894194347071059,278
HLS,Bananera,00000000000000000002,2021-05-01,2021-05-09,30,10,43.188326522732396,,,0
HLS,Manglar,00000000000000000003,2021-05-01,2021-05-09,30,10,100.0,0.6042016744613647,0.8728070259094238,272
HLS,Bosque seco,00000000000000000004,2021-05-01,2021-05-09,30,10,99.58957025591502,0.6784090995788574,0.9093556458969692,270
HLS,Pastos limpios,00000000000000000000,2021-05-09,2021-05-17,30,6,0.0,,,0
HLS,Palma,00000000000000000001,2021-05-09,2021-05-17,30,6,45.49387978317867,,,0
HLS,Bananera,00000000000000000002,2021-05-09,2021-05-17,30,6,16.00920235528814,,,0
HLS,Manglar,00000000000000000003,2021-05-09,2021-05-17,30,6,100.0,0.6251171827316284,0.8602714344792303,272
HLS,Bosque seco,00000000000000000004,2021-05-09,2021-05-17,30,6,100.0,0.7775712609291077,0.8973998290357038,271
HLS,Pastos limpios,00000000000000000000,2021-05-17,2021-05-25,30,6,0.0,,,0
HLS,Palma,00000000000000000001,2021-05-17,2021-05-25,30,6,0.0,,,0
HLS,Bananera,00000000000000000002,2021-05-17,2021-05-25,30,6,0.0,,,0
HLS,Manglar,00000000000000000003,2021-05-17,2021-05-25,30,6,100.0,0.6310741901397705,0.8760849516755262,272
HLS,Bosque seco,00000000000000000004,2021-05-17,2021-05-25,30,6,4.9251569290197965,,,0
HLS,Pastos limpios,00000000000000000000,2021-05-25,2021-06-02,30,4,0.0,,,0
HLS,Palma,00000000000000000001,2021-05-25,2021-06-02,30,4,0.0,,,0
HLS,Bananera,00000000000000000002,2021-05-25,2021-06-02,30,4,0.0,,,0
HLS,Manglar,00000000000000000003,2021-05-25,2021-06-02,30,4,0.0,,,0
HLS,Bosque seco,00000000000000000004,2021-05-25,2021-06-02,30,4,0.0,,,0
HLS,Pastos limpios,00000000000000000000,2021-06-02,2021-06-10,30,4,0.0,,,0
HLS,Palma,00000000000000000001,2021-06-02,2021-06-10,30,4,0.0,,,0
HLS,Bananera,00000000000000000002,2021-06-02,2021-06-10,30,4,0.0,,,0
HLS,Manglar,00000000000000000003,2021-06-02,2021-06-10,30,4,100.0,0.664404034614563,0.8644442422823471,272
HLS,Bosque seco,00000000000000000004,2021-06-02,2021-06-10,30,4,100.0,0.7180753946304321,0.9230862555044299,271
HLS,Pastos limpios,00000000000000000000,2021-06-10,2021-06-18,30,7,81.67457572589079,0.6620553135871887,0.864414393901825,226
HLS,Palma,00000000000000000001,2021-06-10,2021-06-18,30,7,7.6016149008380145,,,0
HLS,Bananera,00000000000000000002,2021-06-10,2021-06-18,30,7,89.54599568840696,0.7587391138076782,0.9074528544735408,250
HLS,Manglar,00000000000000000003,2021-06-10,2021-06-18,30,7,100.0,0.6929958614092024,0.8680750932073765,272
HLS,Bosque seco,00000000000000000004,2021-06-10,2021-06-18,30,7,100.0,0.7760427594184875,0.9010820512680292,271
HLS,Pastos limpios,00000000000000000000,2021-06-18,2021-06-26,30,7,57.603152899541534,,,0
HLS,Palma,00000000000000000001,2021-06-18,2021-06-26,30,7,0.0,,,0
HLS,Bananera,00000000000000000002,2021-06-18,2021-06-26,30,7,0.0,,,0
HLS,Manglar,00000000000000000003,2021-06-18,2021-06-26,30,7,100.0,0.774238657415583,0.885175883769989,272
HLS,Bosque seco,00000000000000000004,2021-06-18,2021-06-26,30,7,100.0,0.7802703777949015,0.9108798989146917,271
HLS,Pastos limpios,00000000000000000000,2021-06-26,2021-07-04,30,5,9.223839781227374,,,0
HLS,Palma,00000000000000000001,2021-06-26,2021-07-04,30,5,100.0,0.7845671772956848,0.9059191452579706,286
HLS,Bananera,00000000000000000002,2021-06-26,2021-07-04,30,5,100.0,0.8334705835243441,0.9109285625009756,287
HLS,Manglar,00000000000000000003,2021-06-26,2021-07-04,30,5,100.0,0.7994157671928406,0.8900979592710361,272
HLS,Bosque seco,00000000000000000004,2021-06-26,2021-07-04,30,5,100.0,0.7886573076248169,0.8934141841173485,271
HLS,Pastos limpios,00000000000000000000,2021-07-04,2021-07-12,30,6,93.04431754202527,0.6412060260772705,0.8752574622631073,259
HLS,Palma,00000000000000000001,2021-07-04,2021-07-12,30,6,97.84626272699491,0.7521717548370361,0.9052977412939072,280
HLS,Bananera,00000000000000000002,2021-07-04,2021-07-12,30,6,57.048167572959215,,,0
HLS,Manglar,00000000000000000003,2021-07-04,2021-07-12,30,6,100.0,0.7967943549156189,0.8829701542854309,272
HLS,Bosque seco,00000000000000000004,2021-07-04,2021-07-12,30,6,100.0,0.7887179255485535,0.9115668982527435,271
HLS,Pastos limpios,00000000000000000000,2021-07-12,2021-07-20,30,3,99.8761360894394,0.5959805846214294,0.8839545448621114,286
HLS,Palma,00000000000000000001,2021-07-12,2021-07-20,30,3,100.0,0.7492316961288452,0.8992509331021991,286
HLS,Bananera,00000000000000000002,2021-07-12,2021-07-20,30,3,100.0,0.8038748899055401,0.9045073220089608,287
HLS,Manglar,00000000000000000003,2021-07-12,2021-07-20,30,3,83.07126183374399,0.7984615564346313,0.8754292371152946,223
HLS,Bosque seco,00000000000000000004,2021-07-12,2021-07-20,30,3,100.0,0.7860858589410782,0.9071992246103493,271
HLS,Pastos limpios,00000000000000000000,2021-07-20,2021-07-28,30,8,100.0,0.5122513771057129,0.8489869794537942,288
HLS,Palma,00000000000000000001,2021-07-20,2021-07-28,30,8,100.0,0.7437604069709778,0.8873451054096222,286
HLS,Bananera,00000000000000000002,2021-07-20,2021-07-28,30,8,100.0,0.7860940098762512,0.9038327259699505,287
HLS,Manglar,00000000000000000003,2021-07-20,2021-07-28,30,8,100.0,0.7865533828735352,0.8676902298479954,272
HLS,Bosque seco,00000000000000000004,2021-07-20,2021-07-28,30,8,100.0,0.6607820391654968,0.8987574577331543,271
HLS,Pastos limpios,00000000000000000000,2021-07-28,2021-08-05,30,5,100.0,0.6304348111152649,0.866747979934399,288
HLS,Palma,00000000000000000001,2021-07-28,2021-08-05,30,5,100.0,0.7439473271369934,0.8970660351024896,286
HLS,Bananera,00000000000000000002,2021-07-28,2021-08-05,30,5,99.24547121850767,0.7977964878082275,0.8969614310503192,282
HLS,Manglar,00000000000000000003,2021-07-28,2021-08-05,30,5,100.0,0.7855955362319946,0.8773215711116791,272
HLS,Bosque seco,00000000000000000004,2021-07-28,2021-08-05,30,5,100.0,0.5908154249191284,0.9069585318013381,271
HLS,Pastos limpios,00000000000000000000,2021-08-05,2021-08-13,30,8,97.53880801093864,0.6359360218048096,0.8752867186941753,282
HLS,Palma,00000000000000000001,2021-08-05,2021-08-13,30,8,77.29809718357436,,,0
HLS,Bananera,00000000000000000002,2021-08-05,2021-08-13,30,8,40.67054924547122,,,0
HLS,Manglar,00000000000000000003,2021-08-05,2021-08-13,30,8,100.0,0.7945075233777364,0.8754503139488989,272
HLS,Bosque seco,00000000000000000004,2021-08-05,2021-08-13,30,8,100.0,0.6018099784851074,0.9077344886274729,271
HLS,Pastos limpios,00000000000000000000,2021-08-13,2021-08-21,30,4,63.13681331939194,,,0
HLS,Palma,00000000000000000001,2021-08-13,2021-08-21,30,4,7.345868652587222,,,0
HLS,Bananera,00000000000000000002,2021-08-13,2021-08-21,30,4,0.0,,,0
HLS,Manglar,00000000000000000003,2021-08-13,2021-08-21,30,4,100.0,0.8095470070838928,0.8885449171066284,272
HLS,Bosque seco,00000000000000000004,2021-08-13,2021-08-21,30,4,90.93191694833412,0.6459675431251526,0.9167409358646184,241
HLS,Pastos limpios,00000000000000000000,2021-08-21,2021-08-29,30,6,0.0,,,0
HLS,Palma,00000000000000000001,2021-08-21,2021-08-29,30,6,6.581846841775106,,,0
HLS,Bananera,00000000000000000002,2021-08-21,2021-08-29,30,6,4.527172688953955,,,0
HLS,Manglar,00000000000000000003,2021-08-21,2021-08-29,30,6,81.08222020490207,0.771271288394928,0.8343822360038757,214
HLS,Bosque seco,00000000000000000004,2021-08-21,2021-08-29,30,6,44.239497827136645,,,0
HLS,Pastos limpios,00000000000000000000,2021-08-29,2021-09-06,30,4,0.0,,,0
HLS,Palma,00000000000000000001,2021-08-29,2021-09-06,30,4,0.0,,,0
HLS,Bananera,00000000000000000002,2021-08-29,2021-09-06,30,4,0.0,,,0
HLS,Manglar,00000000000000000003,2021-08-29,2021-09-06,30,4,0.0,,,0
HLS,Bosque seco,00000000000000000004,2021-08-29,2021-09-06,30,4,0.0,,,0
HLS,Pastos limpios,00000000000000000000,2021-09-06,2021-09-14,30,8,0.0,,,0
HLS,Palma,00000000000000000001,2021-09-06,2021-09-14,30,8,0.0,,,0
HLS,Bananera,00000000000000000002,2021-09-06,2021-09-14,30,8,0.0,,,0
HLS,Manglar,00000000000000000003,2021-09-06,2021-09-14,30,8,100.0,0.7877697646617889,0.8697708249092102,272
HLS,Bosque seco,00000000000000000004,2021-09-06,2021-09-14,30,8,0.0,,,0
HLS,Pastos limpios,00000000000000000000,2021-09-14,2021-09-22,30,6,0.0,,,0
HLS,Palma,00000000000000000001,2021-09-14,2021-09-22,30,6,0.0,,,0
HLS,Bananera,00000000000000000002,2021-09-14,2021-09-22,30,6,0.0,,,0
HLS,Manglar,00000000000000000003,2021-09-14,2021-09-22,30,6,100.0,0.7975888098223826,0.8781438648231387,272
HLS,Bosque seco,00000000000000000004,2021-09-14,2021-09-22,30,6,0.0,,,0
HLS,Pastos limpios,00000000000000000000,2021-09-22,2021-09-30,30,5,98.35920534062576,0.6865671873092651,0.8742023889474042,284
HLS,Palma,00000000000000000001,2021-09-22,2021-09-30,30,5,86.4229303051262,0.728457510471344,0.892080414999811,242
HLS,Bananera,00000000000000000002,2021-09-22,2021-09-30,30,5,10.885163615302938,,,0
HLS,Manglar,00000000000000000003,2021-09-22,2021-09-30,30,5,100.0,0.7830532037693522,0.8637112798514189,272
HLS,Bosque seco,00000000000000000004,2021-09-22,2021-09-30,30,5,100.0,0.7041850686073303,0.8993692536556178,271
HLS,Pastos limpios,00000000000000000000,2021-09-30,2021-10-08,30,6,0.0,,,0
HLS,Palma,00000000000000000001,2021-09-30,2021-10-08,30,6,66.14337874571746,,,0
HLS,Bananera,00000000000000000002,2021-09-30,2021-10-08,30,6,0.0,,,0
HLS,Manglar,00000000000000000003,2021-09-30,2021-10-08,30,6,24.255933082609264,,,0
HLS,Bosque seco,00000000000000000004,2021-09-30,2021-10-08,30,6,99.93722839208114,0.7176411747932434,0.8895403501285751,270
HLS,Pastos limpios,00000000000000000000,2021-10-08,2021-10-16,30,10,0.0,,,0
HLS,Palma,00000000000000000001,2021-10-08,2021-10-16,30,10,0.0,,,0
HLS,Bananera,00000000000000000002,2021-10-08,2021-10-16,30,10,34.09376106052318,,,0
HLS,Manglar,00000000000000000003,2021-10-08,2021-10-16,30,10,0.0,,,0
HLS,Bosque seco,00000000000000000004,2021-10-08,2021-10-16,30,10,0.0,,,0
HLS,Pastos limpios,00000000000000000000,2021-10-16,2021-10-24,30,6,22.504624788868334,,,0
HLS,Palma,00000000000000000001,2021-10-16,2021-10-24,30,6,0.0,,,0
HLS,Bananera,00000000000000000002,2021-10-16,2021-10-24,30,6,0.0,,,0
HLS,Manglar,00000000000000000003,2021-10-16,2021-10-24,30,6,0.0,,,0
HLS,Bosque seco,00000000000000000004,2021-10-16,2021-10-24,30,6,0.0,,,0
HLS,Pastos limpios,00000000000000000000,2021-10-24,2021-11-01,30,6,100.0,0.6500269174575806,0.8612546484742392,288
HLS,Palma,00000000000000000001,2021-10-24,2021-11-01,30,6,100.0,0.7860991358757019,0.9087983019733075,286
HLS,Bananera,00000000000000000002,2021-10-24,2021-11-01,30,6,100.0,0.7803940176963806,0.9077159789437979,287
HLS,Manglar,00000000000000000003,2021-10-24,2021-11-01,30,6,100.0,0.776772121588389,0.8744019269943237,272
HLS,Bosque seco,00000000000000000004,2021-10-24,2021-11-01,30,6,100.0,0.7336774468421936,0.9131491950580052,271
HLS,Pastos limpios,00000000000000000000,2021-11-01,2021-11-09,30,6,0.0933000884742218,,,0
HLS,Palma,00000000000000000001,2021-11-01,2021-11-09,30,6,0.0,,,0
HLS,Bananera,00000000000000000002,2021-11-01,2021-11-09,30,6,0.0,,,0
HLS,Manglar,00000000000000000003,2021-11-01,2021-11-09,30,6,0.0,,,0
HLS,Bosque seco,00000000000000000004,2021-11-01,2021-11-09,30,6,0.0,,,0
HLS,Pastos limpios,00000000000000000000,2021-11-09,2021-11-17,30,8,98.24981903000078,0.7199183503786722,0.8585564196109772,280
HLS,Palma,00000000000000000001,2021-11-09,2021-11-17,30,8,21.638706149169238,,,0
HLS,Bananera,00000000000000000002,2021-11-09,2021-11-17,30,8,0.0,,,0
HLS,Manglar,00000000000000000003,2021-11-09,2021-11-17,30,8,100.0,0.7227221727371216,0.8541518060241158,272
HLS,Bosque seco,00000000000000000004,2021-11-09,2021-11-17,30,8,0.0,,,0
HLS,Pastos limpios,00000000000000000000,2021-11-17,2021-11-25,30,9,100.0,0.6956819891929626,0.856872070325564,288
HLS,Palma,00000000000000000001,2021-11-17,2021-11-25,30,9,100.0,0.7397260069847107,0.9014691210391319,286
HLS,Bananera,00000000000000000002,2021-11-17,2021-11-25,30,9,100.0,0.7957299053668976,0.8925003861771408,287
HLS,Manglar,00000000000000000003,2021-11-17,2021-11-25,30,9,100.0,0.7507877349853516,0.87468159198761,272
HLS,Bosque seco,00000000000000000004,2021-11-17,2021-11-25,30,9,76.04377917270241,,,0
HLS,Pastos limpios,00000000000000000000,2021-11-25,2021-12-03,30,8,100.0,0.704684317111969,0.8754027187824249,288
HLS,Palma,00000000000000000001,2021-11-25,2021-12-03,30,8,100.0,0.7462024092674255,0.9128766158408911,286
HLS,Bananera,00000000000000000002,2021-11-25,2021-12-03,30,8,100.0,0.81316077709198,0.9119629722601282,287
HLS,Manglar,00000000000000000003,2021-11-25,2021-12-03,30,8,100.0,0.6827656626701355,0.8761396320456285,272
HLS,Bosque seco,00000000000000000004,2021-11-25,2021-12-03,30,8,100.0,0.5947592854499817,0.9000365027640267,271
HLS,Pastos limpios,00000000000000000000,2021-12-03,2021-12-11,30,7,100.0,0.700056254863739,0.8583492040634155,288
HLS,Palma,00000000000000000001,2021-12-03,2021-12-11,30,7,100.0,0.7229411602020264,0.901224197024627,286
HLS,Bananera,00000000000000000002,2021-12-03,2021-12-11,30,7,100.0,0.7968061566352844,0.9124115210001612,287
HLS,Manglar,00000000000000000003,2021-12-03,2021-12-11,30,7,100.0,0.7209001045296157,0.8775328199068705,272
HLS,Bosque seco,00000000000000000004,2021-12-03,2021-12-11,30,7,100.0,0.6035186648368835,0.8925386416894903,271
HLS,Pastos limpios,00000000000000000000,2021-12-11,2021-12-19,30,8,100.0,0.6908058822154999,0.8520935843157214,288
HLS,Palma,00000000000000000001,2021-12-11,2021-12-19,30,8,100.0,0.7460390329360962,0.9071751236915588,286
HLS,Bananera,00000000000000000002,2021-12-11,2021-12-19,30,8,100.0,0.7962074279785156,0.9120845900925864,287
HLS,Manglar,00000000000000000003,2021-12-11,2021-12-19,30,8,100.0,0.7117024280022883,0.8777369849538862,272
HLS,Bosque seco,00000000000000000004,2021-12-11,2021-12-19,30,8,100.0,0.5685568451881409,0.8846174744670778,271
HLS,Pastos limpios,00000000000000000000,2021-12-19,2021-12-27,30,8,100.0,0.6737510561943054,0.852104689186043,288
HLS,Palma,00000000000000000001,2021-12-19,2021-12-27,30,8,100.0,0.7180801630020142,0.8992346163721069,286
HLS,Bananera,00000000000000000002,2021-12-19,2021-12-27,30,8,100.0,0.7932296395301819,0.9079313482176409,287
HLS,Manglar,00000000000000000003,2021-12-19,2021-12-27,30,8,100.0,0.6986704770759617,0.8662825900141664,272
HLS,Bosque seco,00000000000000000004,2021-12-19,2021-12-27,30,8,100.0,0.5550076961517334,0.8695608914262227,271
HLS,Pastos limpios,00000000000000000000,2021-12-27,2022-01-01,30,6,100.0,0.6455168525902136,0.8287203907966614,288
HLS,Palma,00000000000000000001,2021-12-27,2022-01-01,30,6,100.0,0.7324540615081787,0.8872161110242208,286
HLS,Bananera,00000000000000000002,2021-12-27,2022-01-01,30,6,100.0,0.7730852961540222,0.904026180495365,287
HLS,Manglar,00000000000000000003,2021-12-27,2022-01-01,30,6,100.0,0.6710547342428712,0.8387328272774106,272
HLS,Bosque seco,00000000000000000004,2021-12-27,2022-01-01,30,6,100.0,0.5827104449272156,0.850296642099108,271
HLS,Pastos limpios,00000000000000000000,2022-01-01,2022-01-09,30,8,100.0,0.6426901245718875,0.8555507659912109,288
HLS,Palma,00000000000000000001,2022-01-01,2022-01-09,30,8,100.0,0.7203190922737122,0.8968908786773682,286
HLS,Bananera,00000000000000000002,2022-01-01,2022-01-09,30,8,100.0,0.7991034686565399,0.9077262419535115,287
HLS,Manglar,00000000000000000003,2022-01-01,2022-01-09,30,8,100.0,0.688471257686615,0.8674396362442236,272
HLS,Bosque seco,00000000000000000004,2022-01-01,2022-01-09,30,8,100.0,0.5403726696968079,0.8650791720016715,271
HLS,Pastos limpios,00000000000000000000,2022-01-09,2022-01-17,30,7,100.0,0.6454650584831599,0.8471957445144653,288
HLS,Palma,00000000000000000001,2022-01-09,2022-01-17,30,7,77.29327178266395,,,0
HLS,Bananera,00000000000000000002,2022-01-09,2022-01-17,30,7,13.594388493838286,,,0
HLS,Manglar,00000000000000000003,2022-01-09,2022-01-17,30,7,93.53358838023603,0.6651162505149841,0.8581972718238831,250
HLS,Bosque seco,00000000000000000004,2022-01-09,2022-01-17,30,7,100.0,0.4845300614833832,0.8484473264039453,271
HLS,Pastos limpios,00000000000000000000,2022-01-17,2022-01-25,30,8,100.0,0.647642716697362,0.8274410665035248,288
HLS,Palma,00000000000000000001,2022-01-17,2022-01-25,30,8,100.0,0.7164732217788696,0.8893775220859841,286
HLS,Bananera,00000000000000000002,2022-01-17,2022-01-25,30,8,100.0,0.8047450184822083,0.9115388352246512,287
HLS,Manglar,00000000000000000003,2022-01-17,2022-01-25,30,8,100.0,0.6374075710773468,0.8524843454360962,272
HLS,Bosque seco,00000000000000000004,2022-01-17,2022-01-25,30,8,100.0,0.47752366960048676,0.8325943621129938,271
HLS,Pastos limpios,00000000000000000000,2022-01-25,2022-02-02,30,8,100.0,0.6356142461299896,0.8034557104110718,288
HLS,Palma,00000000000000000001,2022-01-25,2022-02-02,30,8,100.0,0.6343465447425842,0.8895353277524313,286
HLS,Bananera,00000000000000000002,2022-01-25,2022-02-02,30,8,100.0,0.7535316050052643,0.9000406798277056,287
HLS,Manglar,00000000000000000003,2022-01-25,2022-02-02,30,8,100.0,0.6073619723320007,0.8382943707083839,272
HLS,Bosque seco,00000000000000000004,2022-01-25,2022-02-02,30,8,100.0,0.43837203085422516,0.8032926096194853,271
HLS,Pastos limpios,00000000000000000000,2022-02-02,2022-02-10,30,8,100.0,0.6201086862028138,0.8059694766998291,288
HLS,Palma,00000000000000000001,2022-02-02,2022-02-10,30,8,100.0,0.6851190328598022,0.88762286901474,286
HLS,Bananera,00000000000000000002,2022-02-02,2022-02-10,30,8,100.0,0.7720975279808044,0.9002583667108084,287
HLS,Manglar,00000000000000000003,2022-02-02,2022-02-10,30,8,100.0,0.5989404618740082,0.8522410867861034,272
HLS,Bosque seco,00000000000000000004,2022-02-02,2022-02-10,30,8,100.0,0.41645219000344424,0.8063685360324829,271
HLS,Pastos limpios,00000000000000000000,2022-02-10,2022-02-18,30,10,100.0,0.6216879487037659,0.7917290412146469,288
HLS,Palma,00000000000000000001,2022-02-10,2022-02-18,30,10,100.0,0.6781209111213684,0.8781684339046478,286
HLS,Bananera,00000000000000000002,2022-02-10,2022-02-18,30,10,100.0,0.7171301239139432,0.9005906727268245,287
HLS,Manglar,00000000000000000003,2022-02-10,2022-02-18,30,10,100.0,0.5735501646995544,0.8309736251831055,272
HLS,Bosque seco,00000000000000000004,2022-02-10,2022-02-18,30,10,100.0,0.3804021179676056,0.7779137492179871,271
HLS,Pastos limpios,00000000000000000000,2022-02-18,2022-02-26,30,8,100.0,0.6163679957389832,0.7920904779120495,288
HLS,Palma,00000000000000000001,2022-02-18,2022-02-26,30,8,100.0,0.6611583675813238,0.8762770594502778,286
HLS,Bananera,00000000000000000002,2022-02-18,2022-02-26,30,8,100.0,0.6815761327743529,0.8966852992601779,287
HLS,Manglar,00000000000000000003,2022-02-18,2022-02-26,30,8,100.0,0.5674186944961548,0.8330526947975159,272
HLS,Bosque seco,00000000000000000004,2022-02-18,2022-02-26,30,8,100.0,0.37352155148983,0.760175347328186,271
HLS,Pastos limpios,00000000000000000000,2022-02-26,2022-03-06,30,8,100.0,0.6024438738822937,0.7963764369487762,288
HLS,Palma,00000000000000000001,2022-02-26,2022-03-06,30,8,100.0,0.6780590415000916,0.8759753902753195,286
HLS,Bananera,00000000000000000002,2022-02-26,2022-03-06,30,8,100.0,0.7204778338526632,0.8927574993971852,287
HLS,Manglar,00000000000000000003,2022-02-26,2022-03-06,30,8,100.0,0.5559420585632324,0.8406165166687003,272
HLS,Bosque seco,00000000000000000004,2022-02-26,2022-03-06,30,8,100.0,0.4160436806041044,0.7925663590431213,271
HLS,Pastos limpios,00000000000000000000,2022-03-06,2022-03-14,30,8,100.0,0.5695334821939468,0.8044322773963711,288
HLS,Palma,00000000000000000001,2022-03-06,2022-03-14,30,8,100.0,0.6551132599512736,0.8697039570127214,286
HLS,Bananera,00000000000000000002,2022-03-06,2022-03-14,30,8,100.0,0.7283355991045634,0.8882314316678847,287
HLS,Manglar,00000000000000000003,2022-03-06,2022-03-14,30,8,100.0,0.5264622122049332,0.8327517735901957,272
HLS,Bosque seco,00000000000000000004,2022-03-06,2022-03-14,30,8,100.0,0.5175202488899231,0.7899870276451111,271
HLS,Pastos limpios,00000000000000000000,2022-03-14,2022-03-22,30,8,100.0,0.6089020371437073,0.8099878430366516,288
HLS,Palma,00000000000000000001,2022-03-14,2022-03-22,30,8,0.0,,,0
HLS,Bananera,00000000000000000002,2022-03-14,2022-03-22,30,8,0.0,,,0
HLS,Manglar,00000000000000000003,2022-03-14,2022-03-22,30,8,100.0,0.5177956223487854,0.8383259475231171,272
HLS,Bosque seco,00000000000000000004,2022-03-14,2022-03-22,30,8,0.0,,,0
HLS,Pastos limpios,00000000000000000000,2022-03-22,2022-03-30,30,10,100.0,0.5845054388046265,0.7892835736274719,288
HLS,Palma,00000000000000000001,2022-03-22,2022-03-30,30,10,100.0,0.6780062019824982,0.858373204867045,286
HLS,Bananera,00000000000000000002,2022-03-22,2022-03-30,30,10,100.0,0.7294919490814209,0.8841765306212686,287
HLS,Manglar,00000000000000000003,2022-03-22,2022-03-30,30,10,100.0,0.519132524728775,0.7938053011894226,272
HLS,Bosque seco,00000000000000000004,2022-03-22,2022-03-30,30,10,100.0,0.5379116535186768,0.8355553150177002,271
HLS,Pastos limpios,00000000000000000000,2022-03-30,2022-04-07,30,8,0.0,,,0
HLS,Palma,00000000000000000001,2022-03-30,2022-04-07,30,8,100.0,0.6971979180296649,0.8503634691238403,286
HLS,Bananera,00000000000000000002,2022-03-30,2022-04-07,30,8,100.0,0.7451282143592834,0.872201669216156,287
HLS,Manglar,00000000000000000003,2022-03-30,2022-04-07,30,8,100.0,0.42529261112213135,0.7967965602874756,272
HLS,Bosque seco,00000000000000000004,2022-03-30,2022-04-07,30,8,100.0,0.5717858672142029,0.8643005152729817,271
HLS,Pastos limpios,00000000000000000000,2022-04-07,2022-04-15,30,8,100.0,0.565389096736908,0.8214271198206418,288
HLS,Palma,00000000000000000001,2022-04-07,2022-04-15,30,8,100.0,0.7000476717948914,0.8797664276809772,286
HLS,Bananera,00000000000000000002,2022-04-07,2022-04-15,30,8,100.0,0.747767473306492,0.8727707351957049,287
HLS,Manglar,00000000000000000003,2022-04-07,2022-04-15,30,8,100.0,0.39188075634096403,0.8212426103539204,272
HLS,Bosque seco,00000000000000000004,2022-04-07,2022-04-15,30,8,100.0,0.4935025479163137,0.8841686770122937,271
HLS,Pastos limpios,00000000000000000000,2022-04-15,2022-04-23,30,8,100.0,0.6111634969711304,0.9207377275417652,288
HLS,Palma,00000000000000000001,2022-04-15,2022-04-23,30,8,0.0,,,0
HLS,Bananera,00000000000000000002,2022-04-15,2022-04-23,30,8,16.747643103059943,,,0
HLS,Manglar,00000000000000000003,2022-04-15,2022-04-23,30,8,0.0,,,0
HLS,Bosque seco,00000000000000000004,2022-04-15,2022-04-23,30,8,70.61805890873974,,,0
HLS,Pastos limpios,00000000000000000000,2022-04-23,2022-05-01,30,8,0.0,,,0
HLS,Palma,00000000000000000001,2022-04-23,2022-05-01,30,8,0.0,,,0
HLS,Bananera,00000000000000000002,2022-04-23,2022-05-01,30,8,0.0,,,0
HLS,Manglar,00000000000000000003,2022-04-23,2022-05-01,30,8,0.0,,,0
HLS,Bosque seco,00000000000000000004,2022-04-23,2022-05-01,30,8,0.0,,,0
HLS,Pastos limpios,00000000000000000000,2022-05-01,2022-05-09,30,4,100.0,0.5846806168556213,0.8738711854101906,288
HLS,Palma,00000000000000000001,2022-05-01,2022-05-09,30,4,100.0,0.7902576327323914,0.9046595692634583,286
HLS,Bananera,00000000000000000002,2022-05-01,2022-05-09,30,4,100.0,0.7862908688356292,0.9042091315442866,287
HLS,Manglar,00000000000000000003,2022-05-01,2022-05-09,30,4,100.0,0.518898606300354,0.881078839302063,272
HLS,Bosque seco,00000000000000000004,2022-05-01,2022-05-09,30,4,100.0,0.6532647013664246,0.9148691716467081,271
HLS,Pastos limpios,00000000000000000000,2022-05-09,2022-05-17,30,11,0.0,,,0
HLS,Palma,00000000000000000001,2022-05-09,2022-05-17,30,11,0.0,,,0
HLS,Bananera,00000000000000000002,2022-05-09,2022-05-17,30,11,0.0,,,0
HLS,Manglar,00000000000000000003,2022-05-09,2022-05-17,30,11,0.0,,,0
HLS,Bosque seco,00000000000000000004,2022-05-09,2022-05-17,30,11,0.0,,,0
HLS,Pastos limpios,00000000000000000000,2022-05-17,2022-05-25,30,61,100.0,0.6561935544013977,0.8286395370960236,288
HLS,Palma,00000000000000000001,2022-05-17,2022-05-25,30,61,100.0,0.7441909313201904,0.8637566861078031,286
HLS,Bananera,00000000000000000002,2022-05-17,2022-05-25,30,61,100.0,0.7631898522377014,0.8717440173983838,287
HLS,Manglar,00000000000000000003,2022-05-17,2022-05-25,30,61,100.0,0.5890257954597473,0.8352817166935315,272
HLS,Bosque seco,00000000000000000004,2022-05-17,2022-05-25,30,61,100.0,0.5601059794425964,0.868306674938998,271
HLS,Pastos limpios,00000000000000000000,2022-05-25,2022-06-02,30,46,100.0,0.627765844975199,0.8649198710918427,288
HLS,Palma,00000000000000000001,2022-05-25,2022-06-02,30,46,42.53430055813806,,,0
HLS,Bananera,00000000000000000002,2022-05-25,2022-06-02,30,46,84.47182985295537,0.6368114352226257,0.9039214570471581,236
HLS,Manglar,00000000000000000003,2022-05-25,2022-06-02,30,46,100.0,0.6164692640304565,0.8799468061914004,272
HLS,Bosque seco,00000000000000000004,2022-05-25,2022-06-02,30,46,100.0,0.48669201135635376,0.9084741530944086,271
HLS,Pastos limpios,00000000000000000000,2022-06-02,2022-06-10,30,61,5.8023003297675535,,,0
HLS,Palma,00000000000000000001,2022-06-02,2022-06-10,30,61,100.0,0.7356687784194946,0.8993779840631702,286
HLS,Bananera,00000000000000000002,2022-06-02,2022-06-10,30,61,0.0,,,0
HLS,Manglar,00000000000000000003,2022-06-02,2022-06-10,30,61,41.39378809492932,,,0
HLS,Bosque seco,00000000000000000004,2022-06-02,2022-06-10,30,61,100.0,0.4945998589197795,0.904060552583324,271
HLS,Pastos limpios,00000000000000000000,2022-06-10,2022-06-18,30,59,0.0,,,0
HLS,Palma,00000000000000000001,2022-06-10,2022-06-18,30,59,0.0,,,0
HLS,Bananera,00000000000000000002,2022-06-10,2022-06-18,30,59,0.0,,,0
HLS,Manglar,00000000000000000003,2022-06-10,2022-06-18,30,59,0.0,,,0
HLS,Bosque seco,00000000000000000004,2022-06-10,2022-06-18,30,59,11.271527442459362,,,0
HLS,Pastos limpios,00000000000000000000,2022-06-18,2022-06-26,30,51,100.0,0.6202223420143127,0.8430111092969406,288
HLS,Palma,00000000000000000001,2022-06-18,2022-06-26,30,51,100.0,0.7378804683685303,0.8803172707557678,286
HLS,Bananera,00000000000000000002,2022-06-18,2022-06-26,30,51,76.71096238617714,,,0
HLS,Manglar,00000000000000000003,2022-06-18,2022-06-26,30,51,57.100246401244966,,,0
HLS,Bosque seco,00000000000000000004,2022-06-18,2022-06-26,30,51,32.57363592467407,,,0
HLS,Pastos limpios,00000000000000000000,2022-06-26,2022-07-04,30,49,100.0,-0.10722222626209259,0.8415120035611293,271
HLS,Palma,00000000000000000001,2022-06-26,2022-07-04,30,49,0.0,,,0
HLS,Bananera,00000000000000000002,2022-06-26,2022-07-04,30,49,0.0,,,0
HLS,Manglar,00000000000000000003,2022-06-26,2022-07-04,30,49,11.107508753728444,,,0
HLS,Bosque seco,00000000000000000004,2022-06-26,2022-07-04,30,49,100.0,0.673372745513916,0.9065017402172089,271
HLS,Pastos limpios,00000000000000000000,2022-07-04,2022-07-12,30,40,57.913616987050574,,,0
HLS,Palma,00000000000000000001,2022-07-04,2022-07-12,30,40,100.0,0.7444116473197937,0.9019277393817902,286
HLS,Bananera,00000000000000000002,2022-07-04,2022-07-12,30,40,66.9230026706136,,,0
HLS,Manglar,00000000000000000003,2022-07-04,2022-07-12,30,40,100.0,0.7586885094642639,0.8813276788419928,272
HLS,Bosque seco,00000000000000000004,2022-07-04,2022-07-12,30,40,100.0,0.6280052661895752,0.9088957475898154,271
HLS,Pastos limpios,00000000000000000000,2022-07-12,2022-07-20,30,66,35.32212659856833,,,0
HLS,Palma,00000000000000000001,2022-07-12,2022-07-20,30,66,72.06575412973896,,,0
HLS,Bananera,00000000000000000002,2022-07-12,2022-07-20,30,66,14.299044370797004,,,0
HLS,Manglar,00000000000000000003,2022-07-12,2022-07-20,30,66,100.0,0.7494979500770569,0.8763893246650696,272
HLS,Bosque seco,00000000000000000004,2022-07-12,2022-07-20,30,66,100.0,0.6890265941619873,0.899257863313823,271
HLS,Pastos limpios,00000000000000000000,2022-07-20,2022-07-28,30,53,0.0,,,0
HLS,Palma,00000000000000000001,2022-07-20,2022-07-28,30,53,0.0,,,0
HLS,Bananera,00000000000000000002,2022-07-20,2022-07-28,30,53,0.0,,,0
HLS,Manglar,00000000000000000003,2022-07-20,2022-07-28,30,53,3.9651147711062125,,,0
HLS,Bosque seco,00000000000000000004,2022-07-20,2022-07-28,30,53,15.296957991308545,,,0
HLS,Pastos limpios,00000000000000000000,2022-07-28,2022-08-05,30,59,0.0,,,0
HLS,Palma,00000000000000000001,2022-07-28,2022-08-05,30,59,0.0,,,0
HLS,Bananera,00000000000000000002,2022-07-28,2022-08-05,30,59,0.0,,,0
HLS,Manglar,00000000000000000003,2022-07-28,2022-08-05,30,59,85.13811438205161,0.7485373616218567,0.8668226653964403,229
HLS,Bosque seco,00000000000000000004,2022-07-28,2022-08-05,30,59,35.49814904233061,,,0
HLS,Pastos limpios,00000000000000000000,2022-08-05,2022-08-13,30,55,0.0,,,0
HLS,Palma,00000000000000000001,2022-08-05,2022-08-13,30,55,0.0,,,0
HLS,Bananera,00000000000000000002,2022-08-05,2022-08-13,30,55,0.0,,,0
HLS,Manglar,00000000000000000003,2022-08-05,2022-08-13,30,55,0.0,,,0
HLS,Bosque seco,00000000000000000004,2022-08-05,2022-08-13,30,55,0.0,,,0
HLS,Pastos limpios,00000000000000000000,2022-08-13,2022-08-21,30,55,100.0,0.07010308653116226,0.8809085130691529,286
HLS,Palma,00000000000000000001,2022-08-13,2022-08-21,30,55,0.6224767174406075,,,0
HLS,Bananera,00000000000000000002,2022-08-13,2022-08-21,30,55,55.477975481836594,,,0
HLS,Manglar,00000000000000000003,2022-08-13,2022-08-21,30,55,100.0,0.7505059242248535,0.8639325805248753,272
HLS,Bosque seco,00000000000000000004,2022-08-13,2022-08-21,30,55,100.0,0.7906036376953125,0.8951019477068893,271
HLS,Pastos limpios,00000000000000000000,2022-08-21,2022-08-29,30,56,0.0,,,0
HLS,Palma,00000000000000000001,2022-08-21,2022-08-29,30,56,0.0,,,0
HLS,Bananera,00000000000000000002,2022-08-21,2022-08-29,30,56,0.0,,,0
HLS,Manglar,00000000000000000003,2022-08-21,2022-08-29,30,56,0.0,,,0
HLS,Bosque seco,00000000000000000004,2022-08-21,2022-08-29,30,56,0.0,,,0
HLS,Pastos limpios,00000000000000000000,2022-08-29,2022-09-06,30,62,55.84492881846699,,,0
HLS,Palma,00000000000000000001,2022-08-29,2022-09-06,30,62,1.232085699120169,,,0
HLS,Bananera,00000000000000000002,2022-08-29,2022-09-06,30,62,13.71504874674217,,,0
HLS,Manglar,00000000000000000003,2022-08-29,2022-09-06,30,62,91.67261055634806,0.7341635227203369,0.8490275144577026,241
HLS,Bosque seco,00000000000000000004,2022-08-29,2022-09-06,30,62,54.833413809753736,,,0
HLS,Pastos limpios,00000000000000000000,2022-09-06,2022-09-14,30,67,0.0,,,0
HLS,Palma,00000000000000000001,2022-09-06,2022-09-14,30,67,6.043010406781298,,,0
HLS,Bananera,00000000000000000002,2022-09-06,2022-09-14,30,67,0.0,,,0
HLS,Manglar,00000000000000000003,2022-09-06,2022-09-14,30,67,85.6001167163792,0.7365130423635676,0.8451816942542792,230
HLS,Bosque seco,00000000000000000004,2022-09-06,2022-09-14,30,67,100.0,0.7807310197057433,0.888320615544369,271
HLS,Pastos limpios,00000000000000000000,2022-09-14,2022-09-22,30,50,6.9572910801898145,,,0
HLS,Palma,00000000000000000001,2022-09-14,2022-09-22,30,50,0.0,,,0
HLS,Bananera,00000000000000000002,2022-09-14,2022-09-22,30,50,44.727951349786025,,,0
HLS,Manglar,00000000000000000003,2022-09-14,2022-09-22,30,50,100.0,0.746312105137369,0.8684359490871429,272
HLS,Bosque seco,00000000000000000004,2022-09-14,2022-09-22,30,50,0.0,,,0
HLS,Pastos limpios,00000000000000000000,2022-09-22,2022-09-30,30,62,0.0,,,0
HLS,Palma,00000000000000000001,2022-09-22,2022-09-30,30,62,0.0,,,0
HLS,Bananera,00000000000000000002,2022-09-22,2022-09-30,30,62,0.0,,,0
HLS,Manglar,00000000000000000003,2022-09-22,2022-09-30,30,62,0.0,,,0
HLS,Bosque seco,00000000000000000004,2022-09-22,2022-09-30,30,62,0.0,,,0
HLS,Pastos limpios,00000000000000000000,2022-09-30,2022-10-08,30,64,27.279015523204368,,,0
HLS,Palma,00000000000000000001,2022-09-30,2022-10-08,30,64,80.51181418989563,0.7660359740257263,0.8824110100261844,226
HLS,Bananera,00000000000000000002,2022-09-30,2022-10-08,30,64,61.09109044692558,,,0
HLS,Manglar,00000000000000000003,2022-09-30,2022-10-08,30,64,0.0,,,0
HLS,Bosque seco,00000000000000000004,2022-09-30,2022-10-08,30,64,19.756961210365358,,,0
HLS,Pastos limpios,00000000000000000000,2022-10-08,2022-10-16,30,55,87.61200032172447,0.2917919158935547,0.8731760680675507,249
HLS,Palma,00000000000000000001,2022-10-08,2022-10-16,30,55,64.54295411043735,,,0
HLS,Bananera,00000000000000000002,2022-10-08,2022-10-16,30,55,17.082274204446733,,,0
HLS,Manglar,00000000000000000003,2022-10-08,2022-10-16,30,55,100.0,0.7194867503075373,0.8822942990897402,272
HLS,Bosque seco,00000000000000000004,2022-10-08,2022-10-16,30,55,0.0,,,0
HLS,Pastos limpios,00000000000000000000,2022-10-16,2022-10-24,30,27,0.0,,,0
HLS,Palma,00000000000000000001,2022-10-16,2022-10-24,30,27,0.0,,,0
HLS,Bananera,00000000000000000002,2022-10-16,2022-10-24,30,27,0.0,,,0
HLS,Manglar,00000000000000000003,2022-10-16,2022-10-24,30,27,100.0,0.7267200350761414,0.8641777336597443,272
HLS,Bosque seco,00000000000000000004,2022-10-16,2022-10-24,30,27,49.956542732979244,,,0
HLS,Pastos limpios,00000000000000000000,2022-10-24,2022-11-01,30,7,100.0,0.06372644007205963,0.8600656986236572,288
HLS,Palma,00000000000000000001,2022-10-24,2022-11-01,30,7,100.0,0.6936292052268982,0.8822034284702388,286
HLS,Bananera,00000000000000000002,2022-10-24,2022-11-01,30,7,0.0,,,0
HLS,Manglar,00000000000000000003,2022-10-24,2022-11-01,30,7,63.18246660614706,,,0
HLS,Bosque seco,00000000000000000004,2022-10-24,2022-11-01,30,7,4.427812650893286,,,0
HLS,Pastos limpios,00000000000000000000,2022-11-01,2022-11-09,30,3,57.040135124266065,,,0
HLS,Palma,00000000000000000001,2022-11-01,2022-11-09,30,3,0.5131009634717153,,,0
HLS,Bananera,00000000000000000002,2022-11-01,2022-11-09,30,3,0.0,,,0
HLS,Manglar,00000000000000000003,2022-11-01,2022-11-09,30,3,0.0,,,0
HLS,Bosque seco,00000000000000000004,2022-11-01,2022-11-09,30,3,0.0,,,0
HLS,Pastos limpios,00000000000000000000,2022-11-09,2022-11-17,30,7,0.0,,,0
HLS,Palma,00000000000000000001,2022-11-09,2022-11-17,30,7,8.31094883466568,,,0
HLS,Bananera,00000000000000000002,2022-11-09,2022-11-17,30,7,0.0,,,0
HLS,Manglar,00000000000000000003,2022-11-09,2022-11-17,30,7,100.0,0.7063507066256758,0.8823281526565552,272
HLS,Bosque seco,00000000000000000004,2022-11-09,2022-11-17,30,7,56.33188475776597,,,0
HLS,Pastos limpios,00000000000000000000,2022-11-17,2022-11-25,30,24,0.0,,,0
HLS,Palma,00000000000000000001,2022-11-17,2022-11-25,30,24,100.0,0.7528142333030701,0.8950982540845871,286
HLS,Bananera,00000000000000000002,2022-11-17,2022-11-25,30,24,0.0,,,0
HLS,Manglar,00000000000000000003,2022-11-17,2022-11-25,30,24,25.562508105304115,,,0
HLS,Bosque seco,00000000000000000004,2022-11-17,2022-11-25,30,24,100.0,0.788077158308141,0.8934523009192881,271
HLS,Pastos limpios,00000000000000000000,2022-11-25,2022-12-03,30,15,49.796509289793285,,,0
HLS,Palma,00000000000000000001,2022-11-25,2022-12-03,30,15,44.329349696804,,,0
HLS,Bananera,00000000000000000002,2022-11-25,2022-12-03,30,15,4.972811223012323,,,0
HLS,Manglar,00000000000000000003,2022-11-25,2022-12-03,30,15,37.60536895344315,,,0
HLS,Bosque seco,00000000000000000004,2022-11-25,2022-12-03,30,15,83.8081442137454,0.7959838029774992,0.8856569491326808,223
HLS,Pastos limpios,00000000000000000000,2022-12-03,2022-12-11,30,18,100.0,0.1895424723625183,0.8725631535053253,288
HLS,Palma,00000000000000000001,2022-12-03,2022-12-11,30,18,100.0,0.697455883026123,0.8894266218194475,286
HLS,Bananera,00000000000000000002,2022-12-03,2022-12-11,30,18,100.0,0.8184253573417664,0.9000994390472042,287
HLS,Manglar,00000000000000000003,2022-12-03,2022-12-11,30,18,100.0,0.7124053835868835,0.8823493990395637,272
HLS,Bosque seco,00000000000000000004,2022-12-03,2022-12-11,30,18,100.0,0.7425925731658936,0.8815863432797337,271
HLS,Pastos limpios,00000000000000000000,2022-12-11,2022-12-19,30,14,100.0,0.3035467565059662,0.8573154318601565,288
HLS,Palma,00000000000000000001,2022-12-11,2022-12-19,30,14,100.0,0.7280966639518738,0.8942731022834778,286
HLS,Bananera,00000000000000000002,2022-12-11,2022-12-19,30,14,100.0,0.8013888597488403,0.8998080894330621,287
HLS,Manglar,00000000000000000003,2022-12-11,2022-12-19,30,14,67.50097263649332,,,0
HLS,Bosque seco,00000000000000000004,2022-12-11,2022-12-19,30,14,100.0,0.7030015587806702,0.8742544132837267,271
HLS,Pastos limpios,00000000000000000000,2022-12-19,2022-12-27,30,21,100.0,0.33199676871299744,0.8754816651344299,288
HLS,Palma,00000000000000000001,2022-12-19,2022-12-27,30,21,100.0,0.7067877650260925,0.8838620289617223,286
HLS,Bananera,00000000000000000002,2022-12-19,2022-12-27,30,21,100.0,0.7806342177920872,0.8999103181925253,287
HLS,Manglar,00000000000000000003,2022-12-19,2022-12-27,30,21,100.0,0.7088497877120972,0.8740800777841775,272
HLS,Bosque seco,00000000000000000004,2022-12-19,2022-12-27,30,21,100.0,0.6372437477111816,0.8657253126227812,271
HLS,Pastos limpios,00000000000000000000,2022-12-27,2023-01-01,30,9,100.0,0.35015369206666946,0.8555936415990194,288
HLS,Palma,00000000000000000001,2022-12-27,2023-01-01,30,9,100.0,0.6970333456993103,0.8802377591248949,286
HLS,Bananera,00000000000000000002,2022-12-27,2023-01-01,30,9,100.0,0.7681159377098083,0.9042878577922447,287
HLS,Manglar,00000000000000000003,2022-12-27,2023-01-01,30,9,100.0,0.6916943192481995,0.8624835965179262,272
HLS,Bosque seco,00000000000000000004,2022-12-27,2023-01-01,30,9,100.0,0.5905013047542769,0.8608617782592773,271
HLS,Pastos limpios,00000000000000000000,2023-01-01,2023-01-09,30,20,100.0,0.31529413163661957,0.8457186984277405,288
HLS,Palma,00000000000000000001,2023-01-01,2023-01-09,30,20,100.0,0.6998149871826171,0.8797322726888617,286
HLS,Bananera,00000000000000000002,2023-01-01,2023-01-09,30,20,100.0,0.7255178689956665,0.9080566330043379,287
HLS,Manglar,00000000000000000003,2023-01-01,2023-01-09,30,20,100.0,0.6941579580307007,0.8646488594859136,272
HLS,Bosque seco,00000000000000000004,2023-01-01,2023-01-09,30,20,100.0,0.563288688659668,0.852644677405582,271
HLS,Pastos limpios,00000000000000000000,2023-01-09,2023-01-17,30,13,100.0,0.3491577208042145,0.8539628067681956,288
HLS,Palma,00000000000000000001,2023-01-09,2023-01-17,30,13,100.0,0.6965442895889282,0.8780845021536956,286
HLS,Bananera,00000000000000000002,2023-01-09,2023-01-17,30,13,100.0,0.6978067014053578,0.9005279788526441,287
HLS,Manglar,00000000000000000003,2023-01-09,2023-01-17,30,13,100.0,0.6929975748062134,0.860633909702301,272
HLS,Bosque seco,00000000000000000004,2023-01-09,2023-01-17,30,13,100.0,0.5244187116622925,0.8508859992669342,271
HLS,Pastos limpios,00000000000000000000,2023-01-17,2023-01-25,30,16,100.0,0.3876354839912681,0.8536841670672098,288
HLS,Palma,00000000000000000001,2023-01-17,2023-01-25,30,16,100.0,0.6768759489059448,0.8702063778129357,286
HLS,Bananera,00000000000000000002,2023-01-17,2023-01-25,30,16,100.0,0.6776265190447205,0.9041153517944801,287
HLS,Manglar,00000000000000000003,2023-01-17,2023-01-25,30,16,100.0,0.6824023501755411,0.8604036139353536,272
HLS,Bosque seco,00000000000000000004,2023-01-17,2023-01-25,30,16,100.0,0.5266271829605103,0.8422078490257263,271
HLS,Pastos limpios,00000000000000000000,2023-01-25,2023-02-02,30,18,100.0,0.3881491422653198,0.8615545639318161,288
HLS,Palma,00000000000000000001,2023-01-25,2023-02-02,30,18,100.0,0.6605058813169832,0.8643961846828461,286
HLS,Bananera,00000000000000000002,2023-01-25,2023-02-02,30,18,100.0,0.6770185828208923,0.8931335918617249,287
HLS,Manglar,00000000000000000003,2023-01-25,2023-02-02,30,18,100.0,0.6860828105954155,0.8545823247487574,272
HLS,Bosque seco,00000000000000000004,2023-01-25,2023-02-02,30,18,100.0,0.47981545329093933,0.8324053287506104,271
HLS,Pastos limpios,00000000000000000000,2023-02-02,2023-02-10,30,21,100.0,0.4162800808747609,0.868948706465713,288
HLS,Palma,00000000000000000001,2023-02-02,2023-02-10,30,21,100.0,0.6451127529144287,0.8619653098689634,286
HLS,Bananera,00000000000000000002,2023-02-02,2023-02-10,30,21,100.0,0.6733086109161377,0.8957573301373165,287
HLS,Manglar,00000000000000000003,2023-02-02,2023-02-10,30,21,100.0,0.7048329710960388,0.8607225219408671,272
HLS,Bosque seco,00000000000000000004,2023-02-02,2023-02-10,30,21,100.0,0.45061229169368744,0.8201762522270547,271
HLS,Pastos limpios,00000000000000000000,2023-02-10,2023-02-18,30,20,100.0,0.42869728803634644,0.86133171636847,288
HLS,Palma,00000000000000000001,2023-02-10,2023-02-18,30,20,100.0,0.6301342844963074,0.8506656885147095,286
HLS,Bananera,00000000000000000002,2023-02-10,2023-02-18,30,20,100.0,0.6276053786277771,0.8926031589508057,287
HLS,Manglar,00000000000000000003,2023-02-10,2023-02-18,30,20,100.0,0.6905052363872528,0.8486039810301478,272
HLS,Bosque seco,00000000000000000004,2023-02-10,2023-02-18,30,20,100.0,0.45589008927345276,0.809588073147252,271
HLS,Pastos limpios,00000000000000000000,2023-02-18,2023-02-26,30,31,100.0,0.4303667376170287,0.8389329997913929,288
HLS,Palma,00000000000000000001,2023-02-18,2023-02-26,30,31,100.0,0.6088327765464783,0.8389257655590514,286
HLS,Bananera,00000000000000000002,2023-02-18,2023-02-26,30,31,100.0,0.6295533776283264,0.9040405750274658,287
HLS,Manglar,00000000000000000003,2023-02-18,2023-02-26,30,31,100.0,0.6917197704315186,0.8447308658962894,272
HLS,Bosque seco,00000000000000000004,2023-02-18,2023-02-26,30,31,100.0,0.4256645739078522,0.7889294624328613,271
HLS,Pastos limpios,00000000000000000000,2023-02-26,2023-03-06,30,40,100.0,0.42389228173664645,0.8309306472446477,288
HLS,Palma,00000000000000000001,2023-02-26,2023-03-06,30,40,100.0,0.6073152422904968,0.8368285596370697,286
HLS,Bananera,00000000000000000002,2023-02-26,2023-03-06,30,40,100.0,0.6471494436264038,0.8882385577474322,287
HLS,Manglar,00000000000000000003,2023-02-26,2023-03-06,30,40,100.0,0.7011963725090027,0.846754462619721,272
HLS,Bosque seco,00000000000000000004,2023-02-26,2023-03-06,30,40,100.0,0.4020497500896454,0.7840490937232971,271
HLS,Pastos limpios,00000000000000000000,2023-03-06,2023-03-14,30,36,51.37135043834955,,,0
HLS,Palma,00000000000000000001,2023-03-06,2023-03-14,30,36,0.0,,,0
HLS,Bananera,00000000000000000002,2023-03-06,2023-03-14,30,36,0.0,,,0
HLS,Manglar,00000000000000000003,2023-03-06,2023-03-14,30,36,100.0,0.6741909384727478,0.7788226358145945,272
HLS,Bosque seco,00000000000000000004,2023-03-06,2023-03-14,30,36,0.0,,,0
HLS,Pastos limpios,00000000000000000000,2023-03-14,2023-03-22,30,42,97.04656961312638,0.568546712398529,0.8569862958718473,279
HLS,Palma,00000000000000000001,2023-03-14,2023-03-22,30,42,100.0,0.6355103651682535,0.828579951099485,286
HLS,Bananera,00000000000000000002,2023-03-14,2023-03-22,30,42,100.0,0.6399806141853333,0.8963774488960958,287
HLS,Manglar,00000000000000000003,2023-03-14,2023-03-22,30,42,100.0,0.6921803653240204,0.8486050932268097,272
HLS,Bosque seco,00000000000000000004,2023-03-14,2023-03-22,30,42,100.0,0.5071387887001038,0.7977162545808746,271
HLS,Pastos limpios,00000000000000000000,2023-03-22,2023-03-30,30,43,100.0,0.5826662245549654,0.837871789932251,288
HLS,Palma,00000000000000000001,2023-03-22,2023-03-30,30,43,100.0,0.6159326703197155,0.8162182867527008,286
HLS,Bananera,00000000000000000002,2023-03-22,2023-03-30,30,43,100.0,0.6702487170696259,0.8887397089400964,287
HLS,Manglar,00000000000000000003,2023-03-22,2023-03-30,30,43,100.0,0.7349699139595032,0.8324958086013794,272
HLS,Bosque seco,00000000000000000004,2023-03-22,2023-03-30,30,43,100.0,0.5553047060966492,0.8335527176986873,271
HLS,Pastos limpios,00000000000000000000,2023-03-30,2023-04-07,30,59,100.0,0.5634794235229492,0.8351856439144582,288
HLS,Palma,00000000000000000001,2023-03-30,2023-04-07,30,59,100.0,0.6056846380233765,0.8215481238061653,286
HLS,Bananera,00000000000000000002,2023-03-30,2023-04-07,30,59,100.0,0.5986302196979523,0.891845014240934,287
HLS,Manglar,00000000000000000003,2023-03-30,2023-04-07,30,59,100.0,0.7397949397563934,0.8392586337346664,272
HLS,Bosque seco,00000000000000000004,2023-03-30,2023-04-07,30,59,100.0,0.5382978916168213,0.8686154226046242,271
HLS,Pastos limpios,00000000000000000000,2023-04-07,2023-04-15,30,64,100.0,0.5693467259407043,0.8369784995583701,288
HLS,Palma,00000000000000000001,2023-04-07,2023-04-15,30,64,11.608306123433753,,,0
HLS,Bananera,00000000000000000002,2023-04-07,2023-04-15,30,64,100.0,0.6822679042816162,0.8798141876856486,287
HLS,Manglar,00000000000000000003,2023-04-07,2023-04-15,30,64,100.0,0.7149748504161835,0.8355075716972351,272
HLS,Bosque seco,00000000000000000004,2023-04-07,2023-04-15,30,64,100.0,0.6280648112297058,0.8740821107670113,271
HLS,Pastos limpios,00000000000000000000,2023-04-15,2023-04-23,30,36,100.0,0.5297541618347168,0.8331786180286308,288
HLS,Palma,00000000000000000001,2023-04-15,2023-04-23,30,36,0.0,,,0
HLS,Bananera,00000000000000000002,2023-04-15,2023-04-23,30,36,100.0,0.6358962059020996,0.9002971020310655,287
HLS,Manglar,00000000000000000003,2023-04-15,2023-04-23,30,36,100.0,0.6690441966056824,0.8268387476223715,272
HLS,Bosque seco,00000000000000000004,2023-04-15,2023-04-23,30,36,100.0,0.624428927898407,0.8834271576120446,271
HLS,Pastos limpios,00000000000000000000,2023-04-23,2023-05-01,30,61,100.0,0.5758360624313354,0.8411077750075145,288
HLS,Palma,00000000000000000001,2023-04-23,2023-05-01,30,61,99.91796818452333,0.6491864919662476,0.8367170691490173,285
HLS,Bananera,00000000000000000002,2023-04-23,2023-05-01,30,61,93.31381318575245,0.7011433243751526,0.8939989089965821,255
HLS,Manglar,00000000000000000003,2023-04-23,2023-05-01,30,61,0.0,,,0
HLS,Bosque seco,00000000000000000004,2023-04-23,2023-05-01,30,61,100.0,0.700081467628479,0.8505166172981262,271
HLS,Pastos limpios,00000000000000000000,2023-05-01,2023-05-09,30,54,100.0,0.5842429995536804,0.8394462227192278,288
HLS,Palma,00000000000000000001,2023-05-01,2023-05-09,30,54,100.0,0.6261173486709595,0.8175268173217773,286
HLS,Bananera,00000000000000000002,2023-05-01,2023-05-09,30,54,100.0,0.6698904037475586,0.8848274957017236,287
HLS,Manglar,00000000000000000003,2023-05-01,2023-05-09,30,54,100.0,0.6125426888465881,0.843757152557373,272
HLS,Bosque seco,00000000000000000004,2023-05-01,2023-05-09,30,54,38.24400450667955,,,0
HLS,Pastos limpios,00000000000000000000,2023-05-09,2023-05-17,30,46,100.0,0.5886687126297216,0.8391321897506714,288
HLS,Palma,00000000000000000001,2023-05-09,2023-05-17,30,46,100.0,0.6452901363372803,0.8234008487711832,286
HLS,Bananera,00000000000000000002,2023-05-09,2023-05-17,30,46,100.0,0.6661294102668762,0.897619366645813,287
HLS,Manglar,00000000000000000003,2023-05-09,2023-05-17,30,46,100.0,0.6178081486168808,0.8385069072246552,272
HLS,Bosque seco,00000000000000000004,2023-05-09,2023-05-17,30,46,100.0,0.49938708543777466,0.8525644814804166,271
HLS,Pastos limpios,00000000000000000000,2023-05-17,2023-05-25,30,52,99.8471808895681,0.5414178696921607,0.8837170413115145,287
HLS,Palma,00000000000000000001,2023-05-17,2023-05-25,30,52,20.62376349101672,,,0
HLS,Bananera,00000000000000000002,2023-05-17,2023-05-25,30,52,68.63959586859293,,,0
HLS,Manglar,00000000000000000003,2023-05-17,2023-05-25,30,52,100.0,0.028735779951532165,0.8558138608932495,272
HLS,Bosque seco,00000000000000000004,2023-05-17,2023-05-25,30,52,63.492676645742804,,,0
HLS,Pastos limpios,00000000000000000000,2023-05-25,2023-06-02,30,37,0.0,,,0
HLS,Palma,00000000000000000001,2023-05-25,2023-06-02,30,37,0.0,,,0
HLS,Bananera,00000000000000000002,2023-05-25,2023-06-02,30,37,0.0,,,0
HLS,Manglar,00000000000000000003,2023-05-25,2023-06-02,30,37,100.0,0.647447258234024,0.8665638537633987,272
HLS,Bosque seco,00000000000000000004,2023-05-25,2023-06-02,30,37,2.6331884757765973,,,0
HLS,Pastos limpios,00000000000000000000,2023-06-02,2023-06-10,30,50,3.7625673610552566,,,0
HLS,Palma,00000000000000000001,2023-06-02,2023-06-10,30,50,0.0,,,0
HLS,Bananera,00000000000000000002,2023-06-02,2023-06-10,30,50,100.0,0.8033106327056885,0.9091441631317139,287
HLS,Manglar,00000000000000000003,2023-06-02,2023-06-10,30,50,99.679029957204,0.6983364224433899,0.8781203713039529,269
HLS,Bosque seco,00000000000000000004,2023-06-02,2023-06-10,30,50,0.0,,,0
HLS,Pastos limpios,00000000000000000000,2023-06-10,2023-06-18,30,61,41.15016488377705,,,0
HLS,Palma,00000000000000000001,2023-06-10,2023-06-18,30,61,100.0,0.7066589295864105,0.8620394973312906,286
HLS,Bananera,00000000000000000002,2023-06-10,2023-06-18,30,61,82.48656649184338,0.7137289047241211,0.9153429105447629,233
HLS,Manglar,00000000000000000003,2023-06-10,2023-06-18,30,61,100.0,0.7321724891662598,0.8879863334865105,272
HLS,Bosque seco,00000000000000000004,2023-06-10,2023-06-18,30,61,100.0,0.7496991753578186,0.9103861231498651,271
HLS,Pastos limpios,00000000000000000000,2023-06-18,2023-06-26,30,50,2.946995898013351,,,0
HLS,Palma,00000000000000000001,2023-06-18,2023-06-26,30,50,100.0,0.7526887953281403,0.8736478090286255,286
HLS,Bananera,00000000000000000002,2023-06-18,2023-06-26,30,50,100.0,0.7288466095924377,0.885188082853953,287
HLS,Manglar,00000000000000000003,2023-06-18,2023-06-26,30,50,100.0,0.7512437701225281,0.8654376268386841,272
HLS,Bosque seco,00000000000000000004,2023-06-18,2023-06-26,30,50,100.0,0.7175188660621643,0.8915954425433296,271
HLS,Pastos limpios,00000000000000000000,2023-06-26,2023-07-04,30,42,2.2890694120485797,,,0
HLS,Palma,00000000000000000001,2023-06-26,2023-07-04,30,42,0.20588377217673842,,,0
HLS,Bananera,00000000000000000002,2023-06-26,2023-07-04,30,42,0.0,,,0
HLS,Manglar,00000000000000000003,2023-06-26,2023-07-04,30,42,95.54532486058875,0.7091822624206543,0.8895103205423786,259
HLS,Bosque seco,00000000000000000004,2023-06-26,2023-07-04,30,42,1.7624336069531625,,,0
HLS,Pastos limpios,00000000000000000000,2023-07-04,2023-07-12,30,46,0.0,,,0
HLS,Palma,00000000000000000001,2023-07-04,2023-07-12,30,46,86.83630631644981,0.34849444031715393,0.8768352717161179,250
HLS,Bananera,00000000000000000002,2023-07-04,2023-07-12,30,46,30.761929277003762,,,0
HLS,Manglar,00000000000000000003,2023-07-04,2023-07-12,30,46,0.0,,,0
HLS,Bosque seco,00000000000000000004,2023-07-04,2023-07-12,30,46,0.0,,,0
HLS,Pastos limpios,00000000000000000000,2023-07-12,2023-07-20,30,67,100.0,0.5329405665397644,0.8812383848847902,288
HLS,Palma,00000000000000000001,2023-07-12,2023-07-20,30,67,35.30424152740025,,,0
HLS,Bananera,00000000000000000002,2023-07-12,2023-07-20,30,67,71.0914122076,,,0
HLS,Manglar,00000000000000000003,2023-07-12,2023-07-20,30,67,0.0,,,0
HLS,Bosque seco,00000000000000000004,2023-07-12,2023-07-20,30,67,100.0,0.7543138861656189,0.9210979389400398,271
HLS,Pastos limpios,00000000000000000000,2023-07-20,2023-07-28,30,53,100.0,0.5901082158088684,0.8778802096174004,288
HLS,Palma,00000000000000000001,2023-07-20,2023-07-28,30,53,100.0,0.7354552745819092,0.8754949569702148,286
HLS,Bananera,00000000000000000002,2023-07-20,2023-07-28,30,53,100.0,0.7729417198109177,0.8886412752072999,287
HLS,Manglar,00000000000000000003,2023-07-20,2023-07-28,30,53,100.0,0.783634215593338,0.8898653816577966,272
HLS,Bosque seco,00000000000000000004,2023-07-20,2023-07-28,30,53,100.0,0.6763787865638733,0.9091850585709962,271
HLS,Pastos limpios,00000000000000000000,2023-07-28,2023-08-05,30,26,100.0,0.6031589508056641,0.8704575896263123,288
HLS,Palma,00000000000000000001,2023-07-28,2023-08-05,30,26,100.0,0.7223672866821289,0.8761060833930969,286
HLS,Bananera,00000000000000000002,2023-07-28,2023-08-05,30,26,100.0,0.7131360769271851,0.8803824782371521,287
HLS,Manglar,00000000000000000003,2023-07-28,2023-08-05,30,26,100.0,0.7861287593841553,0.8892768511646673,272
HLS,Bosque seco,00000000000000000004,2023-07-28,2023-08-05,30,26,100.0,0.6925235986709595,0.8992075109029117,271
HLS,Pastos limpios,00000000000000000000,2023-08-05,2023-08-13,30,41,100.0,0.673335388302803,0.8697673568019162,288
HLS,Palma,00000000000000000001,2023-08-05,2023-08-13,30,41,100.0,0.6942057311534882,0.8665726749255661,286
HLS,Bananera,00000000000000000002,2023-08-05,2023-08-13,30,41,100.0,0.5568132400512695,0.8613205108407366,287
HLS,Manglar,00000000000000000003,2023-08-05,2023-08-13,30,41,100.0,0.7926291426022848,0.8841678072442662,272
HLS,Bosque seco,00000000000000000004,2023-08-05,2023-08-13,30,41,100.0,0.6573895215988159,0.8933968211873206,271
HLS,Pastos limpios,00000000000000000000,2023-08-13,2023-08-21,30,38,6.210890372396041,,,0
HLS,Palma,00000000000000000001,2023-08-13,2023-08-21,30,38,4.519792186067457,,,0
HLS,Bananera,00000000000000000002,2023-08-13,2023-08-21,30,38,100.0,0.5984729528427124,0.8676132355318514,287
HLS,Manglar,00000000000000000003,2023-08-13,2023-08-21,30,38,100.0,0.7142751812934875,0.8580677211284637,272
HLS,Bosque seco,00000000000000000004,2023-08-13,2023-08-21,30,38,100.0,0.6530815362930298,0.8816972806826167,271
HLS,Pastos limpios,00000000000000000000,2023-08-21,2023-08-29,30,47,0.0,,,0
HLS,Palma,00000000000000000001,2023-08-21,2023-08-29,30,47,0.0,,,0
HLS,Bananera,00000000000000000002,2023-08-21,2023-08-29,30,47,0.0,,,0
HLS,Manglar,00000000000000000003,2023-08-21,2023-08-29,30,47,0.0,,,0
HLS,Bosque seco,00000000000000000004,2023-08-21,2023-08-29,30,47,0.0,,,0
HLS,Pastos limpios,00000000000000000000,2023-08-29,2023-09-06,30,65,35.7612804632832,,,0
HLS,Palma,00000000000000000001,2023-08-29,2023-09-06,30,65,61.71687764391759,,,0
HLS,Bananera,00000000000000000002,2023-08-29,2023-09-06,30,65,34.21924772354323,,,0
HLS,Manglar,00000000000000000003,2023-08-29,2023-09-06,30,65,100.0,0.7745267152786255,0.875665889994446,272
HLS,Bosque seco,00000000000000000004,2023-08-29,2023-09-06,30,65,100.0,0.6765937209129333,0.889340754686936,271
HLS,Pastos limpios,00000000000000000000,2023-09-06,2023-09-14,30,60,100.0,0.7328914803589962,0.8648121562773871,288
HLS,Palma,00000000000000000001,2023-09-06,2023-09-14,30,60,100.0,0.6773709906102888,0.8598383069038391,286
HLS,Bananera,00000000000000000002,2023-09-06,2023-09-14,30,60,100.0,0.6939064872949144,0.8537003666651054,287
HLS,Manglar,00000000000000000003,2023-09-06,2023-09-14,30,60,100.0,0.7486502528190613,0.8773888888113167,272
HLS,Bosque seco,00000000000000000004,2023-09-06,2023-09-14,30,60,100.0,0.667533814907074,0.887511403980132,271
HLS,Pastos limpios,00000000000000000000,2023-09-14,2023-09-22,30,32,100.0,0.7369997203350067,0.8642000153295635,288
HLS,Palma,00000000000000000001,2023-09-14,2023-09-22,30,32,100.0,0.7024605761743287,0.8389657288789749,286
HLS,Bananera,00000000000000000002,2023-09-14,2023-09-22,30,32,100.0,0.7546089127019872,0.8500572045644125,287
HLS,Manglar,00000000000000000003,2023-09-14,2023-09-22,30,32,100.0,0.6899316906929016,0.7985544204711914,272
HLS,Bosque seco,00000000000000000004,2023-09-14,2023-09-22,30,32,100.0,0.6518779695034027,0.8836622487823917,271
HLS,Pastos limpios,00000000000000000000,2023-09-22,2023-09-30,30,39,0.0,,,0
HLS,Palma,00000000000000000001,2023-09-22,2023-09-30,30,39,33.673256019687656,,,0
HLS,Bananera,00000000000000000002,2023-09-22,2023-09-30,30,39,100.0,0.7136311531066895,0.8678457140922546,287
HLS,Manglar,00000000000000000003,2023-09-22,2023-09-30,30,39,100.0,0.7551259398460388,0.8735042413404165,272
HLS,Bosque seco,00000000000000000004,2023-09-22,2023-09-30,30,39,100.0,0.6272545456886292,0.8862423896789551,271
HLS,Pastos limpios,00000000000000000000,2023-09-30,2023-10-08,30,65,100.0,0.765625,0.8677712231874466,288
HLS,Palma,00000000000000000001,2023-09-30,2023-10-08,30,65,100.0,0.7303851842880249,0.8415762540128163,286
HLS,Bananera,00000000000000000002,2023-09-30,2023-10-08,30,65,100.0,0.7891605879579272,0.8739044693078887,287
HLS,Manglar,00000000000000000003,2023-09-30,2023-10-08,30,65,100.0,0.7465940117835999,0.8483225111904823,272
HLS,Bosque seco,00000000000000000004,2023-09-30,2023-10-08,30,65,100.0,0.6325676639874775,0.8873222587279362,271
HLS,Pastos limpios,00000000000000000000,2023-10-08,2023-10-16,30,43,97.13826107938552,0.7287047356367111,0.8882725834846497,273
HLS,Palma,00000000000000000001,2023-10-08,2023-10-16,30,43,0.0,,,0
HLS,Bananera,00000000000000000002,2023-10-08,2023-10-16,30,43,0.0,,,0
HLS,Manglar,00000000000000000003,2023-10-08,2023-10-16,30,43,44.71372065879912,,,0
HLS,Bosque seco,00000000000000000004,2023-10-08,2023-10-16,30,43,33.944954128440365,,,0
HLS,Pastos limpios,00000000000000000000,2023-10-16,2023-10-24,30,28,0.0,,,0
HLS,Palma,00000000000000000001,2023-10-16,2023-10-24,30,28,0.0,,,0
HLS,Bananera,00000000000000000002,2023-10-16,2023-10-24,30,28,0.0,,,0
HLS,Manglar,00000000000000000003,2023-10-16,2023-10-24,30,28,0.0,,,0
HLS,Bosque seco,00000000000000000004,2023-10-16,2023-10-24,30,28,100.0,0.6741633415222168,0.8975201700386827,271
HLS,Pastos limpios,00000000000000000000,2023-10-24,2023-11-01,30,28,64.67304753478646,,,0
HLS,Palma,00000000000000000001,2023-10-24,2023-11-01,30,28,38.431101317334466,,,0
HLS,Bananera,00000000000000000002,2023-10-24,2023-11-01,30,28,0.0,,,0
HLS,Manglar,00000000000000000003,2023-10-24,2023-11-01,30,28,100.0,0.7649273872375488,0.8597670197486877,272
HLS,Bosque seco,00000000000000000004,2023-10-24,2023-11-01,30,28,0.0,,,0
HLS,Pastos limpios,00000000000000000000,2023-11-01,2023-11-09,30,10,0.0,,,0
HLS,Palma,00000000000000000001,2023-11-01,2023-11-09,30,10,0.0,,,0
HLS,Bananera,00000000000000000002,2023-11-01,2023-11-09,30,10,0.0,,,0
HLS,Manglar,00000000000000000003,2023-11-01,2023-11-09,30,10,0.0,,,0
HLS,Bosque seco,00000000000000000004,2023-11-01,2023-11-09,30,10,0.0,,,0
HLS,Pastos limpios,00000000000000000000,2023-11-09,2023-11-17,30,17,100.0,0.5817041397094727,0.8888607350832108,288
HLS,Palma,00000000000000000001,2023-11-09,2023-11-17,30,17,100.0,0.7250121831893921,0.8877034485340118,286
HLS,Bananera,00000000000000000002,2023-11-09,2023-11-17,30,17,100.0,0.7549248933792114,0.8960689535507789,287
HLS,Manglar,00000000000000000003,2023-11-09,2023-11-17,30,17,100.0,0.7782762050628662,0.8956079149768982,272
HLS,Bosque seco,00000000000000000004,2023-11-09,2023-11-17,30,17,100.0,0.7568250894546509,0.8956690671151143,271
HLS,Pastos limpios,00000000000000000000,2023-11-17,2023-11-25,30,18,100.0,0.6396933197975159,0.8877703222361478,288
HLS,Palma,00000000000000000001,2023-11-17,2023-11-25,30,18,100.0,0.7298747897148132,0.887177050113678,286
HLS,Bananera,00000000000000000002,2023-11-17,2023-11-25,30,18,100.0,0.7570385932922363,0.893060545126597,287
HLS,Manglar,00000000000000000003,2023-11-17,2023-11-25,30,18,100.0,0.818219126134679,0.8909690362796935,272
HLS,Bosque seco,00000000000000000004,2023-11-17,2023-11-25,30,18,100.0,0.7399183809757233,0.9073489660183713,271
HLS,Pastos limpios,00000000000000000000,2023-11-25,2023-12-03,30,17,100.0,0.6495079714589138,0.8474077582359314,288
HLS,Palma,00000000000000000001,2023-11-25,2023-12-03,30,17,7.598397966897748,,,0
HLS,Bananera,00000000000000000002,2023-11-25,2023-12-03,30,17,100.0,0.7640673120816549,0.889946199641935,287
HLS,Manglar,00000000000000000003,2023-11-25,2023-12-03,30,17,100.0,0.7865209743596506,0.8634552485205133,272
HLS,Bosque seco,00000000000000000004,2023-11-25,2023-12-03,30,17,0.0,,,0
HLS,Pastos limpios,00000000000000000000,2023-12-03,2023-12-11,30,20,100.0,0.5807152066415953,0.8466939649877756,288
HLS,Palma,00000000000000000001,2023-12-03,2023-12-11,30,20,100.0,0.7155191600322723,0.8740393280982971,286
HLS,Bananera,00000000000000000002,2023-12-03,2023-12-11,30,20,100.0,0.7081993818283081,0.8927579320884721,287
HLS,Manglar,00000000000000000003,2023-12-03,2023-12-11,30,20,100.0,0.7717333436012268,0.873859675092012,272
HLS,Bosque seco,00000000000000000004,2023-12-03,2023-12-11,30,20,100.0,0.6101712337963244,0.8921359817186991,271
HLS,Pastos limpios,00000000000000000000,2023-12-11,2023-12-19,30,18,100.0,0.5084626078605652,0.8413032293319702,288
HLS,Palma,00000000000000000001,2023-12-11,2023-12-19,30,18,100.0,0.7074569463729858,0.8716040400954765,286
HLS,Bananera,00000000000000000002,2023-12-11,2023-12-19,30,18,100.0,0.713259756565094,0.8846651514371237,287
HLS,Manglar,00000000000000000003,2023-12-11,2023-12-19,30,18,100.0,0.7469527164352275,0.8619716729560907,272
HLS,Bosque seco,00000000000000000004,2023-12-11,2023-12-19,30,18,100.0,0.573341429233551,0.8877256659210706,271
HLS,Pastos limpios,00000000000000000000,2023-12-19,2023-12-27,30,20,100.0,0.5654862523078918,0.829867334422951,288
HLS,Palma,00000000000000000001,2023-12-19,2023-12-27,30,20,100.0,0.669928869483613,0.8638170957565308,286
HLS,Bananera,00000000000000000002,2023-12-19,2023-12-27,30,20,100.0,0.7565805315971375,0.884741412047063,287
HLS,Manglar,00000000000000000003,2023-12-19,2023-12-27,30,20,100.0,0.7335148453712463,0.8608655333518982,272
HLS,Bosque seco,00000000000000000004,2023-12-19,2023-12-27,30,20,100.0,0.5541099905967712,0.8739437427036084,271
HLS,Pastos limpios,00000000000000000000,2023-12-27,2024-01-01,30,16,31.789592214268474,,,0
HLS,Palma,00000000000000000001,2023-12-27,2024-01-01,30,16,100.0,0.6906235218048096,0.8529378175735474,286
HLS,Bananera,00000000000000000002,2023-12-27,2024-01-01,30,16,100.0,0.768356055021286,0.9007438552115679,287
HLS,Manglar,00000000000000000003,2023-12-27,2024-01-01,30,16,93.90156918687588,0.6918328404426575,0.8039576411247253,254
HLS,Bosque seco,00000000000000000004,2023-12-27,2024-01-01,30,16,100.0,0.5805348502386601,0.870560326537148,271
S2,Pastos limpios,00000000000000000000,2021-01-01,2021-01-09,20,4,100.0,0.42299723625183105,0.787917415301005,594
S2,Palma,00000000000000000001,2021-01-01,2021-01-09,20,4,100.0,0.5333554446697235,0.8818171132694591,594
S2,Bananera,00000000000000000002,2021-01-01,2021-01-09,20,4,100.0,0.575831660787568,0.8729929640780142,594
S2,Manglar,00000000000000000003,2021-01-01,2021-01-09,20,4,100.0,0.46631438029428246,0.8689540831360357,594
S2,Bosque seco,00000000000000000004,2021-01-01,2021-01-09,20,4,100.0,0.5650011435655907,0.8692845826451582,594
S2,Pastos limpios,00000000000000000000,2021-01-09,2021-01-17,20,2,100.0,0.3778792917728424,0.5830569863319397,594
S2,Palma,00000000000000000001,2021-01-09,2021-01-17,20,2,100.0,0.6418971419334412,0.85433838900459,594
S2,Bananera,00000000000000000002,2021-01-09,2021-01-17,20,2,100.0,0.6352596580982208,0.8493250452552926,594
S2,Manglar,00000000000000000003,2021-01-09,2021-01-17,20,2,99.12710500603484,0.4614390730857849,0.6215677857398987,585
S2,Bosque seco,00000000000000000004,2021-01-09,2021-01-17,20,2,100.0,0.4606312542426877,0.7676099753564848,594
S2,Pastos limpios,00000000000000000000,2021-01-17,2021-01-25,20,4,100.0,0.4244504049420357,0.8496450644127929,594
S2,Palma,00000000000000000001,2021-01-17,2021-01-25,20,4,100.0,0.6362727284431458,0.9084326814902416,594
S2,Bananera,00000000000000000002,2021-01-17,2021-01-25,20,4,100.0,0.6705789658711572,0.900281759054059,594
S2,Manglar,00000000000000000003,2021-01-17,2021-01-25,20,4,100.0,0.6449239253997803,0.8919172236029966,594
S2,Bosque seco,00000000000000000004,2021-01-17,2021-01-25,20,4,100.0,0.4234742808297108,0.8921604378384178,594
S2,Pastos limpios,00000000000000000000,2021-01-25,2021-02-02,20,2,100.0,0.4431647062301636,0.8180900812149048,594
S2,Palma,00000000000000000001,2021-01-25,2021-02-02,20,2,100.0,0.6212624311447144,0.8819804011490148,594
S2,Bananera,00000000000000000002,2021-01-25,2021-02-02,20,2,100.0,0.6046003701975528,0.8691053487668089,594
S2,Manglar,00000000000000000003,2021-01-25,2021-02-02,20,2,100.0,0.6371366182963053,0.8775667566121604,594
S2,Bosque seco,00000000000000000004,2021-01-25,2021-02-02,20,2,100.0,0.38420031441758007,0.860847284796707,594
S2,Pastos limpios,00000000000000000000,2021-02-02,2021-02-10,20,4,100.0,0.4616906940937042,0.8256787228918745,594
S2,Palma,00000000000000000001,2021-02-02,2021-02-10,20,4,100.0,0.6211599111557007,0.8850189187263399,594
S2,Bananera,00000000000000000002,2021-02-02,2021-02-10,20,4,100.0,0.650408923625946,0.8692670771562475,594
S2,Manglar,00000000000000000003,2021-02-02,2021-02-10,20,4,100.0,0.6388072669506073,0.8840101565330478,594
S2,Bosque seco,00000000000000000004,2021-02-02,2021-02-10,20,4,100.0,0.3501588702201843,0.8650753329949737,594
S2,Pastos limpios,00000000000000000000,2021-02-10,2021-02-18,20,4,100.0,0.4587452709674835,0.8188054900324685,594
S2,Palma,00000000000000000001,2021-02-10,2021-02-18,20,4,100.0,0.5680907299541353,0.8766959492976849,594
S2,Bananera,00000000000000000002,2021-02-10,2021-02-18,20,4,100.0,0.6413717269897461,0.8530801814505765,594
S2,Manglar,00000000000000000003,2021-02-10,2021-02-18,20,4,100.0,0.5955429077148438,0.8758340455548612,594
S2,Bosque seco,00000000000000000004,2021-02-10,2021-02-18,20,4,100.0,0.3136318206787109,0.8131957326201197,594
S2,Pastos limpios,00000000000000000000,2021-02-18,2021-02-26,20,2,100.0,0.4563441276550293,0.82688969373703,594
S2,Palma,00000000000000000001,2021-02-18,2021-02-26,20,2,100.0,0.5334250330924988,0.8731959842167639,594
S2,Bananera,00000000000000000002,2021-02-18,2021-02-26,20,2,100.0,0.6469748616218567,0.8534060048704573,594
S2,Manglar,00000000000000000003,2021-02-18,2021-02-26,20,2,100.0,0.5874142916017129,0.8969246670603752,594
S2,Bosque seco,00000000000000000004,2021-02-18,2021-02-26,20,2,100.0,0.3114985564496915,0.8263627886772156,594
S2,Pastos limpios,00000000000000000000,2021-02-26,2021-03-06,20,4,100.0,0.4562336653470993,0.8301410153508186,594
S2,Palma,00000000000000000001,2021-02-26,2021-03-06,20,4,100.0,0.5669000744819641,0.8693371848891215,594
S2,Bananera,00000000000000000002,2021-02-26,2021-03-06,20,4,100.0,0.6266687282962371,0.8531366106086249,594
S2,Manglar,00000000000000000003,2021-02-26,2021-03-06,20,4,100.0,0.5069806684382309,0.8619255419959826,594
S2,Bosque seco,00000000000000000004,2021-02-26,2021-03-06,20,4,100.0,0.29485135674476626,0.8236162662506104,594
S2,Pastos limpios,00000000000000000000,2021-03-06,2021-03-14,20,2,0.0,,,0
S2,Palma,00000000000000000001,2021-03-06,2021-03-14,20,2,100.0,0.5534853935241699,0.8237512509383542,594
S2,Bananera,00000000000000000002,2021-03-06,2021-03-14,20,2,100.0,0.5762425511256678,0.7518501314791342,594
S2,Manglar,00000000000000000003,2021-03-06,2021-03-14,20,2,0.0,,,0
S2,Bosque seco,00000000000000000004,2021-03-06,2021-03-14,20,2,0.0,,,0
S2,Pastos limpios,00000000000000000000,2021-03-14,2021-03-22,20,4,100.0,0.38857990006605786,0.8459656182676554,594
S2,Palma,00000000000000000001,2021-03-14,2021-03-22,20,4,100.0,0.45992907136678696,0.8651967585086823,594
S2,Bananera,00000000000000000002,2021-03-14,2021-03-22,20,4,100.0,0.4945679306983948,0.8611152006520165,594
S2,Manglar,00000000000000000003,2021-03-14,2021-03-22,20,4,100.0,0.40898844599723816,0.8015072345733643,594
S2,Bosque seco,00000000000000000004,2021-03-14,2021-03-22,20,4,100.0,0.3497153435434614,0.7943822145462036,594
S2,Pastos limpios,00000000000000000000,2021-03-22,2021-03-30,20,4,100.0,0.40453775723775226,0.8772451612040226,594
S2,Palma,00000000000000000001,2021-03-22,2021-03-30,20,4,100.0,0.5764236450195312,0.8726789747933221,594
S2,Bananera,00000000000000000002,2021-03-22,2021-03-30,20,4,100.0,0.6552234888076782,0.8612544015357555,594
S2,Manglar,00000000000000000003,2021-03-22,2021-03-30,20,4,100.0,0.396767258644104,0.8181134945808206,594
S2,Bosque seco,00000000000000000004,2021-03-22,2021-03-30,20,4,100.0,0.40885072858571125,0.8458347022533417,594
S2,Pastos limpios,00000000000000000000,2021-03-30,2021-04-07,20,2,0.0,,,0
S2,Palma,00000000000000000001,2021-03-30,2021-04-07,20,2,0.0,,,0
S2,Bananera,00000000000000000002,2021-03-30,2021-04-07,20,2,0.0,,,0
S2,Manglar,00000000000000000003,2021-03-30,2021-04-07,20,2,2.1984022070233915,,,0
S2,Bosque seco,00000000000000000004,2021-03-30,2021-04-07,20,2,0.0,,,0
S2,Pastos limpios,00000000000000000000,2021-04-07,2021-04-15,20,4,64.50850186135423,,,0
S2,Palma,00000000000000000001,2021-04-07,2021-04-15,20,4,83.09913820986279,0.56007959121447,0.8772517594548369,493
S2,Bananera,00000000000000000002,2021-04-07,2021-04-15,20,4,100.0,0.653661847114563,0.8809697587525516,594
S2,Manglar,00000000000000000003,2021-04-07,2021-04-15,20,4,100.0,0.3804820328950882,0.834244430065155,594
S2,Bosque seco,00000000000000000004,2021-04-07,2021-04-15,20,4,100.0,0.5946813027064005,0.9194264799389283,594
S2,Pastos limpios,00000000000000000000,2021-04-15,2021-04-23,20,2,0.0,,,0
S2,Palma,00000000000000000001,2021-04-15,2021-04-23,20,2,0.0,,,0
S2,Bananera,00000000000000000002,2021-04-15,2021-04-23,20,2,24.590434976385765,,,0
S2,Manglar,00000000000000000003,2021-04-15,2021-04-23,20,2,0.0,,,0
S2,Bosque seco,00000000000000000004,2021-04-15,2021-04-23,20,2,100.0,0.5221215486526489,0.6471360802650452,594
S2,Pastos limpios,00000000000000000000,2021-04-23,2021-05-01,20,4,100.0,0.3846181482076645,0.8569280535235622,594
S2,Palma,00000000000000000001,2021-04-23,2021-05-01,20,4,100.0,0.5931516289710999,0.888292807559312,594
S2,Bananera,00000000000000000002,2021-04-23,2021-05-01,20,4,100.0,0.63714599609375,0.8737283133207091,594
S2,Manglar,00000000000000000003,2021-04-23,2021-05-01,20,4,100.0,0.43128134806950885,0.8251367608706156,594
S2,Bosque seco,00000000000000000004,2021-04-23,2021-05-01,20,4,100.0,0.4520794376730919,0.9239882357527243,594
S2,Pastos limpios,00000000000000000000,2021-05-01,2021-05-09,20,4,100.0,0.4013424664735794,0.826760637218302,594
S2,Palma,00000000000000000001,2021-05-01,2021-05-09,20,4,100.0,0.6350640058517456,0.8718037170687285,594
S2,Bananera,00000000000000000002,2021-05-01,2021-05-09,20,4,100.0,0.6036050319671631,0.8609722380957558,594
S2,Manglar,00000000000000000003,2021-05-01,2021-05-09,20,4,100.0,0.5246830183639113,0.8743894249200821,594
S2,Bosque seco,00000000000000000004,2021-05-01,2021-05-09,20,4,92.8488735807405,0.6399896740913391,0.9048181532854046,555
S2,Pastos limpios,00000000000000000000,2021-05-09,2021-05-17,20,2,47.90435944978657,,,0
S2,Palma,00000000000000000001,2021-05-09,2021-05-17,20,2,96.99487525965111,0.6240310072898865,0.888531187306966,577
S2,Bananera,00000000000000000002,2021-05-09,2021-05-17,20,2,72.4421505128998,,,0
S2,Manglar,00000000000000000003,2021-05-09,2021-05-17,20,2,100.0,0.5460950136184692,0.881717959173808,594
S2,Bosque seco,00000000000000000004,2021-05-09,2021-05-17,20,2,100.0,0.6949729919433594,0.9278303183742449,594
S2,Pastos limpios,00000000000000000000,2021-05-17,2021-05-25,20,4,0.0,,,0
S2,Palma,00000000000000000001,2021-05-17,2021-05-25,20,4,0.0,,,0
S2,Bananera,00000000000000000002,2021-05-17,2021-05-25,20,4,0.0,,,0
S2,Manglar,00000000000000000003,2021-05-17,2021-05-25,20,4,75.9921547215357,,,0
S2,Bosque seco,00000000000000000004,2021-05-17,2021-05-25,20,4,85.11386434072296,0.5378353595733643,0.7645210948694183,488
S2,Pastos limpios,00000000000000000000,2021-05-25,2021-06-02,20,2,0.0,,,0
S2,Palma,00000000000000000001,2021-05-25,2021-06-02,20,2,0.0,,,0
S2,Bananera,00000000000000000002,2021-05-25,2021-06-02,20,2,5.315898814615667,,,0
S2,Manglar,00000000000000000003,2021-05-25,2021-06-02,20,2,0.0,,,0
S2,Bosque seco,00000000000000000004,2021-05-25,2021-06-02,20,2,11.373490857056572,,,0
S2,Pastos limpios,00000000000000000000,2021-06-02,2021-06-10,20,4,0.0,,,0
S2,Palma,00000000000000000001,2021-06-02,2021-06-10,20,4,0.0,,,0
S2,Bananera,00000000000000000002,2021-06-02,2021-06-10,20,4,0.0,,,0
S2,Manglar,00000000000000000003,2021-06-02,2021-06-10,20,4,0.0,,,0
S2,Bosque seco,00000000000000000004,2021-06-02,2021-06-10,20,4,0.0,,,0
S2,Pastos limpios,00000000000000000000,2021-06-10,2021-06-18,20,4,99.66797464533657,0.4122082849985747,0.8539506320122184,590
S2,Palma,00000000000000000001,2021-06-10,2021-06-18,20,4,92.40704669766909,0.6901900172233582,0.8800866736306084,537
S2,Bananera,00000000000000000002,2021-06-10,2021-06-18,20,4,100.0,0.7067058682441711,0.8847307322179256,594
S2,Manglar,00000000000000000003,2021-06-10,2021-06-18,20,4,100.0,0.6381295124689738,0.8978617419670155,594
S2,Bosque seco,00000000000000000004,2021-06-10,2021-06-18,20,4,100.0,0.7311569154262543,0.9317273218255409,594
S2,Pastos limpios,00000000000000000000,2021-06-18,2021-06-26,20,2,0.0,,,0
S2,Palma,00000000000000000001,2021-06-18,2021-06-26,20,2,15.740787326869313,,,0
S2,Bananera,00000000000000000002,2021-06-18,2021-06-26,20,2,0.0,,,0
S2,Manglar,00000000000000000003,2021-06-18,2021-06-26,20,2,100.0,0.6919279843568802,0.8369441032409668,594
S2,Bosque seco,00000000000000000004,2021-06-18,2021-06-26,20,2,6.530571155325774,,,0
S2,Pastos limpios,00000000000000000000,2021-06-26,2021-07-04,20,6,89.35506590200222,0.48786017298698425,0.8840903589372548,533
S2,Palma,00000000000000000001,2021-06-26,2021-07-04,20,6,100.0,0.7434241771697998,0.8956645195418439,594
S2,Bananera,00000000000000000002,2021-06-26,2021-07-04,20,6,100.0,0.7559291809008224,0.8810416007776811,594
S2,Manglar,00000000000000000003,2021-06-26,2021-07-04,20,6,100.0,0.8071762919425964,0.9229178362350999,594
S2,Bosque seco,00000000000000000004,2021-06-26,2021-07-04,20,6,100.0,0.5003345012664795,0.8834441657290081,594
S2,Pastos limpios,00000000000000000000,2021-07-04,2021-07-12,20,2,100.0,0.38678398728370667,0.8693579009601048,594
S2,Palma,00000000000000000001,2021-07-04,2021-07-12,20,2,85.98279294755227,0.6608521640300751,0.8914505177074008,514
S2,Bananera,00000000000000000002,2021-07-04,2021-07-12,20,2,23.19155206992977,,,0
S2,Manglar,00000000000000000003,2021-07-04,2021-07-12,20,2,100.0,0.7980672121047974,0.90383280813694,594
S2,Bosque seco,00000000000000000004,2021-07-04,2021-07-12,20,2,87.058941964061,0.6207384169101715,0.7629257855343616,522
S2,Pastos limpios,00000000000000000000,2021-07-12,2021-07-20,20,4,100.0,0.4644995927810669,0.8928269708129054,594
S2,Palma,00000000000000000001,2021-07-12,2021-07-20,20,4,100.0,0.6937296390533447,0.9109865859493443,594
S2,Bananera,00000000000000000002,2021-07-12,2021-07-20,20,4,100.0,0.7253720164299011,0.9042914256391165,594
S2,Manglar,00000000000000000003,2021-07-12,2021-07-20,20,4,100.0,0.8015283147493998,0.8994747400283813,594
S2,Bosque seco,00000000000000000004,2021-07-12,2021-07-20,20,4,100.0,0.7602037191390991,0.9429501661171261,594
S2,Pastos limpios,00000000000000000000,2021-07-20,2021-07-28,20,4,100.0,0.4010385751724243,0.864694354756888,594
S2,Palma,00000000000000000001,2021-07-20,2021-07-28,20,4,100.0,0.6697987914085388,0.8962211528325824,594
S2,Bananera,00000000000000000002,2021-07-20,2021-07-28,20,4,100.0,0.7176827788352966,0.8808849623486977,594
S2,Manglar,00000000000000000003,2021-07-20,2021-07-28,20,4,100.0,0.8049384355545044,0.911115437746048,594
S2,Bosque seco,00000000000000000004,2021-07-20,2021-07-28,20,4,100.0,0.560170903801918,0.9238870529131702,594
S2,Pastos limpios,00000000000000000000,2021-07-28,2021-08-05,20,2,100.0,0.3294456700483958,0.8802307367324829,594
S2,Palma,00000000000000000001,2021-07-28,2021-08-05,20,2,100.0,0.6705993861616446,0.9121716095159136,594
S2,Bananera,00000000000000000002,2021-07-28,2021-08-05,20,2,100.0,0.6963125467300415,0.8961436155404936,594
S2,Manglar,00000000000000000003,2021-07-28,2021-08-05,20,2,100.0,0.8072572946548462,0.9144450128078461,594
S2,Bosque seco,00000000000000000004,2021-07-28,2021-08-05,20,2,100.0,0.4661808907985687,0.958616661269215,594
S2,Pastos limpios,00000000000000000000,2021-08-05,2021-08-13,20,4,100.0,0.3896414041519165,0.8796804382623273,594
S2,Palma,00000000000000000001,2021-08-05,2021-08-13,20,4,100.0,0.590553492307663,0.9034220104178036,594
S2,Bananera,00000000000000000002,2021-08-05,2021-08-13,20,4,80.08928122147064,0.5230203866958618,0.8576791286866005,473
S2,Manglar,00000000000000000003,2021-08-05,2021-08-13,20,4,100.0,0.8007052540779114,0.9019104991915563,594
S2,Bosque seco,00000000000000000004,2021-08-05,2021-08-13,20,4,100.0,0.474077433347702,0.9315595633473742,594
S2,Pastos limpios,00000000000000000000,2021-08-13,2021-08-21,20,2,99.59179566785967,0.4881640076637268,0.869317889213562,589
S2,Palma,00000000000000000001,2021-08-13,2021-08-21,20,2,84.42021433346034,0.7237248718738556,0.8973251881569744,486
S2,Bananera,00000000000000000002,2021-08-13,2021-08-21,20,2,20.903451200839623,,,0
S2,Manglar,00000000000000000003,2021-08-13,2021-08-21,20,2,100.0,0.8057926240449331,0.8958115379015604,594
S2,Bosque seco,00000000000000000004,2021-08-13,2021-08-21,20,2,100.0,0.5709182024002075,0.9083230781482765,594
S2,Pastos limpios,00000000000000000000,2021-08-21,2021-08-29,20,4,39.84447989881132,,,0
S2,Palma,00000000000000000001,2021-08-21,2021-08-29,20,4,49.055193381681754,,,0
S2,Bananera,00000000000000000002,2021-08-21,2021-08-29,20,4,69.7363975530332,,,0
S2,Manglar,00000000000000000003,2021-08-21,2021-08-29,20,4,7.534915799758604,,,0
S2,Bosque seco,00000000000000000004,2021-08-21,2021-08-29,20,4,98.27999050830883,0.5845252960144808,0.9235378347213584,575
S2,Pastos limpios,00000000000000000000,2021-08-29,2021-09-06,20,4,0.0,,,0
S2,Palma,00000000000000000001,2021-08-29,2021-09-06,20,4,0.0,,,0
S2,Bananera,00000000000000000002,2021-08-29,2021-09-06,20,4,0.0,,,0
S2,Manglar,00000000000000000003,2021-08-29,2021-09-06,20,4,0.0,,,0
S2,Bosque seco,00000000000000000004,2021-08-29,2021-09-06,20,4,0.0,,,0
S2,Pastos limpios,00000000000000000000,2021-09-06,2021-09-14,20,2,15.930748997455913,,,0
S2,Palma,00000000000000000001,2021-09-06,2021-09-14,20,2,12.285720446492105,,,0
S2,Bananera,00000000000000000002,2021-09-06,2021-09-14,20,2,7.672290473075462,,,0
S2,Manglar,00000000000000000003,2021-09-06,2021-09-14,20,2,100.0,0.7962895333766937,0.8920177647045681,594
S2,Bosque seco,00000000000000000004,2021-09-06,2021-09-14,20,2,0.4228116977903057,,,0
S2,Pastos limpios,00000000000000000000,2021-09-14,2021-09-22,20,4,61.88679516479094,,,0
S2,Palma,00000000000000000001,2021-09-14,2021-09-22,20,4,0.0,,,0
S2,Bananera,00000000000000000002,2021-09-14,2021-09-22,20,4,77.7134806018216,,,0
S2,Manglar,00000000000000000003,2021-09-14,2021-09-22,20,4,100.0,0.7662789970636368,0.8706061897224029,594
S2,Bosque seco,00000000000000000004,2021-09-14,2021-09-22,20,4,100.0,0.5377213954925537,0.7041571626682458,594
S2,Pastos limpios,00000000000000000000,2021-09-22,2021-09-30,20,2,100.0,0.4759426414966583,0.8851914399568617,589
S2,Palma,00000000000000000001,2021-09-22,2021-09-30,20,2,97.0674697582819,0.7082935623161456,0.9052994858811502,578
S2,Bananera,00000000000000000002,2021-09-22,2021-09-30,20,2,67.22832845713137,,,0
S2,Manglar,00000000000000000003,2021-09-22,2021-09-30,20,2,100.0,0.8030082583427429,0.9047570669239289,594
S2,Bosque seco,00000000000000000004,2021-09-22,2021-09-30,20,2,100.0,0.6888886586648677,0.9352261972727308,594
S2,Pastos limpios,00000000000000000000,2021-09-30,2021-10-08,20,4,0.0,,,0
S2,Palma,00000000000000000001,2021-09-30,2021-10-08,20,4,100.0,0.669540535705359,0.8973788082491464,594
S2,Bananera,00000000000000000002,2021-09-30,2021-10-08,20,4,52.03039299552157,,,0
S2,Manglar,00000000000000000003,2021-09-30,2021-10-08,20,4,79.21001206965917,,,0
S2,Bosque seco,00000000000000000004,2021-09-30,2021-10-08,20,4,100.0,0.6538567543029785,0.8797125033767947,594
S2,Pastos limpios,00000000000000000000,2021-10-08,2021-10-16,20,4,0.0,,,0
S2,Palma,00000000000000000001,2021-10-08,2021-10-16,20,4,28.556950743554548,,,0
S2,Bananera,00000000000000000002,2021-10-08,2021-10-16,20,4,98.73769867228329,0.7194485927466303,0.8650300822539304,584
S2,Manglar,00000000000000000003,2021-10-08,2021-10-16,20,4,0.0,,,0
S2,Bosque seco,00000000000000000004,2021-10-08,2021-10-16,20,4,9.767813099971958,,,0
S2,Pastos limpios,00000000000000000000,2021-10-16,2021-10-24,20,2,71.42641541977491,,,0
S2,Palma,00000000000000000001,2021-10-16,2021-10-24,20,2,0.0,,,0
S2,Bananera,00000000000000000002,2021-10-16,2021-10-24,20,2,0.0,,,0
S2,Manglar,00000000000000000003,2021-10-16,2021-10-24,20,2,0.0,,,0
S2,Bosque seco,00000000000000000004,2021-10-16,2021-10-24,20,2,0.0,,,0
S2,Pastos limpios,00000000000000000000,2021-10-24,2021-11-01,20,4,84.87487962284219,0.5444163680076599,0.8526392579078674,494
S2,Palma,00000000000000000001,2021-10-24,2021-11-01,20,4,2.022583357890878,,,0
S2,Bananera,00000000000000000002,2021-10-24,2021-11-01,20,4,0.0,,,0
S2,Manglar,00000000000000000003,2021-10-24,2021-11-01,20,4,100.0,0.7495408952236176,0.8725273742558577,594
S2,Bosque seco,00000000000000000004,2021-10-24,2021-11-01,20,4,100.0,0.6553385555744171,0.8801739681776267,594
S2,Pastos limpios,00000000000000000000,2021-11-01,2021-11-09,20,2,33.69051212395613,,,0
S2,Palma,00000000000000000001,2021-11-01,2021-11-09,20,2,0.0,,,0
S2,Bananera,00000000000000000002,2021-11-01,2021-11-09,20,2,0.0,,,0
S2,Manglar,00000000000000000003,2021-11-01,2021-11-09,20,2,0.0,,,0
S2,Bosque seco,00000000000000000004,2021-11-01,2021-11-09,20,2,0.0,,,0
S2,Pastos limpios,00000000000000000000,2021-11-09,2021-11-17,20,4,100.0,0.671292181448503,0.868210643529892,594
S2,Palma,00000000000000000001,2021-11-09,2021-11-17,20,4,100.0,0.6675933599472046,0.8329204403386347,594
S2,Bananera,00000000000000000002,2021-11-09,2021-11-17,20,4,100.0,0.6554074585437775,0.7913876838154263,594
S2,Manglar,00000000000000000003,2021-11-09,2021-11-17,20,4,100.0,0.6883661448955536,0.8680025921435729,594
S2,Bosque seco,00000000000000000004,2021-11-09,2021-11-17,20,4,95.94230202273691,0.46826261281967163,0.8536231517791748,564
S2,Pastos limpios,00000000000000000000,2021-11-17,2021-11-25,20,4,100.0,0.5984410345554352,0.8546965312228972,594
S2,Palma,00000000000000000001,2021-11-17,2021-11-25,20,4,100.0,0.6925464236337271,0.8975300881119894,594
S2,Bananera,00000000000000000002,2021-11-17,2021-11-25,20,4,100.0,0.6923376526683569,0.876814757066693,594
S2,Manglar,00000000000000000003,2021-11-17,2021-11-25,20,4,100.0,0.6515679359436035,0.8913095813682033,594
S2,Bosque seco,00000000000000000004,2021-11-17,2021-11-25,20,4,100.0,0.5737954378128052,0.8962107247944121,594
S2,Pastos limpios,00000000000000000000,2021-11-25,2021-12-03,20,2,100.0,0.65971440076828,0.8952523469924927,594
S2,Palma,00000000000000000001,2021-11-25,2021-12-03,20,2,100.0,0.702975332736969,0.926697202074835,594
S2,Bananera,00000000000000000002,2021-11-25,2021-12-03,20,2,100.0,0.7629671096801758,0.920128771734729,594
S2,Manglar,00000000000000000003,2021-11-25,2021-12-03,20,2,100.0,0.717552900314331,0.8993822738372435,594
S2,Bosque seco,00000000000000000004,2021-11-25,2021-12-03,20,2,100.0,0.5199905931949615,0.9277336973729341,594
S2,Pastos limpios,00000000000000000000,2021-12-03,2021-12-11,20,4,100.0,0.6711779038111368,0.8701158761978149,594
S2,Palma,00000000000000000001,2021-12-03,2021-12-11,20,4,100.0,0.7073670029640198,0.9051758027688155,594
S2,Bananera,00000000000000000002,2021-12-03,2021-12-11,20,4,100.0,0.7715815305709839,0.9117465002843227,594
S2,Manglar,00000000000000000003,2021-12-03,2021-12-11,20,4,100.0,0.6983555257320404,0.8995330532391866,594
S2,Bosque seco,00000000000000000004,2021-12-03,2021-12-11,20,4,100.0,0.5348982810974121,0.9076782685427581,594
S2,Pastos limpios,00000000000000000000,2021-12-11,2021-12-19,20,2,100.0,0.6668687503216632,0.8822081089019775,594
S2,Palma,00000000000000000001,2021-12-11,2021-12-19,20,2,100.0,0.7099899155824254,0.920812481116906,594
S2,Bananera,00000000000000000002,2021-12-11,2021-12-19,20,2,100.0,0.7441808581352234,0.9155798023974533,594
S2,Manglar,00000000000000000003,2021-12-11,2021-12-19,20,2,100.0,0.6923046112060547,0.9050206360758954,594
S2,Bosque seco,00000000000000000004,2021-12-11,2021-12-19,20,2,100.0,0.4940509498119354,0.9166421750121033,594
S2,Pastos limpios,00000000000000000000,2021-12-19,2021-12-27,20,4,100.0,0.599024087190628,0.8794306755065918,594
S2,Palma,00000000000000000001,2021-12-19,2021-12-27,20,4,100.0,0.6568167805671692,0.9188009442420849,594
S2,Bananera,00000000000000000002,2021-12-19,2021-12-27,20,4,100.0,0.6425716578960419,0.9120287844652566,594
S2,Manglar,00000000000000000003,2021-12-19,2021-12-27,20,4,100.0,0.6712521314620972,0.8837826950363367,594
S2,Bosque seco,00000000000000000004,2021-12-19,2021-12-27,20,4,100.0,0.49202820658683777,0.8959160261790816,594
S2,Pastos limpios,00000000000000000000,2021-12-27,2022-01-01,20,2,100.0,0.6083581447601318,0.8367568406057945,594
S2,Palma,00000000000000000001,2021-12-27,2022-01-01,20,2,100.0,0.6585881114006042,0.8679735109290215,594
S2,Bananera,00000000000000000002,2021-12-27,2022-01-01,20,2,100.0,0.7149732112884521,0.8804847278920295,594
S2,Manglar,00000000000000000003,2021-12-27,2022-01-01,20,2,100.0,0.6799788475036621,0.8972119824292522,594
S2,Bosque seco,00000000000000000004,2021-12-27,2022-01-01,20,2,100.0,0.5213228265444437,0.8414240189323343,594
S2,Pastos limpios,00000000000000000000,2022-01-01,2022-01-09,20,2,100.0,0.6280152201652527,0.8878277089537643,594
S2,Palma,00000000000000000001,2022-01-01,2022-01-09,20,2,100.0,0.6874631643295288,0.9198572064905389,594
S2,Bananera,00000000000000000002,2022-01-01,2022-01-09,20,2,100.0,0.7355865836143494,0.9155669380180597,594
S2,Manglar,00000000000000000003,2022-01-01,2022-01-09,20,2,100.0,0.673210471868515,0.8897214132988035,594
S2,Bosque seco,00000000000000000004,2022-01-01,2022-01-09,20,2,100.0,0.4954811632633209,0.911842344339987,594
S2,Pastos limpios,00000000000000000000,2022-01-09,2022-01-17,20,2,100.0,0.6151574850082397,0.8633707165718079,594
S2,Palma,00000000000000000001,2022-01-09,2022-01-17,20,2,95.96777091763761,0.6517314293700058,0.878096145035794,572
S2,Bananera,00000000000000000002,2022-01-09,2022-01-17,20,2,83.97610541222477,0.6086504459381104,0.8878948809099125,492
S2,Manglar,00000000000000000003,2022-01-09,2022-01-17,20,2,100.0,0.6627432107925415,0.8861519247293472,594
S2,Bosque seco,00000000000000000004,2022-01-09,2022-01-17,20,2,100.0,0.4156079888343811,0.8537531452951865,594
S2,Pastos limpios,00000000000000000000,2022-01-17,2022-01-25,20,4,100.0,0.5912135243415833,0.8646825402381411,594
S2,Palma,00000000000000000001,2022-01-17,2022-01-25,20,4,100.0,0.6536171634991964,0.9154420496465381,594
S2,Bananera,00000000000000000002,2022-01-17,2022-01-25,20,4,100.0,0.722497820854187,0.9117504473992303,594
S2,Manglar,00000000000000000003,2022-01-17,2022-01-25,20,4,100.0,0.6012760798136393,0.8719897270202637,594
S2,Bosque seco,00000000000000000004,2022-01-17,2022-01-25,20,4,100.0,0.38746626675128937,0.888506423513233,594
S2,Pastos limpios,00000000000000000000,2022-01-25,2022-02-02,20,2,100.0,0.6008289754390717,0.8308536015765767,594
S2,Palma,00000000000000000001,2022-01-25,2022-02-02,20,2,100.0,0.6217625141143799,0.8837910175323487,594
S2,Bananera,00000000000000000002,2022-01-25,2022-02-02,20,2,100.0,0.6981209192402251,0.8763904043967563,594
S2,Manglar,00000000000000000003,2022-01-25,2022-02-02,20,2,100.0,0.5990360379219055,0.8781682848930359,594
S2,Bosque seco,00000000000000000004,2022-01-25,2022-02-02,20,2,100.0,0.3806958761731935,0.8345037360960829,594
S2,Pastos limpios,00000000000000000000,2022-02-02,2022-02-10,20,4,100.0,0.5894260704517365,0.8177626729011536,594
S2,Palma,00000000000000000001,2022-02-02,2022-02-10,20,4,100.0,0.6266259551048279,0.8817500081495119,594
S2,Bananera,00000000000000000002,2022-02-02,2022-02-10,20,4,100.0,0.6783483624458313,0.8735690348981004,594
S2,Manglar,00000000000000000003,2022-02-02,2022-02-10,20,4,100.0,0.5799718648195267,0.892540458057608,594
S2,Bosque seco,00000000000000000004,2022-02-02,2022-02-10,20,4,100.0,0.35133716464042664,0.8268765637658134,594
S2,Pastos limpios,00000000000000000000,2022-02-10,2022-02-18,20,4,100.0,0.5718051314054798,0.7939760162538465,594
S2,Palma,00000000000000000001,2022-02-10,2022-02-18,20,4,100.0,0.6007882555325826,0.869076555969651,594
S2,Bananera,00000000000000000002,2022-02-10,2022-02-18,20,4,100.0,0.6068275570869446,0.8572585461079685,594
S2,Manglar,00000000000000000003,2022-02-10,2022-02-18,20,4,100.0,0.5441379547119141,0.8810394150782855,594
S2,Bosque seco,00000000000000000004,2022-02-10,2022-02-18,20,4,100.0,0.33038537204265594,0.8209044933319092,594
S2,Pastos limpios,00000000000000000000,2022-02-18,2022-02-26,20,2,100.0,0.573143713357972,0.8174860388219001,594
S2,Palma,00000000000000000001,2022-02-18,2022-02-26,20,2,100.0,0.5878646969795227,0.8731194808712901,594
S2,Bananera,00000000000000000002,2022-02-18,2022-02-26,20,2,100.0,0.5909588932991028,0.8535255107902332,594
S2,Manglar,00000000000000000003,2022-02-18,2022-02-26,20,2,100.0,0.5345834195613861,0.8922656112247044,594
S2,Bosque seco,00000000000000000004,2022-02-18,2022-02-26,20,2,100.0,0.3041296899318695,0.8141034169696718,594
S2,Pastos limpios,00000000000000000000,2022-02-26,2022-03-06,20,5,100.0,0.5530325174331665,0.8177649684261328,594
S2,Palma,00000000000000000001,2022-02-26,2022-03-06,20,5,100.0,0.5761249661445618,0.8727169516392115,594
S2,Bananera,00000000000000000002,2022-02-26,2022-03-06,20,5,100.0,0.5799374133348465,0.8538890847792993,594
S2,Manglar,00000000000000000003,2022-02-26,2022-03-06,20,5,100.0,0.5180290937423706,0.8724026441574096,594
S2,Bosque seco,00000000000000000004,2022-02-26,2022-03-06,20,5,100.0,0.34654586762189865,0.8177163598401349,594
S2,Pastos limpios,00000000000000000000,2022-03-06,2022-03-14,20,2,100.0,0.5370149612426758,0.8067001756319067,594
S2,Palma,00000000000000000001,2022-03-06,2022-03-14,20,2,100.0,0.5877771973609924,0.8728400048420911,594
S2,Bananera,00000000000000000002,2022-03-06,2022-03-14,20,2,100.0,0.6106947686013843,0.8571875140320656,594
S2,Manglar,00000000000000000003,2022-03-06,2022-03-14,20,2,100.0,0.47021155059337616,0.8803085963447372,594
S2,Bosque seco,00000000000000000004,2022-03-06,2022-03-14,20,2,100.0,0.45659705996513367,0.8324105143547058,594
S2,Pastos limpios,00000000000000000000,2022-03-14,2022-03-22,20,4,100.0,0.5164703130722046,0.7989508509635925,594
S2,Palma,00000000000000000001,2022-03-14,2022-03-22,20,4,0.0,,,0
S2,Bananera,00000000000000000002,2022-03-14,2022-03-22,20,4,100.0,0.48708586448646457,0.6004181216503012,594
S2,Manglar,00000000000000000003,2022-03-14,2022-03-22,20,4,100.0,0.45071733991305035,0.856804499062829,594
S2,Bosque seco,00000000000000000004,2022-03-14,2022-03-22,20,4,0.0,,,0
S2,Pastos limpios,00000000000000000000,2022-03-22,2022-03-30,20,4,100.0,0.46346092224121094,0.8033155789259475,594
S2,Palma,00000000000000000001,2022-03-22,2022-03-30,20,4,100.0,0.59536741177241,0.8804668496037222,594
S2,Bananera,00000000000000000002,2022-03-22,2022-03-30,20,4,100.0,0.5304803649584452,0.8530446205820356,594
S2,Manglar,00000000000000000003,2022-03-22,2022-03-30,20,4,100.0,0.4459562450647354,0.7904162088003546,594
S2,Bosque seco,00000000000000000004,2022-03-22,2022-03-30,20,4,100.0,0.3999890685081482,0.8609175596918378,594
S2,Pastos limpios,00000000000000000000,2022-03-30,2022-04-07,20,2,100.0,0.5179089903831482,0.7469213008880615,594
S2,Palma,00000000000000000001,2022-03-30,2022-04-07,20,2,100.0,0.6226603388786316,0.817525195567152,594
S2,Bananera,00000000000000000002,2022-03-30,2022-04-07,20,2,100.0,0.6111517250537872,0.8223429203033448,594
S2,Manglar,00000000000000000003,2022-03-30,2022-04-07,20,2,100.0,0.3379818679210036,0.7948141141474344,594
S2,Bosque seco,00000000000000000004,2022-03-30,2022-04-07,20,2,100.0,0.42275187373161316,0.853920683399707,594
S2,Pastos limpios,00000000000000000000,2022-04-07,2022-04-15,20,4,100.0,0.4672748231963747,0.8567108909289042,594
S2,Palma,00000000000000000001,2022-04-07,2022-04-15,20,4,100.0,0.6044815182685852,0.8997777523643812,594
S2,Bananera,00000000000000000002,2022-04-07,2022-04-15,20,4,100.0,0.6254227161407471,0.8769849458581821,594
S2,Manglar,00000000000000000003,2022-04-07,2022-04-15,20,4,100.0,0.28648339708646137,0.8340611299733536,594
S2,Bosque seco,00000000000000000004,2022-04-07,2022-04-15,20,4,100.0,0.36659564077854156,0.9233973606594043,594
S2,Pastos limpios,00000000000000000000,2022-04-15,2022-04-23,20,2,100.0,0.4863997548818588,0.8178346481147344,594
S2,Palma,00000000000000000001,2022-04-15,2022-04-23,20,2,0.0,,,0
S2,Bananera,00000000000000000002,2022-04-15,2022-04-23,20,2,70.985040722876,,,0
S2,Manglar,00000000000000000003,2022-04-15,2022-04-23,20,2,1.2392953618024019,,,0
S2,Bosque seco,00000000000000000004,2022-04-15,2022-04-23,20,2,100.0,0.4182465374469757,0.8576578127266186,594
S2,Pastos limpios,00000000000000000000,2022-04-23,2022-05-01,20,4,0.0,,,0
S2,Palma,00000000000000000001,2022-04-23,2022-05-01,20,4,0.3665662802147647,,,0
S2,Bananera,00000000000000000002,2022-04-23,2022-05-01,20,4,62.971296302952325,,,0
S2,Manglar,00000000000000000003,2022-04-23,2022-05-01,20,4,0.16380251738605664,,,0
S2,Bosque seco,00000000000000000004,2022-04-23,2022-05-01,20,4,63.34625257965472,,,0
S2,Pastos limpios,00000000000000000000,2022-05-01,2022-05-09,20,4,100.0,0.4624876379966736,0.8884679046609709,594
S2,Palma,00000000000000000001,2022-05-01,2022-05-09,20,4,100.0,0.7252257068951925,0.9225489114012037,594
S2,Bananera,00000000000000000002,2022-05-01,2022-05-09,20,4,100.0,0.6775071620941162,0.9082254703517433,594
S2,Manglar,00000000000000000003,2022-05-01,2022-05-09,20,4,100.0,0.4452854245901108,0.9041441277623639,594
S2,Bosque seco,00000000000000000004,2022-05-01,2022-05-09,20,4,100.0,0.5393876433372498,0.9433620205159822,594
S2,Pastos limpios,00000000000000000000,2022-05-09,2022-05-17,20,2,0.0,,,0
S2,Palma,00000000000000000001,2022-05-09,2022-05-17,20,2,0.0,,,0
S2,Bananera,00000000000000000002,2022-05-09,2022-05-17,20,2,0.0,,,0
S2,Manglar,00000000000000000003,2022-05-09,2022-05-17,20,2,0.0,,,0
S2,Bosque seco,00000000000000000004,2022-05-09,2022-05-17,20,2,0.0,,,0
S2,Pastos limpios,00000000000000000000,2022-05-17,2022-05-25,20,4,100.0,0.5301278829574585,0.7998459419688663,594
S2,Palma,00000000000000000001,2022-05-17,2022-05-25,20,4,100.0,0.6696652173995972,0.8467755187411754,594
S2,Bananera,00000000000000000002,2022-05-17,2022-05-25,20,4,100.0,0.6546301245689392,0.8298000787609082,594
S2,Manglar,00000000000000000003,2022-05-17,2022-05-25,20,4,100.0,0.5326902866363525,0.8330402374267578,594
S2,Bosque seco,00000000000000000004,2022-05-17,2022-05-25,20,4,100.0,0.41583025455474854,0.8535863615688516,594
S2,Pastos limpios,00000000000000000000,2022-05-25,2022-06-02,20,2,100.0,0.5685191202163695,0.8970030131100761,594
S2,Palma,00000000000000000001,2022-05-25,2022-06-02,20,2,92.66867439570473,0.6504223744074503,0.9389493065934941,554
S2,Bananera,00000000000000000002,2022-05-25,2022-06-02,20,2,96.84209012946495,0.60285884141922,0.9086391462220086,572
S2,Manglar,00000000000000000003,2022-05-25,2022-06-02,20,2,100.0,0.5780929923057556,0.9050368403459524,594
S2,Bosque seco,00000000000000000004,2022-05-25,2022-06-02,20,2,100.0,0.33392374925107265,0.9351847201469232,594
S2,Pastos limpios,00000000000000000000,2022-06-02,2022-06-10,20,4,93.40261308266138,0.547952800989151,0.8106231126141493,558
S2,Palma,00000000000000000001,2022-06-02,2022-06-10,20,4,97.0674697582819,0.6591852307319641,0.8528042469318929,578
S2,Bananera,00000000000000000002,2022-06-02,2022-06-10,20,4,18.836756259389983,,,0
S2,Manglar,00000000000000000003,2022-06-02,2022-06-10,20,4,95.76196907868268,0.5695205926895142,0.8602398037910461,565
S2,Bosque seco,00000000000000000004,2022-06-02,2022-06-10,20,4,100.0,0.3960042361702238,0.8961671635655369,594
S2,Pastos limpios,00000000000000000000,2022-06-10,2022-06-18,20,4,0.0,,,0
S2,Palma,00000000000000000001,2022-06-10,2022-06-18,20,4,0.0,,,0
S2,Bananera,00000000000000000002,2022-06-10,2022-06-18,20,4,0.0,,,0
S2,Manglar,00000000000000000003,2022-06-10,2022-06-18,20,4,80.99459739065462,0.42673941850662234,0.6240748895539178,476
S2,Bosque seco,00000000000000000004,2022-06-10,2022-06-18,20,4,0.0,,,0
S2,Pastos limpios,00000000000000000000,2022-06-18,2022-06-26,20,2,77.19517628965261,,,0
S2,Palma,00000000000000000001,2022-06-18,2022-06-26,20,2,3.2990965219328823,,,0
S2,Bananera,00000000000000000002,2022-06-18,2022-06-26,20,2,7.348088936173272,,,0
S2,Manglar,00000000000000000003,2022-06-18,2022-06-26,20,2,90.58279211448931,0.6719346046447754,0.856117419185945,541
S2,Bosque seco,00000000000000000004,2022-06-18,2022-06-26,20,2,87.06613263919348,0.4135074019432068,0.8730393932974209,511
S2,Pastos limpios,00000000000000000000,2022-06-26,2022-07-04,20,4,97.95179164330989,0.08668537437915802,0.8297176957130432,408
S2,Palma,00000000000000000001,2022-06-26,2022-07-04,20,4,6.002343149163726,,,0
S2,Bananera,00000000000000000002,2022-06-26,2022-07-04,20,4,70.44662176247746,,,0
S2,Manglar,00000000000000000003,2022-06-26,2022-07-04,20,4,91.23728375193974,0.5439059734344482,0.7042625794998089,541
S2,Bosque seco,00000000000000000004,2022-06-26,2022-07-04,20,4,100.0,0.45889139844446764,0.8101837508093271,594
S2,Pastos limpios,00000000000000000000,2022-07-04,2022-07-12,20,2,100.0,-0.04075327391425768,0.8400727031202415,490
S2,Palma,00000000000000000001,2022-07-04,2022-07-12,20,2,26.908121240000295,,,0
S2,Bananera,00000000000000000002,2022-07-04,2022-07-12,20,2,100.0,0.724557638168335,0.8967537403547455,594
S2,Manglar,00000000000000000003,2022-07-04,2022-07-12,20,2,100.0,0.7513899405797323,0.9086667895317078,594
S2,Bosque seco,00000000000000000004,2022-07-04,2022-07-12,20,2,100.0,0.5428433418273926,0.9238521049071766,594
S2,Pastos limpios,00000000000000000000,2022-07-12,2022-07-20,20,4,100.0,-0.12245080371697743,0.8393942417148216,580
S2,Palma,00000000000000000001,2022-07-12,2022-07-20,20,4,100.0,0.6377826929092407,0.8874176984712453,594
S2,Bananera,00000000000000000002,2022-07-12,2022-07-20,20,4,98.27116475332649,0.6271662239002006,0.834116781308265,578
S2,Manglar,00000000000000000003,2022-07-12,2022-07-20,20,4,100.0,0.651450264453888,0.881546417872111,594
S2,Bosque seco,00000000000000000004,2022-07-12,2022-07-20,20,4,100.0,0.6209115982055664,0.9038414901225413,594
S2,Pastos limpios,00000000000000000000,2022-07-20,2022-07-28,20,4,0.0,,,0
S2,Palma,00000000000000000001,2022-07-20,2022-07-28,20,4,0.0,,,0
S2,Bananera,00000000000000000002,2022-07-20,2022-07-28,20,4,22.99099280430735,,,0
S2,Manglar,00000000000000000003,2022-07-20,2022-07-28,20,4,53.05621012701879,,,0
S2,Bosque seco,00000000000000000004,2022-07-20,2022-07-28,20,4,81.88597027374901,0.5814715623855591,0.7976897167975784,492
S2,Pastos limpios,00000000000000000000,2022-07-28,2022-08-05,20,2,0.0,,,0
S2,Palma,00000000000000000001,2022-07-28,2022-08-05,20,2,0.0,,,0
S2,Bananera,00000000000000000002,2022-07-28,2022-08-05,20,2,0.0,,,0
S2,Manglar,00000000000000000003,2022-07-28,2022-08-05,20,2,0.0,,,0
S2,Bosque seco,00000000000000000004,2022-07-28,2022-08-05,20,2,0.0,,,0
S2,Pastos limpios,00000000000000000000,2022-08-05,2022-08-13,20,4,0.0,,,0
S2,Palma,00000000000000000001,2022-08-05,2022-08-13,20,4,0.0,,,0
S2,Bananera,00000000000000000002,2022-08-05,2022-08-13,20,4,0.0,,,0
S2,Manglar,00000000000000000003,2022-08-05,2022-08-13,20,4,0.0,,,0
S2,Bosque seco,00000000000000000004,2022-08-05,2022-08-13,20,4,0.0,,,0
S2,Pastos limpios,00000000000000000000,2022-08-13,2022-08-21,20,2,100.0,-0.001960213645361364,0.8617369242088252,553
S2,Palma,00000000000000000001,2022-08-13,2022-08-21,20,2,30.493283211983126,,,0
S2,Bananera,00000000000000000002,2022-08-13,2022-08-21,20,2,35.289085694157905,,,0
S2,Manglar,00000000000000000003,2022-08-13,2022-08-21,20,2,76.8133226047474,,,0
S2,Bosque seco,00000000000000000004,2022-08-13,2022-08-21,20,2,39.12733966592124,,,0
S2,Pastos limpios,00000000000000000000,2022-08-21,2022-08-29,20,4,0.0,,,0
S2,Palma,00000000000000000001,2022-08-21,2022-08-29,20,4,0.0,,,0
S2,Bananera,00000000000000000002,2022-08-21,2022-08-29,20,4,0.0,,,0
S2,Manglar,00000000000000000003,2022-08-21,2022-08-29,20,4,0.0,,,0
S2,Bosque seco,00000000000000000004,2022-08-21,2022-08-29,20,4,0.0,,,0
S2,Pastos limpios,00000000000000000000,2022-08-29,2022-09-06,20,4,100.0,0.09175545163452625,0.7552770653729716,594
S2,Palma,00000000000000000001,2022-08-29,2022-09-06,20,4,87.55399665059048,0.6398259401321411,0.8171352364800193,511
S2,Bananera,00000000000000000002,2022-08-29,2022-09-06,20,4,81.92163092782026,0.598895400762558,0.8149369216532224,483
S2,Manglar,00000000000000000003,2022-08-29,2022-09-06,20,4,100.0,0.679990828037262,0.8236370140506375,594
S2,Bosque seco,00000000000000000004,2022-08-29,2022-09-06,20,4,98.479891276992,0.6899517377217611,0.8446288717563616,585
S2,Pastos limpios,00000000000000000000,2022-09-06,2022-09-14,20,2,0.0,,,0
S2,Palma,00000000000000000001,2022-09-06,2022-09-14,20,2,55.68716802392025,,,0
S2,Bananera,00000000000000000002,2022-09-06,2022-09-14,20,2,0.5844253869212357,,,0
S2,Manglar,00000000000000000003,2022-09-06,2022-09-14,20,2,100.0,0.6764393448829651,0.8110841830238668,594
S2,Bosque seco,00000000000000000004,2022-09-06,2022-09-14,20,2,100.0,0.7584398829103602,0.915045482923573,594
S2,Pastos limpios,00000000000000000000,2022-09-14,2022-09-22,20,4,92.10685179595534,0.0026600193232297897,0.8055857121944427,484
S2,Palma,00000000000000000001,2022-09-14,2022-09-22,20,4,8.589869833032651,,,0
S2,Bananera,00000000000000000002,2022-09-14,2022-09-22,20,4,90.60821933563847,0.6690526902675629,0.8103440955653909,531
S2,Manglar,00000000000000000003,2022-09-14,2022-09-22,20,4,100.0,0.6591483950614929,0.8780005438527044,594
S2,Bosque seco,00000000000000000004,2022-09-14,2022-09-22,20,4,23.469644564928206,,,0
S2,Pastos limpios,00000000000000000000,2022-09-22,2022-09-30,20,2,0.0,,,0
S2,Palma,00000000000000000001,2022-09-22,2022-09-30,20,2,0.0,,,0
S2,Bananera,00000000000000000002,2022-09-22,2022-09-30,20,2,0.0,,,0
S2,Manglar,00000000000000000003,2022-09-22,2022-09-30,20,2,0.0,,,0
S2,Bosque seco,00000000000000000004,2022-09-22,2022-09-30,20,2,0.0,,,0
S2,Pastos limpios,00000000000000000000,2022-09-30,2022-10-08,20,4,100.0,0.07973471906495422,0.7415305376052856,594
S2,Palma,00000000000000000001,2022-09-30,2022-10-08,20,4,100.0,0.6729557712872823,0.8390686372785192,594
S2,Bananera,00000000000000000002,2022-09-30,2022-10-08,20,4,100.0,0.6816850900650024,0.8341705754333462,594
S2,Manglar,00000000000000000003,2022-09-30,2022-10-08,20,4,63.85783665727912,,,0
S2,Bosque seco,00000000000000000004,2022-09-30,2022-10-08,20,4,99.31185238982087,0.6414539813995361,0.7607174800789873,585
S2,Pastos limpios,00000000000000000000,2022-10-08,2022-10-16,20,4,100.0,-0.013269402552396059,0.8091058414733245,543
S2,Palma,00000000000000000001,2022-10-08,2022-10-16,20,4,94.31822265667117,0.7020358138406522,0.8934641281763712,563
S2,Bananera,00000000000000000002,2022-10-08,2022-10-16,20,4,99.26892912853764,0.6608892679214478,0.8883593982874052,587
S2,Manglar,00000000000000000003,2022-10-08,2022-10-16,20,4,100.0,0.6923169493675232,0.8835589531251036,594
S2,Bosque seco,00000000000000000004,2022-10-08,2022-10-16,20,4,77.2386369356219,,,0
S2,Pastos limpios,00000000000000000000,2022-10-16,2022-10-24,20,2,8.62906587325543,,,0
S2,Palma,00000000000000000001,2022-10-16,2022-10-24,20,2,33.56597114907747,,,0
S2,Bananera,00000000000000000002,2022-10-16,2022-10-24,20,2,51.810424768709886,,,0
S2,Manglar,00000000000000000003,2022-10-16,2022-10-24,20,2,100.0,0.6709164074040893,0.8265635073184967,594
S2,Bosque seco,00000000000000000004,2022-10-16,2022-10-24,20,2,0.0,,,0
S2,Pastos limpios,00000000000000000000,2022-10-24,2022-11-01,20,4,100.0,-0.03327366462908685,0.7831958889961242,563
S2,Palma,00000000000000000001,2022-10-24,2022-11-01,20,4,100.0,0.6307798624038696,0.8697596637317015,594
S2,Bananera,00000000000000000002,2022-10-24,2022-11-01,20,4,6.748567690549274,,,0
S2,Manglar,00000000000000000003,2022-10-24,2022-11-01,20,4,99.98419449393646,0.6708017736673355,0.850527286529541,593
S2,Bosque seco,00000000000000000004,2022-10-24,2022-11-01,20,4,79.55834873336258,,,0
S2,Pastos limpios,00000000000000000000,2022-11-01,2022-11-09,20,2,100.0,0.09208857640624046,0.6394071177764765,594
S2,Palma,00000000000000000001,2022-11-01,2022-11-09,20,2,9.488316598264916,,,0
S2,Bananera,00000000000000000002,2022-11-01,2022-11-09,20,2,6.208711029321911,,,0
S2,Manglar,00000000000000000003,2022-11-01,2022-11-09,20,2,0.0,,,0
S2,Bosque seco,00000000000000000004,2022-11-01,2022-11-09,20,2,0.0,,,0
S2,Pastos limpios,00000000000000000000,2022-11-09,2022-11-17,20,4,1.041352248717175,,,0
S2,Palma,00000000000000000001,2022-11-09,2022-11-17,20,4,22.78676623852683,,,0
S2,Bananera,00000000000000000002,2022-11-09,2022-11-17,20,4,0.0,,,0
S2,Manglar,00000000000000000003,2022-11-09,2022-11-17,20,4,100.0,0.6713011562824249,0.8621215187275865,594
S2,Bosque seco,00000000000000000004,2022-11-09,2022-11-17,20,4,100.0,0.5750322746440382,0.8407095670700073,594
S2,Pastos limpios,00000000000000000000,2022-11-17,2022-11-25,20,4,0.0,,,0
S2,Palma,00000000000000000001,2022-11-17,2022-11-25,20,4,88.53869430528502,0.6673703789710999,0.8776830751039694,526
S2,Bananera,00000000000000000002,2022-11-17,2022-11-25,20,4,68.26131650264897,,,0
S2,Manglar,00000000000000000003,2022-11-17,2022-11-25,20,4,93.91559859762053,0.6766460090875626,0.8776275433269011,554
S2,Bosque seco,00000000000000000004,2022-11-17,2022-11-25,20,4,100.0,0.7276437083880106,0.8996573959227494,594
S2,Pastos limpios,00000000000000000000,2022-11-25,2022-12-03,20,2,100.0,0.029557589441537857,0.7595744814191546,572
S2,Palma,00000000000000000001,2022-11-25,2022-12-03,20,2,51.45224935132142,,,0
S2,Bananera,00000000000000000002,2022-11-25,2022-12-03,20,2,0.0,,,0
S2,Manglar,00000000000000000003,2022-11-25,2022-12-03,20,2,0.0,,,0
S2,Bosque seco,00000000000000000004,2022-11-25,2022-12-03,20,2,100.0,0.7080878019332886,0.8446533721524826,594
S2,Pastos limpios,00000000000000000000,2022-12-03,2022-12-11,20,4,100.0,0.11250406077929906,0.8627451021433908,582
S2,Palma,00000000000000000001,2022-12-03,2022-12-11,20,4,100.0,0.679269015789032,0.909743666793186,594
S2,Bananera,00000000000000000002,2022-12-03,2022-12-11,20,4,100.0,0.7714634537696838,0.9043134653423787,594
S2,Manglar,00000000000000000003,2022-12-03,2022-12-11,20,4,100.0,0.6857143044471741,0.9088818590478115,594
S2,Bosque seco,00000000000000000004,2022-12-03,2022-12-11,20,4,100.0,0.7074694633483887,0.9046312504871972,594
S2,Pastos limpios,00000000000000000000,2022-12-11,2022-12-19,20,2,100.0,0.18949425965547562,0.8075349529584249,593
S2,Palma,00000000000000000001,2022-12-11,2022-12-19,20,2,100.0,0.6674890518188477,0.8859446346759796,594
S2,Bananera,00000000000000000002,2022-12-11,2022-12-19,20,2,100.0,0.739130437374115,0.8498794848234031,594
S2,Manglar,00000000000000000003,2022-12-11,2022-12-19,20,2,0.0,,,0
S2,Bosque seco,00000000000000000004,2022-12-11,2022-12-19,20,2,100.0,0.6213481426239014,0.8545151294498494,594
S2,Pastos limpios,00000000000000000000,2022-12-19,2022-12-27,20,4,100.0,0.17495617852031922,0.8638400425807232,594
S2,Palma,00000000000000000001,2022-12-19,2022-12-27,20,4,100.0,0.6576693058013916,0.8979023412654275,594
S2,Bananera,00000000000000000002,2022-12-19,2022-12-27,20,4,100.0,0.6906625032424927,0.888702236895282,594
S2,Manglar,00000000000000000003,2022-12-19,2022-12-27,20,4,100.0,0.6999738216400146,0.8978115747288427,594
S2,Bosque seco,00000000000000000004,2022-12-19,2022-12-27,20,4,100.0,0.5921622216701508,0.8924261060628025,594
S2,Pastos limpios,00000000000000000000,2022-12-27,2023-01-01,20,2,100.0,0.18399477005004883,0.8660304712757305,592
S2,Palma,00000000000000000001,2022-12-27,2023-01-01,20,2,100.0,0.6555268168449402,0.903347484921163,594
S2,Bananera,00000000000000000002,2022-12-27,2023-01-01,20,2,100.0,0.6530236005783081,0.8844084842264105,594
S2,Manglar,00000000000000000003,2022-12-27,2023-01-01,20,2,100.0,0.6956405341625214,0.886229715023204,594
S2,Bosque seco,00000000000000000004,2022-12-27,2023-01-01,20,2,100.0,0.5344374577204386,0.9084441388697343,594
S2,Pastos limpios,00000000000000000000,2023-01-01,2023-01-09,20,4,100.0,0.2276444047689438,0.8375394479511848,594
S2,Palma,00000000000000000001,2023-01-01,2023-01-09,20,4,100.0,0.6258320589670543,0.8700168951306566,594
S2,Bananera,00000000000000000002,2023-01-01,2023-01-09,20,4,100.0,0.6182119846343994,0.8689585954533042,594
S2,Manglar,00000000000000000003,2023-01-01,2023-01-09,20,4,100.0,0.7007477879524231,0.8904265003365306,594
S2,Bosque seco,00000000000000000004,2023-01-01,2023-01-09,20,4,100.0,0.48671237627665204,0.8534245208890707,594
S2,Pastos limpios,00000000000000000000,2023-01-09,2023-01-17,20,2,100.0,0.2326286882162094,0.8853945573170979,594
S2,Palma,00000000000000000001,2023-01-09,2023-01-17,20,2,100.0,0.6466598510742188,0.9090737253427505,594
S2,Bananera,00000000000000000002,2023-01-09,2023-01-17,20,2,100.0,0.6046044230461121,0.9000813594038822,594
S2,Manglar,00000000000000000003,2023-01-09,2023-01-17,20,2,100.0,0.7083646059036255,0.8956238182058314,594
S2,Bosque seco,00000000000000000004,2023-01-09,2023-01-17,20,2,100.0,0.4981280117943714,0.9078402495602281,594
S2,Pastos limpios,00000000000000000000,2023-01-17,2023-01-25,20,4,100.0,0.2999400794506073,0.8417651322626714,594
S2,Palma,00000000000000000001,2023-01-17,2023-01-25,20,4,100.0,0.6136064529418945,0.8564314795799916,594
S2,Bananera,00000000000000000002,2023-01-17,2023-01-25,20,4,100.0,0.6152760982513428,0.8573665434222031,594
S2,Manglar,00000000000000000003,2023-01-17,2023-01-25,20,4,100.0,0.6892370581626892,0.891745537519455,594
S2,Bosque seco,00000000000000000004,2023-01-17,2023-01-25,20,4,100.0,0.4585667513310909,0.8455618571602602,594
S2,Pastos limpios,00000000000000000000,2023-01-25,2023-02-02,20,2,100.0,0.3099306757785072,0.8719604462385178,594
S2,Palma,00000000000000000001,2023-01-25,2023-02-02,20,2,100.0,0.5945910513401031,0.8661322768996744,594
S2,Bananera,00000000000000000002,2023-01-25,2023-02-02,20,2,100.0,0.5803655962643158,0.8686628526654737,594
S2,Manglar,00000000000000000003,2023-01-25,2023-02-02,20,2,100.0,0.6899543404579163,0.8870862796902657,594
S2,Bosque seco,00000000000000000004,2023-01-25,2023-02-02,20,2,100.0,0.4262062609195709,0.8531015745982522,594
S2,Pastos limpios,00000000000000000000,2023-02-02,2023-02-10,20,4,100.0,0.3179219961166382,0.8691731452941894,594
S2,Palma,00000000000000000001,2023-02-02,2023-02-10,20,4,100.0,0.5737630128860474,0.8623547644093872,594
S2,Bananera,00000000000000000002,2023-02-02,2023-02-10,20,4,100.0,0.5572123527526855,0.8615122628235262,594
S2,Manglar,00000000000000000003,2023-02-02,2023-02-10,20,4,100.0,0.6959712306658427,0.8935254693031311,594
S2,Bosque seco,00000000000000000004,2023-02-02,2023-02-10,20,4,100.0,0.4042043222691685,0.8425540371996457,594
S2,Pastos limpios,00000000000000000000,2023-02-10,2023-02-18,20,4,100.0,0.3179279863834381,0.8808669759266411,594
S2,Palma,00000000000000000001,2023-02-10,2023-02-18,20,4,100.0,0.5459957122802734,0.8506985359970748,594
S2,Bananera,00000000000000000002,2023-02-10,2023-02-18,20,4,100.0,0.4782963590444745,0.8453509297114753,594
S2,Manglar,00000000000000000003,2023-02-10,2023-02-18,20,4,100.0,0.6923941493034362,0.8897079564521311,594
S2,Bosque seco,00000000000000000004,2023-02-10,2023-02-18,20,4,100.0,0.3965912461280823,0.8265396356582642,594
S2,Pastos limpios,00000000000000000000,2023-02-18,2023-02-26,20,2,100.0,0.33682163059711456,0.861565925180912,594
S2,Palma,00000000000000000001,2023-02-18,2023-02-26,20,2,100.0,0.5263174176216125,0.844594174949684,594
S2,Bananera,00000000000000000002,2023-02-18,2023-02-26,20,2,100.0,0.5020555257797241,0.8610226472218832,594
S2,Manglar,00000000000000000003,2023-02-18,2023-02-26,20,2,100.0,0.6957759261131287,0.8954075140415334,594
S2,Bosque seco,00000000000000000004,2023-02-18,2023-02-26,20,2,100.0,0.35297812819480895,0.8226487755775451,594
S2,Pastos limpios,00000000000000000000,2023-02-26,2023-03-06,20,4,100.0,0.32974134385585785,0.8647905915014206,594
S2,Palma,00000000000000000001,2023-02-26,2023-03-06,20,4,100.0,0.5102400779724121,0.8412222476994119,594
S2,Bananera,00000000000000000002,2023-02-26,2023-03-06,20,4,100.0,0.49003638327121735,0.8565802524202043,594
S2,Manglar,00000000000000000003,2023-02-26,2023-03-06,20,4,100.0,0.6930433511734009,0.8834985980688427,594
S2,Bosque seco,00000000000000000004,2023-02-26,2023-03-06,20,4,100.0,0.33739799382061975,0.8227815628051758,594
S2,Pastos limpios,00000000000000000000,2023-03-06,2023-03-14,20,2,0.0,,,0
S2,Palma,00000000000000000001,2023-03-06,2023-03-14,20,2,0.0,,,0
S2,Bananera,00000000000000000002,2023-03-06,2023-03-14,20,2,0.0,,,0
S2,Manglar,00000000000000000003,2023-03-06,2023-03-14,20,2,0.0,,,0
S2,Bosque seco,00000000000000000004,2023-03-06,2023-03-14,20,2,0.0,,,0
S2,Pastos limpios,00000000000000000000,2023-03-14,2023-03-22,20,4,100.0,0.37373559176921844,0.8889494831998019,594
S2,Palma,00000000000000000001,2023-03-14,2023-03-22,20,4,100.0,0.5244126915931702,0.8429652094841004,594
S2,Bananera,00000000000000000002,2023-03-14,2023-03-22,20,4,100.0,0.525669276714325,0.892296032965822,594
S2,Manglar,00000000000000000003,2023-03-14,2023-03-22,20,4,100.0,0.5957651734352112,0.8813775497418581,594
S2,Bosque seco,00000000000000000004,2023-03-14,2023-03-22,20,4,100.0,0.40402697026729584,0.8060180306434631,594
S2,Pastos limpios,00000000000000000000,2023-03-22,2023-03-30,20,4,100.0,0.48599912226200104,0.8497080169477905,594
S2,Palma,00000000000000000001,2023-03-22,2023-03-30,20,4,100.0,0.5210508704185486,0.822429895401001,594
S2,Bananera,00000000000000000002,2023-03-22,2023-03-30,20,4,100.0,0.5290481448173523,0.873100996017456,594
S2,Manglar,00000000000000000003,2023-03-22,2023-03-30,20,4,100.0,0.7241295576095581,0.8583053435598101,594
S2,Bosque seco,00000000000000000004,2023-03-22,2023-03-30,20,4,100.0,0.46643345057964325,0.8653393342154817,594
S2,Pastos limpios,00000000000000000000,2023-03-30,2023-04-07,20,2,100.0,0.46716830134391785,0.8774538607531805,594
S2,Palma,00000000000000000001,2023-03-30,2023-04-07,20,2,100.0,0.5021839439868927,0.8448548855880897,594
S2,Bananera,00000000000000000002,2023-03-30,2023-04-07,20,2,100.0,0.47275686264038086,0.8765577755112122,594
S2,Manglar,00000000000000000003,2023-03-30,2023-04-07,20,2,100.0,0.7562658190727234,0.880393987535689,594
S2,Bosque seco,00000000000000000004,2023-03-30,2023-04-07,20,2,100.0,0.42085783183574677,0.9196735435718649,594
S2,Pastos limpios,00000000000000000000,2023-04-07,2023-04-15,20,4,100.0,0.4753967187383042,0.8339733282725016,594
S2,Palma,00000000000000000001,2023-04-07,2023-04-15,20,4,100.0,0.53274254322052,0.8013999462127686,594
S2,Bananera,00000000000000000002,2023-04-07,2023-04-15,20,4,100.0,0.5300257205963135,0.8808039623195455,594
S2,Manglar,00000000000000000003,2023-04-07,2023-04-15,20,4,100.0,0.7255262136459351,0.8797868756166067,594
S2,Bosque seco,00000000000000000004,2023-04-07,2023-04-15,20,4,100.0,0.4960739314556122,0.9117837424412145,594
S2,Pastos limpios,00000000000000000000,2023-04-15,2023-04-23,20,2,100.0,0.39545396586185894,0.8544533660967057,594
S2,Palma,00000000000000000001,2023-04-15,2023-04-23,20,2,84.45830847630617,0.5247927308082581,0.7609328656452489,503
S2,Bananera,00000000000000000002,2023-04-15,2023-04-23,20,2,100.0,0.5445544123649597,0.8650533761405639,594
S2,Manglar,00000000000000000003,2023-04-15,2023-04-23,20,2,67.3932409908615,,,0
S2,Bosque seco,00000000000000000004,2023-04-15,2023-04-23,20,2,100.0,0.5475201606750488,0.8997826993777023,594
S2,Pastos limpios,00000000000000000000,2023-04-23,2023-05-01,20,4,100.0,0.3998006482919057,0.8344534486532211,594
S2,Palma,00000000000000000001,2023-04-23,2023-05-01,20,4,99.35886838833025,0.5461438894271851,0.7993922710418702,590
S2,Bananera,00000000000000000002,2023-04-23,2023-05-01,20,4,93.12275808527005,0.5384283661842346,0.8185983044760567,547
S2,Manglar,00000000000000000003,2023-04-23,2023-05-01,20,4,0.0,,,0
S2,Bosque seco,00000000000000000004,2023-04-23,2023-05-01,20,4,100.0,0.5620972514152527,0.7977856952756057,594
S2,Pastos limpios,00000000000000000000,2023-05-01,2023-05-09,20,6,100.0,0.5260758399963379,0.8847275674343109,594
S2,Palma,00000000000000000001,2023-05-01,2023-05-09,20,6,100.0,0.559762567281723,0.8449344464710781,594
S2,Bananera,00000000000000000002,2023-05-01,2023-05-09,20,6,100.0,0.5806523859500885,0.9081782805603379,594
S2,Manglar,00000000000000000003,2023-05-01,2023-05-09,20,6,100.0,0.5866844356060028,0.8820775433086492,594
S2,Bosque seco,00000000000000000004,2023-05-01,2023-05-09,20,6,100.0,0.45503393809000653,0.9243655781885266,594
S2,Pastos limpios,00000000000000000000,2023-05-09,2023-05-17,20,2,100.0,0.5176414052645365,0.8687893363737291,594
S2,Palma,00000000000000000001,2023-05-09,2023-05-17,20,2,100.0,0.5571399331092834,0.8329131901264191,594
S2,Bananera,00000000000000000002,2023-05-09,2023-05-17,20,2,100.0,0.5885757207870483,0.8768138841293646,594
S2,Manglar,00000000000000000003,2023-05-09,2023-05-17,20,2,100.0,0.6155579686164856,0.8855445583661398,594
S2,Bosque seco,00000000000000000004,2023-05-09,2023-05-17,20,2,100.0,0.3924715220928192,0.9012130511923859,594
S2,Pastos limpios,00000000000000000000,2023-05-17,2023-05-25,20,4,100.0,0.32705338795979816,0.8857537517848854,594
S2,Palma,00000000000000000001,2023-05-17,2023-05-25,20,4,100.0,0.5718637704849243,0.8405692279338837,594
S2,Bananera,00000000000000000002,2023-05-17,2023-05-25,20,4,100.0,0.628630187463116,0.8962390285271865,594
S2,Manglar,00000000000000000003,2023-05-17,2023-05-25,20,4,100.0,0.4162067770957947,0.9083845495453549,594
S2,Bosque seco,00000000000000000004,2023-05-17,2023-05-25,20,4,98.82144834578519,0.5137822138153108,0.9281829415300814,582
S2,Pastos limpios,00000000000000000000,2023-05-25,2023-06-02,20,2,100.0,0.28327319025993347,0.6891950673430506,594
S2,Palma,00000000000000000001,2023-05-25,2023-06-02,20,2,35.96877717801465,,,0
S2,Bananera,00000000000000000002,2023-05-25,2023-06-02,20,2,52.326559366261485,,,0
S2,Manglar,00000000000000000003,2023-05-25,2023-06-02,20,2,100.0,0.5573975443840027,0.8698533326387405,594
S2,Bosque seco,00000000000000000004,2023-05-25,2023-06-02,20,2,54.63762592669826,,,0
S2,Pastos limpios,00000000000000000000,2023-06-02,2023-06-10,20,4,100.0,0.2991917133331299,0.7631301025000725,594
S2,Palma,00000000000000000001,2023-06-02,2023-06-10,20,4,4.408139208935592,,,0
S2,Bananera,00000000000000000002,2023-06-02,2023-06-10,20,4,100.0,0.5839206818249318,0.8805535018270366,594
S2,Manglar,00000000000000000003,2023-06-02,2023-06-10,20,4,100.0,0.6226174235343933,0.8764850648089253,594
S2,Bosque seco,00000000000000000004,2023-06-02,2023-06-10,20,4,70.21190919615444,,,0
S2,Pastos limpios,00000000000000000000,2023-06-10,2023-06-18,20,4,88.87068259238498,0.2444191426038742,0.766765683889389,523
S2,Palma,00000000000000000001,2023-06-10,2023-06-18,20,4,100.0,0.6401259005069733,0.8366485238075256,594
S2,Bananera,00000000000000000002,2023-06-10,2023-06-18,20,4,63.708117977730026,,,0
S2,Manglar,00000000000000000003,2023-06-10,2023-06-18,20,4,100.0,0.6785341501235962,0.9000288404074291,594
S2,Bosque seco,00000000000000000004,2023-06-10,2023-06-18,20,4,57.28379437545392,,,0
S2,Pastos limpios,00000000000000000000,2023-06-18,2023-06-26,20,2,100.0,0.39733835061391193,0.7918360032327832,594
S2,Palma,00000000000000000001,2023-06-18,2023-06-26,20,2,100.0,0.662715494632721,0.8914686173135961,594
S2,Bananera,00000000000000000002,2023-06-18,2023-06-26,20,2,100.0,0.6350205540657043,0.865406042173825,594
S2,Manglar,00000000000000000003,2023-06-18,2023-06-26,20,2,100.0,0.7299816608428955,0.856745540932768,594
S2,Bosque seco,00000000000000000004,2023-06-18,2023-06-26,20,2,100.0,0.612343966960907,0.8991965907041565,594
S2,Pastos limpios,00000000000000000000,2023-06-26,2023-07-04,20,4,62.74416799620541,,,0
S2,Palma,00000000000000000001,2023-06-26,2023-07-04,20,4,49.11125645983225,,,0
S2,Bananera,00000000000000000002,2023-06-26,2023-07-04,20,4,51.44452990777148,,,0
S2,Manglar,00000000000000000003,2023-06-26,2023-07-04,20,4,100.0,0.591579794883728,0.9152078265213683,594
S2,Bosque seco,00000000000000000004,2023-06-26,2023-07-04,20,4,51.04085022542768,,,0
S2,Pastos limpios,00000000000000000000,2023-07-04,2023-07-12,20,2,0.0,,,0
S2,Palma,00000000000000000001,2023-07-04,2023-07-12,20,2,0.06253189486016575,,,0
S2,Bananera,00000000000000000002,2023-07-04,2023-07-12,20,2,0.0,,,0
S2,Manglar,00000000000000000003,2023-07-04,2023-07-12,20,2,0.0,,,0
S2,Bosque seco,00000000000000000004,2023-07-04,2023-07-12,20,2,0.0,,,0
S2,Pastos limpios,00000000000000000000,2023-07-12,2023-07-20,20,4,100.0,0.3693179090817769,0.8929580781194899,592
S2,Palma,00000000000000000001,2023-07-12,2023-07-20,20,4,87.37790108460496,0.7078397274017334,0.8853618028561578,518
S2,Bananera,00000000000000000002,2023-07-12,2023-07-20,20,4,95.96724917511915,0.6528373956680298,0.8930808735691059,572
S2,Manglar,00000000000000000003,2023-07-12,2023-07-20,20,4,97.7951319041324,0.6388244032859802,0.7609897553920746,578
S2,Bosque seco,00000000000000000004,2023-07-12,2023-07-20,20,4,100.0,0.5678050915400187,0.9310207491707858,594
S2,Pastos limpios,00000000000000000000,2023-07-20,2023-07-28,20,4,100.0,0.4253772050142288,0.8702963590621948,594
S2,Palma,00000000000000000001,2023-07-20,2023-07-28,20,4,100.0,0.630888044834137,0.8994581138909752,594
S2,Bananera,00000000000000000002,2023-07-20,2023-07-28,20,4,100.0,0.6350038993087682,0.8886144547912428,594
S2,Manglar,00000000000000000003,2023-07-20,2023-07-28,20,4,100.0,0.564919908841451,0.9312302929130273,594
S2,Bosque seco,00000000000000000004,2023-07-20,2023-07-28,20,4,100.0,0.5810107390085856,0.9354842237152744,594
S2,Pastos limpios,00000000000000000000,2023-07-28,2023-08-05,20,2,100.0,0.560251323944069,0.9044754393871142,594
S2,Palma,00000000000000000001,2023-07-28,2023-08-05,20,2,100.0,0.6374814212322235,0.8974770665168762,594
S2,Bananera,00000000000000000002,2023-07-28,2023-08-05,20,2,28.024383406057048,,,0
S2,Manglar,00000000000000000003,2023-07-28,2023-08-05,20,2,100.0,0.8275050174229401,0.9247274594290513,594
S2,Bosque seco,00000000000000000004,2023-07-28,2023-08-05,20,2,100.0,0.638518214225769,0.9396109721560365,594
S2,Pastos limpios,00000000000000000000,2023-08-05,2023-08-13,20,4,100.0,0.5831260085105896,0.8811335173476651,594
S2,Palma,00000000000000000001,2023-08-05,2023-08-13,20,4,100.0,0.6125336488087972,0.8738224125446233,594
S2,Bananera,00000000000000000002,2023-08-05,2023-08-13,20,4,100.0,0.389241453763601,0.830532925835265,594
S2,Manglar,00000000000000000003,2023-08-05,2023-08-13,20,4,100.0,0.8079231381416321,0.9054412752991975,594
S2,Bosque seco,00000000000000000004,2023-08-05,2023-08-13,20,4,100.0,0.5798663326672144,0.9276816464987018,594
S2,Pastos limpios,00000000000000000000,2023-08-13,2023-08-21,20,2,98.86737671223031,0.6045883891232517,0.8229973793029786,585
S2,Palma,00000000000000000001,2023-08-13,2023-08-21,20,2,27.946725700608788,,,0
S2,Bananera,00000000000000000002,2023-08-13,2023-08-21,20,2,100.0,0.46694666147232056,0.7754178448352363,594
S2,Manglar,00000000000000000003,2023-08-13,2023-08-21,20,2,100.0,0.636306956410408,0.7568986916473148,594
S2,Bosque seco,00000000000000000004,2023-08-13,2023-08-21,20,2,14.906269549648018,,,0
S2,Pastos limpios,00000000000000000000,2023-08-21,2023-08-29,20,4,0.0,,,0
S2,Palma,00000000000000000001,2023-08-21,2023-08-29,20,4,9.258314226365457,,,0
S2,Bananera,00000000000000000002,2023-08-21,2023-08-29,20,4,79.60405719173897,,,0
S2,Manglar,00000000000000000003,2023-08-21,2023-08-29,20,4,98.93097304442784,0.5170120994249979,0.6787962500226622,588
S2,Bosque seco,00000000000000000004,2023-08-21,2023-08-29,20,4,100.0,0.5810029390002153,0.7222648913537355,594
S2,Pastos limpios,00000000000000000000,2023-08-29,2023-09-06,20,4,100.0,0.6275179472176925,0.8759772426762727,594
S2,Palma,00000000000000000001,2023-08-29,2023-09-06,20,4,100.0,0.604223370552063,0.8527334097486277,594
S2,Bananera,00000000000000000002,2023-08-29,2023-09-06,20,4,100.0,0.5737409293651581,0.7588829394689827,594
S2,Manglar,00000000000000000003,2023-08-29,2023-09-06,20,4,100.0,0.8216559066198259,0.9407074774435052,594
S2,Bosque seco,00000000000000000004,2023-08-29,2023-09-06,20,4,100.0,0.5720730026563009,0.9277840845553353,594
S2,Pastos limpios,00000000000000000000,2023-09-06,2023-09-14,20,2,0.0,,,0
S2,Palma,00000000000000000001,2023-09-06,2023-09-14,20,2,0.0,,,0
S2,Bananera,00000000000000000002,2023-09-06,2023-09-14,20,2,0.0,,,0
S2,Manglar,00000000000000000003,2023-09-06,2023-09-14,20,2,0.0,,,0
S2,Bosque seco,00000000000000000004,2023-09-06,2023-09-14,20,2,0.0,,,0
S2,Pastos limpios,00000000000000000000,2023-09-14,2023-09-22,20,4,100.0,0.6141978669166565,0.869964896905713,594
S2,Palma,00000000000000000001,2023-09-14,2023-09-22,20,4,100.0,0.5959221720695496,0.8482323543846815,594
S2,Bananera,00000000000000000002,2023-09-14,2023-09-22,20,4,100.0,0.5921625725865044,0.8490254036130359,594
S2,Manglar,00000000000000000003,2023-09-14,2023-09-22,20,4,100.0,0.6374231406620571,0.8313252925872803,594
S2,Bosque seco,00000000000000000004,2023-09-14,2023-09-22,20,4,100.0,0.5005410438583743,0.8779054085413615,594
S2,Pastos limpios,00000000000000000000,2023-09-22,2023-09-30,20,2,100.0,0.5092557470003763,0.5826773524284363,594
S2,Palma,00000000000000000001,2023-09-22,2023-09-30,20,2,100.0,0.4914995797415547,0.5519373048775446,594
S2,Bananera,00000000000000000002,2023-09-22,2023-09-30,20,2,100.0,0.5025071501731873,0.5805670710710379,594
S2,Manglar,00000000000000000003,2023-09-22,2023-09-30,20,2,0.0,,,0
S2,Bosque seco,00000000000000000004,2023-09-22,2023-09-30,20,2,100.0,0.5249149799346924,0.6500122581808825,594
S2,Pastos limpios,00000000000000000000,2023-09-30,2023-10-08,20,4,100.0,0.7276329398155212,0.879628849113526,594
S2,Palma,00000000000000000001,2023-09-30,2023-10-08,20,4,100.0,0.5772107541561127,0.7410519840125751,594
S2,Bananera,00000000000000000002,2023-09-30,2023-10-08,20,4,100.0,0.6115435361862183,0.7803497402675291,594
S2,Manglar,00000000000000000003,2023-09-30,2023-10-08,20,4,100.0,0.7287093997001648,0.8737575547582299,594
S2,Bosque seco,00000000000000000004,2023-09-30,2023-10-08,20,4,100.0,0.5449783205986023,0.9006257353548232,594
S2,Pastos limpios,00000000000000000000,2023-10-08,2023-10-16,20,4,100.0,0.5130163431167603,0.8457467273784315,594
S2,Palma,00000000000000000001,2023-10-08,2023-10-16,20,4,15.788225316073575,,,0
S2,Bananera,00000000000000000002,2023-10-08,2023-10-16,20,4,0.1502397366132082,,,0
S2,Manglar,00000000000000000003,2023-10-08,2023-10-16,20,4,95.20446577389504,0.6988123655319214,0.8497811328116798,564
S2,Bosque seco,00000000000000000004,2023-10-08,2023-10-16,20,4,98.14264861327833,0.6751998364925385,0.8778709854398455,578
S2,Pastos limpios,00000000000000000000,2023-10-16,2023-10-24,20,2,16.627858508329382,,,0
S2,Palma,00000000000000000001,2023-10-16,2023-10-24,20,2,68.16264042722942,,,0
S2,Bananera,00000000000000000002,2023-10-16,2023-10-24,20,2,100.0,0.5226316000334918,0.6299704374377835,594
S2,Manglar,00000000000000000003,2023-10-16,2023-10-24,20,2,0.0,,,0
S2,Bosque seco,00000000000000000004,2023-10-16,2023-10-24,20,2,100.0,0.5805719345808029,0.8804156514810539,594
S2,Pastos limpios,00000000000000000000,2023-10-24,2023-11-01,20,4,100.0,0.3994841310180651,0.7867932355681132,594
S2,Palma,00000000000000000001,2023-10-24,2023-11-01,20,4,97.19037727576566,0.4912516574064891,0.8214223924649243,572
S2,Bananera,00000000000000000002,2023-10-24,2023-11-01,20,4,91.82379538641806,0.6631304621696472,0.8170035481452942,534
S2,Manglar,00000000000000000003,2023-10-24,2023-11-01,20,4,100.0,0.7095649838447571,0.8466325590660883,594
S2,Bosque seco,00000000000000000004,2023-10-24,2023-11-01,20,4,100.0,0.5145001264207391,0.725548098484675,594
S2,Pastos limpios,00000000000000000000,2023-11-01,2023-11-09,20,2,100.0,0.2931197670138912,0.8867114923362771,594
S2,Palma,00000000000000000001,2023-11-01,2023-11-09,20,2,95.01397983166703,0.7094511687755585,0.9198439658899491,563
S2,Bananera,00000000000000000002,2023-11-01,2023-11-09,20,2,0.0,,,0
S2,Manglar,00000000000000000003,2023-11-01,2023-11-09,20,2,100.0,0.6425347126639529,0.9236233113996637,594
S2,Bosque seco,00000000000000000004,2023-11-01,2023-11-09,20,2,100.0,0.6868870258331299,0.9344525783723032,594
S2,Pastos limpios,00000000000000000000,2023-11-09,2023-11-17,20,4,100.0,0.5052042465017299,0.9088403269796088,594
S2,Palma,00000000000000000001,2023-11-09,2023-11-17,20,4,100.0,0.6703253388404846,0.905333948586127,594
S2,Bananera,00000000000000000002,2023-11-09,2023-11-17,20,4,100.0,0.6496009409893304,0.8966199149059342,594
S2,Manglar,00000000000000000003,2023-11-09,2023-11-17,20,4,100.0,0.7577863335609436,0.9188909498708588,594
S2,Bosque seco,00000000000000000004,2023-11-09,2023-11-17,20,4,100.0,0.6961951553821564,0.9317541846082783,594
S2,Pastos limpios,00000000000000000000,2023-11-17,2023-11-25,20,4,100.0,0.549170708656311,0.8924178816030885,594
S2,Palma,00000000000000000001,2023-11-17,2023-11-25,20,4,100.0,0.6814310848712921,0.9032570460358181,594
S2,Bananera,00000000000000000002,2023-11-17,2023-11-25,20,4,100.0,0.6966097354888916,0.8921035092524501,594
S2,Manglar,00000000000000000003,2023-11-17,2023-11-25,20,4,100.0,0.8275571465492249,0.9146671858700841,594
S2,Bosque seco,00000000000000000004,2023-11-17,2023-11-25,20,4,100.0,0.7102525432904562,0.9346339574781409,594
S2,Pastos limpios,00000000000000000000,2023-11-25,2023-12-03,20,2,100.0,0.5589005947113037,0.8368768692016602,594
S2,Palma,00000000000000000001,2023-11-25,2023-12-03,20,2,87.25930611159428,0.671163990392954,0.8584616854443529,521
S2,Bananera,00000000000000000002,2023-11-25,2023-12-03,20,2,100.0,0.6548359536606332,0.8576307987993012,594
S2,Manglar,00000000000000000003,2023-11-25,2023-12-03,20,2,100.0,0.7965259253978729,0.8909492492675781,594
S2,Bosque seco,00000000000000000004,2023-11-25,2023-12-03,20,2,100.0,0.57382732629776,0.7515113995538145,594
S2,Pastos limpios,00000000000000000000,2023-12-03,2023-12-11,20,2,100.0,0.4591397766556059,0.8734045475721359,594
S2,Palma,00000000000000000001,2023-12-03,2023-12-11,20,2,100.0,0.6452872455120087,0.8992308165030145,594
S2,Bananera,00000000000000000002,2023-12-03,2023-12-11,20,2,100.0,0.6561233997344971,0.8885323663763245,594
S2,Manglar,00000000000000000003,2023-12-03,2023-12-11,20,2,100.0,0.779407262802124,0.9007242719332377,594
S2,Bosque seco,00000000000000000004,2023-12-03,2023-12-11,20,2,100.0,0.5131003260612488,0.9314846384494119,594
S2,Pastos limpios,00000000000000000000,2023-12-11,2023-12-19,20,2,100.0,0.43921205401420593,0.845638155170897,594
S2,Palma,00000000000000000001,2023-12-11,2023-12-19,20,2,100.0,0.6335758948228531,0.8734061419963837,594
S2,Bananera,00000000000000000002,2023-12-11,2023-12-19,20,2,100.0,0.6384348880015147,0.8495363672837289,594
S2,Manglar,00000000000000000003,2023-12-11,2023-12-19,20,2,100.0,0.7784386873245239,0.911056303989298,594
S2,Bosque seco,00000000000000000004,2023-12-11,2023-12-19,20,2,100.0,0.4870567321777344,0.8303511844740973,594
S2,Pastos limpios,00000000000000000000,2023-12-19,2023-12-27,20,4,100.0,0.5021820012334121,0.8419335608596281,594
S2,Palma,00000000000000000001,2023-12-19,2023-12-27,20,4,100.0,0.6121915578842163,0.848605158603896,594
S2,Bananera,00000000000000000002,2023-12-19,2023-12-27,20,4,100.0,0.6385542788102948,0.845902191456621,594
S2,Manglar,00000000000000000003,2023-12-19,2023-12-27,20,4,100.0,0.7023685574531555,0.8831996733325131,594
S2,Bosque seco,00000000000000000004,2023-12-19,2023-12-27,20,4,100.0,0.47136897154633994,0.8772991777577464,594
S2,Pastos limpios,00000000000000000000,2023-12-27,2024-01-01,20,2,100.0,0.47914297382036847,0.7035431861877441,594
S2,Palma,00000000000000000001,2023-12-27,2024-01-01,20,2,100.0,0.5953834652900696,0.826924204826355,594
S2,Bananera,00000000000000000002,2023-12-27,2024-01-01,20,2,100.0,0.6578734815120697,0.8222977552888573,594
S2,Manglar,00000000000000000003,2023-12-27,2024-01-01,20,2,100.0,0.6419798731803894,0.7719349383260854,594
S2,Bosque seco,00000000000000000004,2023-12-27,2024-01-01,20,2,100.0,0.5231963625321022,0.8692986459694624,594
