source,station,station_id,period_start,period_end,products,source_scale_m,valid_pixels,total_pixels,valid_area_m2,total_area_m2,coverage_pct
HLS,Pastos limpios,00000000000000000000,2021-01-01,2021-01-09,6,30,243.78431372549025,243.78431372549025,214276.69850116826,214276.69850116826,100.0
HLS,Palma,00000000000000000001,2021-01-01,2021-01-09,6,30,243.80784313725482,243.80784313725482,214323.03965705412,214323.03965705412,100.0
HLS,Bananera,00000000000000000002,2021-01-01,2021-01-09,6,30,243.75686274509803,243.75686274509803,214272.54065539807,214272.54065539807,100.0
HLS,Manglar,00000000000000000003,2021-01-01,2021-01-09,6,30,241.91372549019607,241.91372549019607,212555.60338039036,212555.60338039036,100.0
HLS,Bosque seco,00000000000000000004,2021-01-01,2021-01-09,6,30,243.64705882352945,243.64705882352945,214272.15992838528,214272.15992838528,100.0
S2,Pastos limpios,00000000000000000000,2021-01-01,2021-01-09,4,20,545.6705882352941,545.6705882352941,213165.6486693139,213165.6486693139,100.0
S2,Palma,00000000000000000001,2021-01-01,2021-01-09,4,20,545.6039215686275,545.6039215686275,213165.1321457805,213165.1321457805,100.0
S2,Bananera,00000000000000000002,2021-01-01,2021-01-09,4,20,545.5333333333333,545.5333333333333,213131.89231938383,213131.89231938383,100.0
S2,Manglar,00000000000000000003,2021-01-01,2021-01-09,4,20,545.850980392157,545.850980392157,213158.9788100297,213158.9788100297,100.0
S2,Bosque seco,00000000000000000004,2021-01-01,2021-01-09,4,20,545.3686274509803,545.3686274509803,213163.19644153066,213163.19644153066,100.0
HLS,Pastos limpios,00000000000000000000,2021-01-09,2021-01-17,8,30,232.15686274509812,243.78431372549025,204056.64191966353,214276.69850116826,95.23043958909558
HLS,Palma,00000000000000000001,2021-01-09,2021-01-17,8,30,243.80784313725482,243.80784313725482,214323.03965705412,214323.03965705412,100.0
HLS,Bananera,00000000000000000002,2021-01-09,2021-01-17,8,30,243.75686274509803,243.75686274509803,214272.54065539807,214272.54065539807,100.0
HLS,Manglar,00000000000000000003,2021-01-09,2021-01-17,8,30,74.66666666666669,241.91372549019607,65605.34018937653,212555.60338039036,30.86502503157677
HLS,Bosque seco,00000000000000000004,2021-01-09,2021-01-17,8,30,243.64705882352945,243.64705882352945,214272.15992838528,214272.15992838528,100.0
S2,Pastos limpios,00000000000000000000,2021-01-09,2021-01-17,2,20,545.6705882352941,545.6705882352941,213165.6486693139,213165.6486693139,100.0
S2,Palma,00000000000000000001,2021-01-09,2021-01-17,2,20,545.6039215686275,545.6039215686275,213165.1321457805,213165.1321457805,100.0
S2,Bananera,00000000000000000002,2021-01-09,2021-01-17,2,20,545.5333333333333,545.5333333333333,213131.89231938383,213131.89231938383,100.0
S2,Manglar,00000000000000000003,2021-01-09,2021-01-17,2,20,541.0862745098041,545.850980392157,211298.33534426204,213158.9788100297,99.1271099739008
S2,Bosque seco,00000000000000000004,2021-01-09,2021-01-17,2,20,545.3686274509803,545.3686274509803,213163.19644153066,213163.19644153066,100.0
HLS,Pastos limpios,00000000000000000000,2021-01-17,2021-01-25,6,30,243.78431372549025,243.78431372549025,214276.69850116826,214276.69850116826,100.0
HLS,Palma,00000000000000000001,2021-01-17,2021-01-25,6,30,243.80784313725482,243.80784313725482,214323.03965705412,214323.03965705412,100.0
HLS,Bananera,00000000000000000002,2021-01-17,2021-01-25,6,30,243.75686274509803,243.75686274509803,214272.54065539807,214272.54065539807,100.0
HLS,Manglar,00000000000000000003,2021-01-17,2021-01-25,6,30,241.91372549019607,241.91372549019607,212555.60338039036,212555.60338039036,100.0
HLS,Bosque seco,00000000000000000004,2021-01-17,2021-01-25,6,30,243.64705882352945,243.64705882352945,214272.15992838528,214272.15992838528,100.0
S2,Pastos limpios,00000000000000000000,2021-01-17,2021-01-25,4,20,545.6705882352941,545.6705882352941,213165.6486693139,213165.6486693139,100.0
S2,Palma,00000000000000000001,2021-01-17,2021-01-25,4,20,545.6039215686275,545.6039215686275,213165.1321457805,213165.1321457805,100.0
S2,Bananera,00000000000000000002,2021-01-17,2021-01-25,4,20,545.5333333333333,545.5333333333333,213131.89231938383,213131.89231938383,100.0
S2,Manglar,00000000000000000003,2021-01-17,2021-01-25,4,20,545.850980392157,545.850980392157,213158.9788100297,213158.9788100297,100.0
S2,Bosque seco,00000000000000000004,2021-01-17,2021-01-25,4,20,545.3686274509803,545.3686274509803,213163.19644153066,213163.19644153066,100.0
HLS,Pastos limpios,00000000000000000000,2021-01-25,2021-02-02,8,30,243.78431372549025,243.78431372549025,214276.69850116826,214276.69850116826,100.0
HLS,Palma,00000000000000000001,2021-01-25,2021-02-02,8,30,243.80784313725482,243.80784313725482,214323.03965705412,214323.03965705412,100.0
HLS,Bananera,00000000000000000002,2021-01-25,2021-02-02,8,30,243.75686274509803,243.75686274509803,214272.54065539807,214272.54065539807,100.0
HLS,Manglar,00000000000000000003,2021-01-25,2021-02-02,8,30,241.91372549019607,241.91372549019607,212555.60338039036,212555.60338039036,100.0
HLS,Bosque seco,00000000000000000004,2021-01-25,2021-02-02,8,30,243.64705882352945,243.64705882352945,214272.15992838528,214272.15992838528,100.0
S2,Pastos limpios,00000000000000000000,2021-01-25,2021-02-02,2,20,545.6705882352941,545.6705882352941,213165.6486693139,213165.6486693139,100.0
S2,Palma,00000000000000000001,2021-01-25,2021-02-02,2,20,545.6039215686275,545.6039215686275,213165.1321457805,213165.1321457805,100.0
S2,Bananera,00000000000000000002,2021-01-25,2021-02-02,2,20,545.5333333333333,545.5333333333333,213131.89231938383,213131.89231938383,100.0
S2,Manglar,00000000000000000003,2021-01-25,2021-02-02,2,20,545.850980392157,545.850980392157,213158.9788100297,213158.9788100297,100.0
S2,Bosque seco,00000000000000000004,2021-01-25,2021-02-02,2,20,545.3686274509803,545.3686274509803,213163.19644153066,213163.19644153066,100.0
HLS,Pastos limpios,00000000000000000000,2021-02-02,2021-02-10,6,30,243.78431372549025,243.78431372549025,214276.69850116826,214276.69850116826,100.0
HLS,Palma,00000000000000000001,2021-02-02,2021-02-10,6,30,243.80784313725482,243.80784313725482,214323.03965705412,214323.03965705412,100.0
HLS,Bananera,00000000000000000002,2021-02-02,2021-02-10,6,30,243.75686274509803,243.75686274509803,214272.54065539807,214272.54065539807,100.0
HLS,Manglar,00000000000000000003,2021-02-02,2021-02-10,6,30,241.91372549019607,241.91372549019607,212555.60338039036,212555.60338039036,100.0
HLS,Bosque seco,00000000000000000004,2021-02-02,2021-02-10,6,30,243.64705882352945,243.64705882352945,214272.15992838528,214272.15992838528,100.0
S2,Pastos limpios,00000000000000000000,2021-02-02,2021-02-10,4,20,545.6705882352941,545.6705882352941,213165.6486693139,213165.6486693139,100.0
S2,Palma,00000000000000000001,2021-02-02,2021-02-10,4,20,545.6039215686275,545.6039215686275,213165.1321457805,213165.1321457805,100.0
S2,Bananera,00000000000000000002,2021-02-02,2021-02-10,4,20,545.5333333333333,545.5333333333333,213131.89231938383,213131.89231938383,100.0
S2,Manglar,00000000000000000003,2021-02-02,2021-02-10,4,20,545.850980392157,545.850980392157,213158.9788100297,213158.9788100297,100.0
S2,Bosque seco,00000000000000000004,2021-02-02,2021-02-10,4,20,545.3686274509803,545.3686274509803,213163.19644153066,213163.19644153066,100.0
HLS,Pastos limpios,00000000000000000000,2021-02-10,2021-02-18,8,30,243.78431372549025,243.78431372549025,214276.69850116826,214276.69850116826,100.0
HLS,Palma,00000000000000000001,2021-02-10,2021-02-18,8,30,243.80784313725482,243.80784313725482,214323.03965705412,214323.03965705412,100.0
HLS,Bananera,00000000000000000002,2021-02-10,2021-02-18,8,30,243.75686274509803,243.75686274509803,214272.54065539807,214272.54065539807,100.0
HLS,Manglar,00000000000000000003,2021-02-10,2021-02-18,8,30,241.91372549019607,241.91372549019607,212555.60338039036,212555.60338039036,100.0
HLS,Bosque seco,00000000000000000004,2021-02-10,2021-02-18,8,30,243.64705882352945,243.64705882352945,214272.15992838528,214272.15992838528,100.0
S2,Pastos limpios,00000000000000000000,2021-02-10,2021-02-18,4,20,545.6705882352941,545.6705882352941,213165.6486693139,213165.6486693139,100.0
S2,Palma,00000000000000000001,2021-02-10,2021-02-18,4,20,545.6039215686275,545.6039215686275,213165.1321457805,213165.1321457805,100.0
S2,Bananera,00000000000000000002,2021-02-10,2021-02-18,4,20,545.5333333333333,545.5333333333333,213131.89231938383,213131.89231938383,100.0
S2,Manglar,00000000000000000003,2021-02-10,2021-02-18,4,20,545.850980392157,545.850980392157,213158.9788100297,213158.9788100297,100.0
S2,Bosque seco,00000000000000000004,2021-02-10,2021-02-18,4,20,545.3686274509803,545.3686274509803,213163.19644153066,213163.19644153066,100.0
HLS,Pastos limpios,00000000000000000000,2021-02-18,2021-02-26,6,30,243.78431372549025,243.78431372549025,214276.69850116826,214276.69850116826,100.0
HLS,Palma,00000000000000000001,2021-02-18,2021-02-26,6,30,243.80784313725482,243.80784313725482,214323.03965705412,214323.03965705412,100.0
HLS,Bananera,00000000000000000002,2021-02-18,2021-02-26,6,30,243.75686274509803,243.75686274509803,214272.54065539807,214272.54065539807,100.0
HLS,Manglar,00000000000000000003,2021-02-18,2021-02-26,6,30,241.91372549019607,241.91372549019607,212555.60338039036,212555.60338039036,100.0
HLS,Bosque seco,00000000000000000004,2021-02-18,2021-02-26,6,30,243.64705882352945,243.64705882352945,214272.15992838528,214272.15992838528,100.0
S2,Pastos limpios,00000000000000000000,2021-02-18,2021-02-26,2,20,545.6705882352941,545.6705882352941,213165.6486693139,213165.6486693139,100.0
S2,Palma,00000000000000000001,2021-02-18,2021-02-26,2,20,545.6039215686275,545.6039215686275,213165.1321457805,213165.1321457805,100.0
S2,Bananera,00000000000000000002,2021-02-18,2021-02-26,2,20,545.5333333333333,545.5333333333333,213131.89231938383,213131.89231938383,100.0
S2,Manglar,00000000000000000003,2021-02-18,2021-02-26,2,20,545.850980392157,545.850980392157,213158.9788100297,213158.9788100297,100.0
S2,Bosque seco,00000000000000000004,2021-02-18,2021-02-26,2,20,545.3686274509803,545.3686274509803,213163.19644153066,213163.19644153066,100.0
HLS,Pastos limpios,00000000000000000000,2021-02-26,2021-03-06,8,30,243.78431372549025,243.78431372549025,214276.69850116826,214276.69850116826,100.0
HLS,Palma,00000000000000000001,2021-02-26,2021-03-06,8,30,243.80784313725482,243.80784313725482,214323.03965705412,214323.03965705412,100.0
HLS,Bananera,00000000000000000002,2021-02-26,2021-03-06,8,30,243.75686274509803,243.75686274509803,214272.54065539807,214272.54065539807,100.0
HLS,Manglar,00000000000000000003,2021-02-26,2021-03-06,8,30,241.91372549019607,241.91372549019607,212555.60338039036,212555.60338039036,100.0
HLS,Bosque seco,00000000000000000004,2021-02-26,2021-03-06,8,30,243.64705882352945,243.64705882352945,214272.15992838528,214272.15992838528,100.0
S2,Pastos limpios,00000000000000000000,2021-02-26,2021-03-06,4,20,545.6705882352941,545.6705882352941,213165.6486693139,213165.6486693139,100.0
S2,Palma,00000000000000000001,2021-02-26,2021-03-06,4,20,545.6039215686275,545.6039215686275,213165.1321457805,213165.1321457805,100.0
S2,Bananera,00000000000000000002,2021-02-26,2021-03-06,4,20,545.5333333333333,545.5333333333333,213131.89231938383,213131.89231938383,100.0
S2,Manglar,00000000000000000003,2021-02-26,2021-03-06,4,20,545.850980392157,545.850980392157,213158.9788100297,213158.9788100297,100.0
S2,Bosque seco,00000000000000000004,2021-02-26,2021-03-06,4,20,545.3686274509803,545.3686274509803,213163.19644153066,213163.19644153066,100.0
HLS,Pastos limpios,00000000000000000000,2021-03-06,2021-03-14,6,30,0.0,243.78431372549025,0.0,214276.69850116826,0.0
HLS,Palma,00000000000000000001,2021-03-06,2021-03-14,6,30,0.0,243.80784313725482,0.0,214323.03965705412,0.0
HLS,Bananera,00000000000000000002,2021-03-06,2021-03-14,6,30,0.0,243.75686274509803,0.0,214272.54065539807,0.0
HLS,Manglar,00000000000000000003,2021-03-06,2021-03-14,6,30,0.0,241.91372549019607,0.0,212555.60338039036,0.0
HLS,Bosque seco,00000000000000000004,2021-03-06,2021-03-14,6,30,0.0,243.64705882352945,0.0,214272.15992838528,0.0
S2,Pastos limpios,00000000000000000000,2021-03-06,2021-03-14,2,20,0.0,545.6705882352941,0.0,213165.6486693139,0.0
S2,Palma,00000000000000000001,2021-03-06,2021-03-14,2,20,545.6039215686275,545.6039215686275,213165.1321457805,213165.1321457805,100.0
S2,Bananera,00000000000000000002,2021-03-06,2021-03-14,2,20,545.5333333333333,545.5333333333333,213131.89231938383,213131.89231938383,100.0
S2,Manglar,00000000000000000003,2021-03-06,2021-03-14,2,20,0.0,545.850980392157,0.0,213158.9788100297,0.0
S2,Bosque seco,00000000000000000004,2021-03-06,2021-03-14,2,20,0.0,545.3686274509803,0.0,213163.19644153066,0.0
HLS,Pastos limpios,00000000000000000000,2021-03-14,2021-03-22,8,30,243.78431372549025,243.78431372549025,214276.69850116826,214276.69850116826,100.0
HLS,Palma,00000000000000000001,2021-03-14,2021-03-22,8,30,243.80784313725482,243.80784313725482,214323.03965705412,214323.03965705412,100.0
HLS,Bananera,00000000000000000002,2021-03-14,2021-03-22,8,30,243.75686274509803,243.75686274509803,214272.54065539807,214272.54065539807,100.0
HLS,Manglar,00000000000000000003,2021-03-14,2021-03-22,8,30,241.91372549019607,241.91372549019607,212555.60338039036,212555.60338039036,100.0
HLS,Bosque seco,00000000000000000004,2021-03-14,2021-03-22,8,30,243.64705882352945,243.64705882352945,214272.15992838528,214272.15992838528,100.0
S2,Pastos limpios,00000000000000000000,2021-03-14,2021-03-22,4,20,545.6705882352941,545.6705882352941,213165.6486693139,213165.6486693139,100.0
S2,Palma,00000000000000000001,2021-03-14,2021-03-22,4,20,545.6039215686275,545.6039215686275,213165.1321457805,213165.1321457805,100.0
S2,Bananera,00000000000000000002,2021-03-14,2021-03-22,4,20,545.5333333333333,545.5333333333333,213131.89231938383,213131.89231938383,100.0
S2,Manglar,00000000000000000003,2021-03-14,2021-03-22,4,20,545.850980392157,545.850980392157,213158.9788100297,213158.9788100297,100.0
S2,Bosque seco,00000000000000000004,2021-03-14,2021-03-22,4,20,545.3686274509803,545.3686274509803,213163.19644153066,213163.19644153066,100.0
HLS,Pastos limpios,00000000000000000000,2021-03-22,2021-03-30,8,30,243.78431372549025,243.78431372549025,214276.69850116826,214276.69850116826,100.0
HLS,Palma,00000000000000000001,2021-03-22,2021-03-30,8,30,243.80784313725482,243.80784313725482,214323.03965705412,214323.03965705412,100.0
HLS,Bananera,00000000000000000002,2021-03-22,2021-03-30,8,30,243.75686274509803,243.75686274509803,214272.54065539807,214272.54065539807,100.0
HLS,Manglar,00000000000000000003,2021-03-22,2021-03-30,8,30,241.91372549019607,241.91372549019607,212555.60338039036,212555.60338039036,100.0
HLS,Bosque seco,00000000000000000004,2021-03-22,2021-03-30,8,30,243.64705882352945,243.64705882352945,214272.15992838528,214272.15992838528,100.0
S2,Pastos limpios,00000000000000000000,2021-03-22,2021-03-30,4,20,545.6705882352941,545.6705882352941,213165.6486693139,213165.6486693139,100.0
S2,Palma,00000000000000000001,2021-03-22,2021-03-30,4,20,545.6039215686275,545.6039215686275,213165.1321457805,213165.1321457805,100.0
S2,Bananera,00000000000000000002,2021-03-22,2021-03-30,4,20,545.5333333333333,545.5333333333333,213131.89231938383,213131.89231938383,100.0
S2,Manglar,00000000000000000003,2021-03-22,2021-03-30,4,20,545.850980392157,545.850980392157,213158.9788100297,213158.9788100297,100.0
S2,Bosque seco,00000000000000000004,2021-03-22,2021-03-30,4,20,545.3686274509803,545.3686274509803,213163.19644153066,213163.19644153066,100.0
HLS,Pastos limpios,00000000000000000000,2021-03-30,2021-04-07,5,30,0.0,243.78431372549025,0.0,214276.69850116826,0.0
HLS,Palma,00000000000000000001,2021-03-30,2021-04-07,5,30,0.0,243.80784313725482,0.0,214323.03965705412,0.0
HLS,Bananera,00000000000000000002,2021-03-30,2021-04-07,5,30,0.0,243.75686274509803,0.0,214272.54065539807,0.0
HLS,Manglar,00000000000000000003,2021-03-30,2021-04-07,5,30,0.0,241.91372549019607,0.0,212555.60338039036,0.0
HLS,Bosque seco,00000000000000000004,2021-03-30,2021-04-07,5,30,0.0,243.64705882352945,0.0,214272.15992838528,0.0
S2,Pastos limpios,00000000000000000000,2021-03-30,2021-04-07,2,20,0.0,545.6705882352941,0.0,213165.6486693139,0.0
S2,Palma,00000000000000000001,2021-03-30,2021-04-07,2,20,0.0,545.6039215686275,0.0,213165.1321457805,0.0
S2,Bananera,00000000000000000002,2021-03-30,2021-04-07,2,20,0.0,545.5333333333333,0.0,213131.89231938383,0.0
S2,Manglar,00000000000000000003,2021-03-30,2021-04-07,2,20,12.0,545.850980392157,4686.117279052734,213158.9788100297,2.1984142095318764
S2,Bosque seco,00000000000000000004,2021-03-30,2021-04-07,2,20,0.0,545.3686274509803,0.0,213163.19644153066,0.0
HLS,Pastos limpios,00000000000000000000,2021-04-07,2021-04-15,6,30,1.4470588235294117,243.78431372549025,1271.9142831839767,214276.69850116826,0.5935849731122501
HLS,Palma,00000000000000000001,2021-04-07,2021-04-15,6,30,37.09803921568627,243.80784313725482,32611.544981474028,214323.03965705412,15.216070579092623
HLS,Bananera,00000000000000000002,2021-04-07,2021-04-15,6,30,243.75686274509803,243.75686274509803,214272.54065539807,214272.54065539807,100.0
HLS,Manglar,00000000000000000003,2021-04-07,2021-04-15,6,30,241.91372549019607,241.91372549019607,212555.60338039036,212555.60338039036,100.0
HLS,Bosque seco,00000000000000000004,2021-04-07,2021-04-15,6,30,243.64705882352945,243.64705882352945,214272.15992838528,214272.15992838528,100.0
S2,Pastos limpios,00000000000000000000,2021-04-07,2021-04-15,4,20,352.0039215686273,545.6705882352941,137509.95178318396,213165.6486693139,64.50849498574914
S2,Palma,00000000000000000001,2021-04-07,2021-04-15,4,20,453.3921568627451,545.6039215686275,177138.24889011733,213165.1321457805,83.09907305523826
S2,Bananera,00000000000000000002,2021-04-07,2021-04-15,4,20,545.5333333333333,545.5333333333333,213131.89231938383,213131.89231938383,100.0
S2,Manglar,00000000000000000003,2021-04-07,2021-04-15,4,20,545.850980392157,545.850980392157,213158.9788100297,213158.9788100297,100.0
S2,Bosque seco,00000000000000000004,2021-04-07,2021-04-15,4,20,545.3686274509803,545.3686274509803,213163.19644153066,213163.19644153066,100.0
HLS,Pastos limpios,00000000000000000000,2021-04-15,2021-04-23,5,30,0.0,243.78431372549025,0.0,214276.69850116826,0.0
HLS,Palma,00000000000000000001,2021-04-15,2021-04-23,5,30,0.0,243.80784313725482,0.0,214323.03965705412,0.0
HLS,Bananera,00000000000000000002,2021-04-15,2021-04-23,5,30,0.0,243.75686274509803,0.0,214272.54065539807,0.0
HLS,Manglar,00000000000000000003,2021-04-15,2021-04-23,5,30,201.78823529411767,241.91372549019607,177299.5804764094,212555.60338039036,83.41327053096472
HLS,Bosque seco,00000000000000000004,2021-04-15,2021-04-23,5,30,0.0,243.64705882352945,0.0,214272.15992838528,0.0
S2,Pastos limpios,00000000000000000000,2021-04-15,2021-04-23,2,20,0.0,545.6705882352941,0.0,213165.6486693139,0.0
S2,Palma,00000000000000000001,2021-04-15,2021-04-23,2,20,0.0,545.6039215686275,0.0,213165.1321457805,0.0
S2,Bananera,00000000000000000002,2021-04-15,2021-04-23,2,20,134.14901960784314,545.5333333333333,52410.043739229106,213131.89231938383,24.590427630929703
S2,Manglar,00000000000000000003,2021-04-15,2021-04-23,2,20,0.0,545.850980392157,0.0,213158.9788100297,0.0
S2,Bosque seco,00000000000000000004,2021-04-15,2021-04-23,2,20,545.3686274509803,545.3686274509803,213163.19644153066,213163.19644153066,100.0
HLS,Pastos limpios,00000000000000000000,2021-04-23,2021-05-01,3,30,243.78431372549025,243.78431372549025,214276.69850116826,214276.69850116826,100.0
HLS,Palma,00000000000000000001,2021-04-23,2021-05-01,3,30,243.80784313725482,243.80784313725482,214323.03965705412,214323.03965705412,100.0
HLS,Bananera,00000000000000000002,2021-04-23,2021-05-01,3,30,243.75686274509803,243.75686274509803,214272.54065539807,214272.54065539807,100.0
HLS,Manglar,00000000000000000003,2021-04-23,2021-05-01,3,30,241.91372549019607,241.91372549019607,212555.60338039036,212555.60338039036,100.0
HLS,Bosque seco,00000000000000000004,2021-04-23,2021-05-01,3,30,243.64705882352945,243.64705882352945,214272.15992838528,214272.15992838528,100.0
S2,Pastos limpios,00000000000000000000,2021-04-23,2021-05-01,4,20,545.6705882352941,545.6705882352941,213165.6486693139,213165.6486693139,100.0
S2,Palma,00000000000000000001,2021-04-23,2021-05-01,4,20,545.6039215686275,545.6039215686275,213165.1321457805,213165.1321457805,100.0
S2,Bananera,00000000000000000002,2021-04-23,2021-05-01,4,20,545.5333333333333,545.5333333333333,213131.89231938383,213131.89231938383,100.0
S2,Manglar,00000000000000000003,2021-04-23,2021-05-01,4,20,545.850980392157,545.850980392157,213158.9788100297,213158.9788100297,100.0
S2,Bosque seco,00000000000000000004,2021-04-23,2021-05-01,4,20,545.3686274509803,545.3686274509803,213163.19644153066,213163.19644153066,100.0
HLS,Pastos limpios,00000000000000000000,2021-05-01,2021-05-09,10,30,243.78431372549025,243.78431372549025,214276.69850116826,214276.69850116826,100.0
HLS,Palma,00000000000000000001,2021-05-01,2021-05-09,10,30,237.72941176470582,243.80784313725482,208979.71903339447,214323.03965705412,97.50688463908982
HLS,Bananera,00000000000000000002,2021-05-01,2021-05-09,10,30,105.27450980392157,243.75686274509803,92540.9296530331,214272.54065539807,43.18842226352337
HLS,Manglar,00000000000000000003,2021-05-01,2021-05-09,10,30,241.91372549019607,241.91372549019607,212555.60338039036,212555.60338039036,100.0
HLS,Bosque seco,00000000000000000004,2021-05-01,2021-05-09,10,30,242.64705882352945,243.64705882352945,213392.72303873685,214272.15992838528,99.58957015697123
S2,Pastos limpios,00000000000000000000,2021-05-01,2021-05-09,4,20,545.6705882352941,545.6705882352941,213165.6486693139,213165.6486693139,100.0
S2,Palma,00000000000000000001,2021-05-01,2021-05-09,4,20,545.6039215686275,545.6039215686275,213165.1321457805,213165.1321457805,100.0
S2,Bananera,00000000000000000002,2021-05-01,2021-05-09,4,20,545.5333333333333,545.5333333333333,213131.89231938383,213131.89231938383,100.0
S2,Manglar,00000000000000000003,2021-05-01,2021-05-09,4,20,545.850980392157,545.850980392157,213158.9788100297,213158.9788100297,100.0
S2,Bosque seco,00000000000000000004,2021-05-01,2021-05-09,4,20,506.3686274509803,545.3686274509803,197919.6016844506,213163.19644153066,92.8488618056254
HLS,Pastos limpios,00000000000000000000,2021-05-09,2021-05-17,6,30,0.0,243.78431372549025,0.0,214276.69850116826,0.0
HLS,Palma,00000000000000000001,2021-05-09,2021-05-17,6,30,110.91764705882353,243.80784313725482,97504.01540144379,214323.03965705412,45.493949487401544
HLS,Bananera,00000000000000000002,2021-05-09,2021-05-17,6,30,39.023529411764706,243.75686274509803,34303.417319144464,214272.54065539807,16.009245615056496
HLS,Manglar,00000000000000000003,2021-05-09,2021-05-17,6,30,241.91372549019607,241.91372549019607,212555.60338039036,212555.60338039036,100.0
HLS,Bosque seco,00000000000000000004,2021-05-09,2021-05-17,6,30,243.64705882352945,243.64705882352945,214272.15992838528,214272.15992838528,100.0
S2,Pastos limpios,00000000000000000000,2021-05-09,2021-05-17,2,20,261.40000000000003,545.6705882352941,102115.39465379903,213165.6486693139,47.90424502787112
S2,Palma,00000000000000000001,2021-05-09,2021-05-17,2,20,529.2078431372549,545.6039215686275,206759.2711212755,213165.1321457805,96.99488328132195
S2,Bananera,00000000000000000002,2021-05-09,2021-05-17,2,20,395.19607843137265,545.5333333333333,154397.33418650908,213131.89231938383,72.44215424838464
S2,Manglar,00000000000000000003,2021-05-09,2021-05-17,2,20,545.850980392157,545.850980392157,213158.9788100297,213158.9788100297,100.0
S2,Bosque seco,00000000000000000004,2021-05-09,2021-05-17,2,20,545.3686274509803,545.3686274509803,213163.19644153066,213163.19644153066,100.0
HLS,Pastos limpios,00000000000000000000,2021-05-17,2021-05-25,6,30,0.0,243.78431372549025,0.0,214276.69850116826,0.0
HLS,Palma,00000000000000000001,2021-05-17,2021-05-25,6,30,0.0,243.80784313725482,0.0,214323.03965705412,0.0
HLS,Bananera,00000000000000000002,2021-05-17,2021-05-25,6,30,0.0,243.75686274509803,0.0,214272.54065539807,0.0
HLS,Manglar,00000000000000000003,2021-05-17,2021-05-25,6,30,241.91372549019607,241.91372549019607,212555.60338039036,212555.60338039036,100.0
HLS,Bosque seco,00000000000000000004,2021-05-17,2021-05-25,6,30,12.0,243.64705882352945,10553.270080566406,214272.15992838528,4.925170906054036
S2,Pastos limpios,00000000000000000000,2021-05-17,2021-05-25,4,20,0.0,545.6705882352941,0.0,213165.6486693139,0.0
S2,Palma,00000000000000000001,2021-05-17,2021-05-25,4,20,0.0,545.6039215686275,0.0,213165.1321457805,0.0
S2,Bananera,00000000000000000002,2021-05-17,2021-05-25,4,20,0.0,545.5333333333333,0.0,213131.89231938383,0.0
S2,Manglar,00000000000000000003,2021-05-17,2021-05-25,4,20,414.80392156862746,545.850980392157,161984.06936465975,213158.9788100297,75.99213988964652
S2,Bosque seco,00000000000000000004,2021-05-17,2021-05-25,4,20,464.18431372549014,545.3686274509803,181431.54273071288,213163.19644153066,85.11391542229873
HLS,Pastos limpios,00000000000000000000,2021-05-25,2021-06-02,4,30,0.0,243.78431372549025,0.0,214276.69850116826,0.0
HLS,Palma,00000000000000000001,2021-05-25,2021-06-02,4,30,0.0,243.80784313725482,0.0,214323.03965705412,0.0
HLS,Bananera,00000000000000000002,2021-05-25,2021-06-02,4,30,0.0,243.75686274509803,0.0,214272.54065539807,0.0
HLS,Manglar,00000000000000000003,2021-05-25,2021-06-02,4,30,0.0,241.91372549019607,0.0,212555.60338039036,0.0
HLS,Bosque seco,00000000000000000004,2021-05-25,2021-06-02,4,30,0.0,243.64705882352945,0.0,214272.15992838528,0.0
S2,Pastos limpios,00000000000000000000,2021-05-25,2021-06-02,2,20,0.0,545.6705882352941,0.0,213165.6486693139,0.0
S2,Palma,00000000000000000001,2021-05-25,2021-06-02,2,20,0.0,545.6039215686275,0.0,213165.1321457805,0.0
S2,Bananera,00000000000000000002,2021-05-25,2021-06-02,2,20,29.0,545.5333333333333,11329.910949707031,213131.89231938383,5.315915335997138
S2,Manglar,00000000000000000003,2021-05-25,2021-06-02,2,20,0.0,545.850980392157,0.0,213158.9788100297,0.0
S2,Bosque seco,00000000000000000004,2021-05-25,2021-06-02,2,20,62.02745098039216,545.3686274509803,24244.188309613393,213163.19644153066,11.373533853093361
HLS,Pastos limpios,00000000000000000000,2021-06-02,2021-06-10,4,30,0.0,243.78431372549025,0.0,214276.69850116826,0.0
HLS,Palma,00000000000000000001,2021-06-02,2021-06-10,4,30,0.0,243.80784313725482,0.0,214323.03965705412,0.0
HLS,Bananera,00000000000000000002,2021-06-02,2021-06-10,4,30,0.0,243.75686274509803,0.0,214272.54065539807,0.0
HLS,Manglar,00000000000000000003,2021-06-02,2021-06-10,4,30,241.91372549019607,241.91372549019607,212555.60338039036,212555.60338039036,100.0
HLS,Bosque seco,00000000000000000004,2021-06-02,2021-06-10,4,30,243.64705882352945,243.64705882352945,214272.15992838528,214272.15992838528,100.0
S2,Pastos limpios,00000000000000000000,2021-06-02,2021-06-10,4,20,0.0,545.6705882352941,0.0,213165.6486693139,0.0
S2,Palma,00000000000000000001,2021-06-02,2021-06-10,4,20,0.0,545.6039215686275,0.0,213165.1321457805,0.0
S2,Bananera,00000000000000000002,2021-06-02,2021-06-10,4,20,0.0,545.5333333333333,0.0,213131.89231938383,0.0
S2,Manglar,00000000000000000003,2021-06-02,2021-06-10,4,20,0.0,545.850980392157,0.0,213158.9788100297,0.0
S2,Bosque seco,00000000000000000004,2021-06-02,2021-06-10,4,20,0.0,545.3686274509803,0.0,213163.19644153066,0.0
HLS,Pastos limpios,00000000000000000000,2021-06-10,2021-06-18,7,30,199.1098039215687,243.78431372549025,175009.41043198542,214276.69850116826,81.67449454660665
HLS,Palma,00000000000000000001,2021-06-10,2021-06-18,7,30,18.533333333333335,243.80784313725482,16292.074404488358,214323.03965705412,7.601643962570652
HLS,Bananera,00000000000000000002,2021-06-10,2021-06-18,7,30,218.27450980392157,243.75686274509803,191872.56010407105,214272.54065539807,89.5460330648006
HLS,Manglar,00000000000000000003,2021-06-10,2021-06-18,7,30,241.91372549019607,241.91372549019607,212555.60338039036,212555.60338039036,100.0
HLS,Bosque seco,00000000000000000004,2021-06-10,2021-06-18,7,30,243.64705882352945,243.64705882352945,214272.15992838528,214272.15992838528,100.0
S2,Pastos limpios,00000000000000000000,2021-06-10,2021-06-18,4,20,543.8588235294118,545.6705882352941,212457.880153282,213165.6486693139,99.66797252725749
S2,Palma,00000000000000000001,2021-06-10,2021-06-18,4,20,504.17647058823536,545.6039215686275,196979.65919452737,213165.1321457805,92.4070729634225
S2,Bananera,00000000000000000002,2021-06-10,2021-06-18,4,20,545.5333333333333,545.5333333333333,213131.89231938383,213131.89231938383,100.0
S2,Manglar,00000000000000000003,2021-06-10,2021-06-18,4,20,545.850980392157,545.850980392157,213158.9788100297,213158.9788100297,100.0
S2,Bosque seco,00000000000000000004,2021-06-10,2021-06-18,4,20,545.3686274509803,545.3686274509803,213163.19644153066,213163.19644153066,100.0
HLS,Pastos limpios,00000000000000000000,2021-06-18,2021-06-26,7,30,140.42745098039217,243.78431372549025,123430.28356502752,214276.69850116826,57.60322257548437
HLS,Palma,00000000000000000001,2021-06-18,2021-06-26,7,30,0.0,243.80784313725482,0.0,214323.03965705412,0.0
HLS,Bananera,00000000000000000002,2021-06-18,2021-06-26,7,30,0.0,243.75686274509803,0.0,214272.54065539807,0.0
HLS,Manglar,00000000000000000003,2021-06-18,2021-06-26,7,30,241.91372549019607,241.91372549019607,212555.60338039036,212555.60338039036,100.0
HLS,Bosque seco,00000000000000000004,2021-06-18,2021-06-26,7,30,243.64705882352945,243.64705882352945,214272.15992838528,214272.15992838528,100.0
S2,Pastos limpios,00000000000000000000,2021-06-18,2021-06-26,2,20,0.0,545.6705882352941,0.0,213165.6486693139,0.0
S2,Palma,00000000000000000001,2021-06-18,2021-06-26,2,20,85.88235294117649,545.6039215686275,33553.84349999521,213165.1321457805,15.74077484541338
S2,Bananera,00000000000000000002,2021-06-18,2021-06-26,2,20,0.0,545.5333333333333,0.0,213131.89231938383,0.0
S2,Manglar,00000000000000000003,2021-06-18,2021-06-26,2,20,545.850980392157,545.850980392157,213158.9788100297,213158.9788100297,100.0
S2,Bosque seco,00000000000000000004,2021-06-18,2021-06-26,2,20,35.6156862745098,545.3686274509803,13920.84293188955,213163.19644153066,6.530603389458907
HLS,Pastos limpios,00000000000000000000,2021-06-26,2021-07-04,5,30,22.486274509803916,243.78431372549025,19764.442855775116,214276.69850116826,9.223794744843596
HLS,Palma,00000000000000000001,2021-06-26,2021-07-04,5,30,243.80784313725482,243.80784313725482,214323.03965705412,214323.03965705412,100.0
HLS,Bananera,00000000000000000002,2021-06-26,2021-07-04,5,30,243.75686274509803,243.75686274509803,214272.54065539807,214272.54065539807,100.0
HLS,Manglar,00000000000000000003,2021-06-26,2021-07-04,5,30,241.91372549019607,241.91372549019607,212555.60338039036,212555.60338039036,100.0
HLS,Bosque seco,00000000000000000004,2021-06-26,2021-07-04,5,30,243.64705882352945,243.64705882352945,214272.15992838528,214272.15992838528,100.0
S2,Pastos limpios,00000000000000000000,2021-06-26,2021-07-04,6,20,487.5843137254902,545.6705882352941,190474.29725042597,213165.6486693139,89.35506186829883
S2,Palma,00000000000000000001,2021-06-26,2021-07-04,6,20,545.6039215686275,545.6039215686275,213165.1321457805,213165.1321457805,100.0
S2,Bananera,00000000000000000002,2021-06-26,2021-07-04,6,20,545.5333333333333,545.5333333333333,213131.89231938383,213131.89231938383,100.0
S2,Manglar,00000000000000000003,2021-06-26,2021-07-04,6,20,545.850980392157,545.850980392157,213158.9788100297,213158.9788100297,100.0
S2,Bosque seco,00000000000000000004,2021-06-26,2021-07-04,6,20,545.3686274509803,545.3686274509803,213163.19644153066,213163.19644153066,100.0
HLS,Pastos limpios,00000000000000000000,2021-07-04,2021-07-12,6,30,226.82745098039223,243.78431372549025,199372.2561638329,214276.69850116826,93.04430092418374
HLS,Palma,00000000000000000001,2021-07-04,2021-07-12,6,30,238.55686274509796,243.80784313725482,209707.1010976753,214323.03965705412,97.84627048647455
HLS,Bananera,00000000000000000002,2021-07-04,2021-07-12,6,30,139.05882352941174,243.75686274509803,122238.4250397326,214272.54065539807,57.04810549491802
HLS,Manglar,00000000000000000003,2021-07-04,2021-07-12,6,30,241.91372549019607,241.91372549019607,212555.60338039036,212555.60338039036,100.0
HLS,Bosque seco,00000000000000000004,2021-07-04,2021-07-12,6,30,243.64705882352945,243.64705882352945,214272.15992838528,214272.15992838528,100.0
S2,Pastos limpios,00000000000000000000,2021-07-04,2021-07-12,2,20,545.6705882352941,545.6705882352941,213165.6486693139,213165.6486693139,100.0
S2,Palma,00000000000000000001,2021-07-04,2021-07-12,2,20,469.12549019607843,545.6039215686275,183285.28615734604,213165.1321457805,85.98277040543381
S2,Bananera,00000000000000000002,2021-07-04,2021-07-12,2,20,126.51764705882353,545.5333333333333,49428.68057945103,213131.89231938383,23.191592793339833
S2,Manglar,00000000000000000003,2021-07-04,2021-07-12,2,20,545.850980392157,545.850980392157,213158.9788100297,213158.9788100297,100.0
S2,Bosque seco,00000000000000000004,2021-07-04,2021-07-12,2,20,474.792156862745,545.3686274509803,185577.51507185394,213163.19644153066,87.05889110776057
HLS,Pastos limpios,00000000000000000000,2021-07-12,2021-07-20,3,30,243.48235294117652,243.78431372549025,214011.2886012659,214276.69850116826,99.8761368353354
HLS,Palma,00000000000000000001,2021-07-12,2021-07-20,3,30,243.80784313725482,243.80784313725482,214323.03965705412,214323.03965705412,100.0
HLS,Bananera,00000000000000000002,2021-07-12,2021-07-20,3,30,243.75686274509803,243.75686274509803,214272.54065539807,214272.54065539807,100.0
HLS,Manglar,00000000000000000003,2021-07-12,2021-07-20,3,30,200.96078431372547,241.91372549019607,176572.50966844754,212555.60338039036,83.0712090673294
HLS,Bosque seco,00000000000000000004,2021-07-12,2021-07-20,3,30,243.64705882352945,243.64705882352945,214272.15992838528,214272.15992838528,100.0
S2,Pastos limpios,00000000000000000000,2021-07-12,2021-07-20,4,20,545.6705882352941,545.6705882352941,213165.6486693139,213165.6486693139,100.0
S2,Palma,00000000000000000001,2021-07-12,2021-07-20,4,20,545.6039215686275,545.6039215686275,213165.1321457805,213165.1321457805,100.0
S2,Bananera,00000000000000000002,2021-07-12,2021-07-20,4,20,545.5333333333333,545.5333333333333,213131.89231938383,213131.89231938383,100.0
S2,Manglar,00000000000000000003,2021-07-12,2021-07-20,4,20,545.850980392157,545.850980392157,213158.9788100297,213158.9788100297,100.0
S2,Bosque seco,00000000000000000004,2021-07-12,2021-07-20,4,20,545.3686274509803,545.3686274509803,213163.19644153066,213163.19644153066,100.0
HLS,Pastos limpios,00000000000000000000,2021-07-20,2021-07-28,8,30,243.78431372549025,243.78431372549025,214276.69850116826,214276.69850116826,100.0
HLS,Palma,00000000000000000001,2021-07-20,2021-07-28,8,30,243.80784313725482,243.80784313725482,214323.03965705412,214323.03965705412,100.0
HLS,Bananera,00000000000000000002,2021-07-20,2021-07-28,8,30,243.75686274509803,243.75686274509803,214272.54065539807,214272.54065539807,100.0
HLS,Manglar,00000000000000000003,2021-07-20,2021-07-28,8,30,241.91372549019607,241.91372549019607,212555.60338039036,212555.60338039036,100.0
HLS,Bosque seco,00000000000000000004,2021-07-20,2021-07-28,8,30,243.64705882352945,243.64705882352945,214272.15992838528,214272.15992838528,100.0
S2,Pastos limpios,00000000000000000000,2021-07-20,2021-07-28,4,20,545.6705882352941,545.6705882352941,213165.6486693139,213165.6486693139,100.0
S2,Palma,00000000000000000001,2021-07-20,2021-07-28,4,20,545.6039215686275,545.6039215686275,213165.1321457805,213165.1321457805,100.0
S2,Bananera,00000000000000000002,2021-07-20,2021-07-28,4,20,545.5333333333333,545.5333333333333,213131.89231938383,213131.89231938383,100.0
S2,Manglar,00000000000000000003,2021-07-20,2021-07-28,4,20,545.850980392157,545.850980392157,213158.9788100297,213158.9788100297,100.0
S2,Bosque seco,00000000000000000004,2021-07-20,2021-07-28,4,20,545.3686274509803,545.3686274509803,213163.19644153066,213163.19644153066,100.0
HLS,Pastos limpios,00000000000000000000,2021-07-28,2021-08-05,5,30,243.78431372549025,243.78431372549025,214276.69850116826,214276.69850116826,100.0
HLS,Palma,00000000000000000001,2021-07-28,2021-08-05,5,30,243.80784313725482,243.80784313725482,214323.03965705412,214323.03965705412,100.0
HLS,Bananera,00000000000000000002,2021-07-28,2021-08-05,5,30,241.91764705882352,243.75686274509803,212655.78365981177,214272.54065539807,99.24546701567961
HLS,Manglar,00000000000000000003,2021-07-28,2021-08-05,5,30,241.91372549019607,241.91372549019607,212555.60338039036,212555.60338039036,100.0
HLS,Bosque seco,00000000000000000004,2021-07-28,2021-08-05,5,30,243.64705882352945,243.64705882352945,214272.15992838528,214272.15992838528,100.0
S2,Pastos limpios,00000000000000000000,2021-07-28,2021-08-05,2,20,545.6705882352941,545.6705882352941,213165.6486693139,213165.6486693139,100.0
S2,Palma,00000000000000000001,2021-07-28,2021-08-05,2,20,545.6039215686275,545.6039215686275,213165.1321457805,213165.1321457805,100.0
S2,Bananera,00000000000000000002,2021-07-28,2021-08-05,2,20,545.5333333333333,545.5333333333333,213131.89231938383,213131.89231938383,100.0
S2,Manglar,00000000000000000003,2021-07-28,2021-08-05,2,20,545.850980392157,545.850980392157,213158.9788100297,213158.9788100297,100.0
S2,Bosque seco,00000000000000000004,2021-07-28,2021-08-05,2,20,545.3686274509803,545.3686274509803,213163.19644153066,213163.19644153066,100.0
HLS,Pastos limpios,00000000000000000000,2021-08-05,2021-08-13,8,30,237.78431372549028,243.78431372549025,209002.92787128544,214276.69850116826,97.53880348783979
HLS,Palma,00000000000000000001,2021-08-05,2021-08-13,8,30,188.45882352941175,243.80784313725482,165667.5313869101,214323.03965705412,77.29805048118045
HLS,Bananera,00000000000000000002,2021-08-05,2021-08-13,8,30,99.13725490196079,243.75686274509803,87145.97631261485,214272.54065539807,40.67062258470468
HLS,Manglar,00000000000000000003,2021-08-05,2021-08-13,8,30,241.91372549019607,241.91372549019607,212555.60338039036,212555.60338039036,100.0
HLS,Bosque seco,00000000000000000004,2021-08-05,2021-08-13,8,30,243.64705882352945,243.64705882352945,214272.15992838528,214272.15992838528,100.0
S2,Pastos limpios,00000000000000000000,2021-08-05,2021-08-13,4,20,545.6705882352941,545.6705882352941,213165.6486693139,213165.6486693139,100.0
S2,Palma,00000000000000000001,2021-08-05,2021-08-13,4,20,545.6039215686275,545.6039215686275,213165.1321457805,213165.1321457805,100.0
S2,Bananera,00000000000000000002,2021-08-05,2021-08-13,4,20,436.91372549019616,545.5333333333333,170695.67127565868,213131.89231938383,80.08922053761277
S2,Manglar,00000000000000000003,2021-08-05,2021-08-13,4,20,545.850980392157,545.850980392157,213158.9788100297,213158.9788100297,100.0
S2,Bosque seco,00000000000000000004,2021-08-05,2021-08-13,4,20,545.3686274509803,545.3686274509803,213163.19644153066,213163.19644153066,100.0
HLS,Pastos limpios,00000000000000000000,2021-08-13,2021-08-21,4,30,153.91764705882355,243.78431372549025,135287.5289550782,214276.69850116826,63.13683657690879
HLS,Palma,00000000000000000001,2021-08-13,2021-08-21,4,30,17.909803921568628,243.80784313725482,15743.89595109528,214323.03965705412,7.3458719026604165
HLS,Bananera,00000000000000000002,2021-08-13,2021-08-21,4,30,0.0,243.75686274509803,0.0,214272.54065539807,0.0
HLS,Manglar,00000000000000000003,2021-08-13,2021-08-21,4,30,241.91372549019607,241.91372549019607,212555.60338039036,212555.60338039036,100.0
HLS,Bosque seco,00000000000000000004,2021-08-13,2021-08-21,4,30,221.5529411764706,243.64705882352945,194841.8451468672,214272.15992838528,90.93194618096344
S2,Pastos limpios,00000000000000000000,2021-08-13,2021-08-21,2,20,543.443137254902,545.6705882352941,212295.501400338,213165.6486693139,99.59179761166594
S2,Palma,00000000000000000001,2021-08-13,2021-08-21,2,20,460.60000000000014,545.6039215686275,179954.64135969576,213165.1321457805,84.4202987365811
S2,Bananera,00000000000000000002,2021-08-13,2021-08-21,2,20,114.03529411764708,545.5333333333333,44551.78523679249,213131.89231938383,20.90338745270016
S2,Manglar,00000000000000000003,2021-08-13,2021-08-21,2,20,545.850980392157,545.850980392157,213158.9788100297,213158.9788100297,100.0
S2,Bosque seco,00000000000000000004,2021-08-13,2021-08-21,2,20,545.3686274509803,545.3686274509803,213163.19644153066,213163.19644153066,100.0
HLS,Pastos limpios,00000000000000000000,2021-08-21,2021-08-29,6,30,0.0,243.78431372549025,0.0,214276.69850116826,0.0
HLS,Palma,00000000000000000001,2021-08-21,2021-08-29,6,30,16.04705882352941,243.80784313725482,14106.369186102174,214323.03965705412,6.581825831079232
HLS,Bananera,00000000000000000002,2021-08-21,2021-08-29,6,30,11.035294117647059,243.75686274509803,9700.441353831571,214272.54065539807,4.527150947181898
HLS,Manglar,00000000000000000003,2021-08-21,2021-08-29,6,30,196.14901960784312,241.91372549019607,172344.86827416523,212555.60338039036,81.08225120075342
HLS,Bosque seco,00000000000000000004,2021-08-21,2021-08-29,6,30,107.78823529411765,243.64705882352945,94793.23734370212,214272.15992838528,44.239642413360755
S2,Pastos limpios,00000000000000000000,2021-08-21,2021-08-29,4,20,217.41960784313724,545.6705882352941,84934.52360959521,213165.6486693139,39.84437649302258
S2,Palma,00000000000000000001,2021-08-21,2021-08-29,4,20,267.64705882352945,545.6039215686275,104568.77413377956,213165.1321457805,49.05529017863321
S2,Bananera,00000000000000000002,2021-08-21,2021-08-29,4,20,380.4352941176471,545.5333333333333,148630.28643152575,213131.89231938383,69.73629559334053
S2,Manglar,00000000000000000003,2021-08-21,2021-08-29,4,20,41.12941176470588,545.850980392157,16061.29698127298,213158.9788100297,7.534891127240311
S2,Bosque seco,00000000000000000004,2021-08-21,2021-08-29,4,20,535.9882352941175,545.3686274509803,209496.7922538009,213163.19644153066,98.28000130935575
HLS,Pastos limpios,00000000000000000000,2021-08-29,2021-09-06,4,30,0.0,243.78431372549025,0.0,214276.69850116826,0.0
HLS,Palma,00000000000000000001,2021-08-29,2021-09-06,4,30,0.0,243.80784313725482,0.0,214323.03965705412,0.0
HLS,Bananera,00000000000000000002,2021-08-29,2021-09-06,4,30,0.0,243.75686274509803,0.0,214272.54065539807,0.0
HLS,Manglar,00000000000000000003,2021-08-29,2021-09-06,4,30,0.0,241.91372549019607,0.0,212555.60338039036,0.0
HLS,Bosque seco,00000000000000000004,2021-08-29,2021-09-06,4,30,0.0,243.64705882352945,0.0,214272.15992838528,0.0
S2,Pastos limpios,00000000000000000000,2021-08-29,2021-09-06,4,20,0.0,545.6705882352941,0.0,213165.6486693139,0.0
S2,Palma,00000000000000000001,2021-08-29,2021-09-06,4,20,0.0,545.6039215686275,0.0,213165.1321457805,0.0
S2,Bananera,00000000000000000002,2021-08-29,2021-09-06,4,20,0.0,545.5333333333333,0.0,213131.89231938383,0.0
S2,Manglar,00000000000000000003,2021-08-29,2021-09-06,4,20,0.0,545.850980392157,0.0,213158.9788100297,0.0
S2,Bosque seco,00000000000000000004,2021-08-29,2021-09-06,4,20,0.0,545.3686274509803,0.0,213163.19644153066,0.0
HLS,Pastos limpios,00000000000000000000,2021-09-06,2021-09-14,8,30,0.0,243.78431372549025,0.0,214276.69850116826,0.0
HLS,Palma,00000000000000000001,2021-09-06,2021-09-14,8,30,0.0,243.80784313725482,0.0,214323.03965705412,0.0
HLS,Bananera,00000000000000000002,2021-09-06,2021-09-14,8,30,0.0,243.75686274509803,0.0,214272.54065539807,0.0
HLS,Manglar,00000000000000000003,2021-09-06,2021-09-14,8,30,241.91372549019607,241.91372549019607,212555.60338039036,212555.60338039036,100.0
HLS,Bosque seco,00000000000000000004,2021-09-06,2021-09-14,8,30,0.0,243.64705882352945,0.0,214272.15992838528,0.0
S2,Pastos limpios,00000000000000000000,2021-09-06,2021-09-14,2,20,86.92941176470589,545.6705882352941,33958.853864722165,213165.6486693139,15.930734654814335
S2,Palma,00000000000000000001,2021-09-06,2021-09-14,2,20,67.03137254901961,545.6039215686275,26188.77592187022,213165.1321457805,12.28567526886156
S2,Bananera,00000000000000000002,2021-09-06,2021-09-14,2,20,41.85490196078433,545.5333333333333,16352.06615325329,213131.89231938383,7.672275592030724
S2,Manglar,00000000000000000003,2021-09-06,2021-09-14,2,20,545.850980392157,545.850980392157,213158.9788100297,213158.9788100297,100.0
S2,Bosque seco,00000000000000000004,2021-09-06,2021-09-14,2,20,2.3058823529411767,545.3686274509803,901.2733788583793,213163.19644153066,0.42280909364464
HLS,Pastos limpios,00000000000000000000,2021-09-14,2021-09-22,6,30,0.0,243.78431372549025,0.0,214276.69850116826,0.0
HLS,Palma,00000000000000000001,2021-09-14,2021-09-22,6,30,0.0,243.80784313725482,0.0,214323.03965705412,0.0
HLS,Bananera,00000000000000000002,2021-09-14,2021-09-22,6,30,0.0,243.75686274509803,0.0,214272.54065539807,0.0
HLS,Manglar,00000000000000000003,2021-09-14,2021-09-22,6,30,241.91372549019607,241.91372549019607,212555.60338039036,212555.60338039036,100.0
HLS,Bosque seco,00000000000000000004,2021-09-14,2021-09-22,6,30,0.0,243.64705882352945,0.0,214272.15992838528,0.0
S2,Pastos limpios,00000000000000000000,2021-09-14,2021-09-22,4,20,337.69803921568626,545.6705882352941,131921.16003645357,213165.6486693139,61.886688056903694
S2,Palma,00000000000000000001,2021-09-14,2021-09-22,4,20,0.0,545.6039215686275,0.0,213165.1321457805,0.0
S2,Bananera,00000000000000000002,2021-09-14,2021-09-22,4,20,423.95294117647074,545.5333333333333,165631.98230722462,213131.89231938383,77.71337292826203
S2,Manglar,00000000000000000003,2021-09-14,2021-09-22,4,20,545.850980392157,545.850980392157,213158.9788100297,213158.9788100297,100.0
S2,Bosque seco,00000000000000000004,2021-09-14,2021-09-22,4,20,545.3686274509803,545.3686274509803,213163.19644153066,213163.19644153066,100.0
HLS,Pastos limpios,00000000000000000000,2021-09-22,2021-09-30,5,30,239.78431372549028,243.78431372549025,210760.84986835576,214276.69850116826,98.35920160362498
HLS,Palma,00000000000000000001,2021-09-22,2021-09-30,5,30,210.70588235294113,243.80784313725482,185224.36965332026,214323.03965705412,86.42298557808078
HLS,Bananera,00000000000000000002,2021-09-22,2021-09-30,5,30,26.533333333333335,243.75686274509803,23323.9531312232,214272.54065539807,10.885180648851195
HLS,Manglar,00000000000000000003,2021-09-22,2021-09-30,5,30,241.91372549019607,241.91372549019607,212555.60338039036,212555.60338039036,100.0
HLS,Bosque seco,00000000000000000004,2021-09-22,2021-09-30,5,30,243.64705882352945,243.64705882352945,214272.15992838528,214272.15992838528,100.0
S2,Pastos limpios,00000000000000000000,2021-09-22,2021-09-30,2,20,545.6705882352941,545.6705882352941,213165.6486693139,213165.6486693139,100.0
S2,Palma,00000000000000000001,2021-09-22,2021-09-30,2,20,529.6039215686276,545.6039215686275,206913.98404397385,213165.1321457805,97.0674621881727
S2,Bananera,00000000000000000002,2021-09-22,2021-09-30,2,20,366.75294117647064,545.5333333333333,143284.9901583802,213131.89231938383,67.22831979723796
S2,Manglar,00000000000000000003,2021-09-22,2021-09-30,2,20,545.850980392157,545.850980392157,213158.9788100297,213158.9788100297,100.0
S2,Bosque seco,00000000000000000004,2021-09-22,2021-09-30,2,20,545.3686274509803,545.3686274509803,213163.19644153066,213163.19644153066,100.0
HLS,Pastos limpios,00000000000000000000,2021-09-30,2021-10-08,6,30,0.0,243.78431372549025,0.0,214276.69850116826,0.0
HLS,Palma,00000000000000000001,2021-09-30,2021-10-08,6,30,161.26274509803915,243.80784313725482,141760.22687294136,214323.03965705412,66.1432513740832
HLS,Bananera,00000000000000000002,2021-09-30,2021-10-08,6,30,0.0,243.75686274509803,0.0,214272.54065539807,0.0
HLS,Manglar,00000000000000000003,2021-09-30,2021-10-08,6,30,58.67843137254903,241.91372549019607,51557.602019186575,212555.60338039036,24.25605403914894
HLS,Bosque seco,00000000000000000004,2021-09-30,2021-10-08,6,30,243.49411764705889,243.64705882352945,214137.65702239383,214272.15992838528,99.9372280066452
S2,Pastos limpios,00000000000000000000,2021-09-30,2021-10-08,4,20,0.0,545.6705882352941,0.0,213165.6486693139,0.0
S2,Palma,00000000000000000001,2021-09-30,2021-10-08,4,20,545.6039215686275,545.6039215686275,213165.1321457805,213165.1321457805,100.0
S2,Bananera,00000000000000000002,2021-09-30,2021-10-08,4,20,283.843137254902,545.5333333333333,110893.06437246288,213131.89231938383,52.03025373897899
S2,Manglar,00000000000000000003,2021-09-30,2021-10-08,4,20,432.3686274509805,545.850980392157,168843.44116486187,213158.9788100297,79.21010041774386
S2,Bosque seco,00000000000000000004,2021-09-30,2021-10-08,4,20,545.3686274509803,545.3686274509803,213163.19644153066,213163.19644153066,100.0
HLS,Pastos limpios,00000000000000000000,2021-10-08,2021-10-16,10,30,0.0,243.78431372549025,0.0,214276.69850116826,0.0
HLS,Palma,00000000000000000001,2021-10-08,2021-10-16,10,30,0.0,243.80784313725482,0.0,214323.03965705412,0.0
HLS,Bananera,00000000000000000002,2021-10-08,2021-10-16,10,30,83.10588235294117,243.75686274509803,73053.80134037991,214272.54065539807,34.09386994569129
HLS,Manglar,00000000000000000003,2021-10-08,2021-10-16,10,30,0.0,241.91372549019607,0.0,212555.60338039036,0.0
HLS,Bosque seco,00000000000000000004,2021-10-08,2021-10-16,10,30,0.0,243.64705882352945,0.0,214272.15992838528,0.0
S2,Pastos limpios,00000000000000000000,2021-10-08,2021-10-16,4,20,0.0,545.6705882352941,0.0,213165.6486693139,0.0
S2,Palma,00000000000000000001,2021-10-08,2021-10-16,4,20,155.80784313725493,545.6039215686275,60873.57223750095,213165.1321457805,28.557002556999056
S2,Bananera,00000000000000000002,2021-10-08,2021-10-16,4,20,538.6470588235294,545.5333333333333,210441.5424438477,213131.89231938383,98.73770656927093
S2,Manglar,00000000000000000003,2021-10-08,2021-10-16,4,20,0.0,545.850980392157,0.0,213158.9788100297,0.0
S2,Bosque seco,00000000000000000004,2021-10-08,2021-10-16,4,20,53.27058823529412,545.3686274509803,20821.44906173407,213163.19644153066,9.767844266421134
HLS,Pastos limpios,00000000000000000000,2021-10-16,2021-10-24,6,30,54.86274509803923,243.78431372549025,48222.35230545343,214276.69850116826,22.504711264809092
HLS,Palma,00000000000000000001,2021-10-16,2021-10-24,6,30,0.0,243.80784313725482,0.0,214323.03965705412,0.0
HLS,Bananera,00000000000000000002,2021-10-16,2021-10-24,6,30,0.0,243.75686274509803,0.0,214272.54065539807,0.0
HLS,Manglar,00000000000000000003,2021-10-16,2021-10-24,6,30,0.0,241.91372549019607,0.0,212555.60338039036,0.0
HLS,Bosque seco,00000000000000000004,2021-10-16,2021-10-24,6,30,0.0,243.64705882352945,0.0,214272.15992838528,0.0
S2,Pastos limpios,00000000000000000000,2021-10-16,2021-10-24,2,20,389.7529411764706,545.6705882352941,152256.73689371746,213165.6486693139,71.42648820022353
S2,Palma,00000000000000000001,2021-10-16,2021-10-24,2,20,0.0,545.6039215686275,0.0,213165.1321457805,0.0
S2,Bananera,00000000000000000002,2021-10-16,2021-10-24,2,20,0.0,545.5333333333333,0.0,213131.89231938383,0.0
S2,Manglar,00000000000000000003,2021-10-16,2021-10-24,2,20,0.0,545.850980392157,0.0,213158.9788100297,0.0
S2,Bosque seco,00000000000000000004,2021-10-16,2021-10-24,2,20,0.0,545.3686274509803,0.0,213163.19644153066,0.0
HLS,Pastos limpios,00000000000000000000,2021-10-24,2021-11-01,6,30,243.78431372549025,243.78431372549025,214276.69850116826,214276.69850116826,100.0
HLS,Palma,00000000000000000001,2021-10-24,2021-11-01,6,30,243.80784313725482,243.80784313725482,214323.03965705412,214323.03965705412,100.0
HLS,Bananera,00000000000000000002,2021-10-24,2021-11-01,6,30,243.75686274509803,243.75686274509803,214272.54065539807,214272.54065539807,100.0
HLS,Manglar,00000000000000000003,2021-10-24,2021-11-01,6,30,241.91372549019607,241.91372549019607,212555.60338039036,212555.60338039036,100.0
HLS,Bosque seco,00000000000000000004,2021-10-24,2021-11-01,6,30,243.64705882352945,243.64705882352945,214272.15992838528,214272.15992838528,100.0
S2,Pastos limpios,00000000000000000000,2021-10-24,2021-11-01,4,20,463.1372549019607,545.6705882352941,180923.92608798153,213165.6486693139,84.87480380511529
S2,Palma,00000000000000000001,2021-10-24,2021-11-01,4,20,11.035294117647059,545.6039215686275,4311.451141836129,213165.1321457805,2.022587417761921
S2,Bananera,00000000000000000002,2021-10-24,2021-11-01,4,20,0.0,545.5333333333333,0.0,213131.89231938383,0.0
S2,Manglar,00000000000000000003,2021-10-24,2021-11-01,4,20,545.850980392157,545.850980392157,213158.9788100297,213158.9788100297,100.0
S2,Bosque seco,00000000000000000004,2021-10-24,2021-11-01,4,20,545.3686274509803,545.3686274509803,213163.19644153066,213163.19644153066,100.0
HLS,Pastos limpios,00000000000000000000,2021-11-01,2021-11-09,6,30,0.22745098039215686,243.78431372549025,199.92174862132353,214276.69850116826,0.09330074152707442
HLS,Palma,00000000000000000001,2021-11-01,2021-11-09,6,30,0.0,243.80784313725482,0.0,214323.03965705412,0.0
HLS,Bananera,00000000000000000002,2021-11-01,2021-11-09,6,30,0.0,243.75686274509803,0.0,214272.54065539807,0.0
HLS,Manglar,00000000000000000003,2021-11-01,2021-11-09,6,30,0.0,241.91372549019607,0.0,212555.60338039036,0.0
HLS,Bosque seco,00000000000000000004,2021-11-01,2021-11-09,6,30,0.0,243.64705882352945,0.0,214272.15992838528,0.0
S2,Pastos limpios,00000000000000000000,2021-11-01,2021-11-09,2,20,183.8392156862745,545.6705882352941,71816.85459211761,213165.6486693139,33.690632163500155
S2,Palma,00000000000000000001,2021-11-01,2021-11-09,2,20,0.0,545.6039215686275,0.0,213165.1321457805,0.0
S2,Bananera,00000000000000000002,2021-11-01,2021-11-09,2,20,0.0,545.5333333333333,0.0,213131.89231938383,0.0
S2,Manglar,00000000000000000003,2021-11-01,2021-11-09,2,20,0.0,545.850980392157,0.0,213158.9788100297,0.0
S2,Bosque seco,00000000000000000004,2021-11-01,2021-11-09,2,20,0.0,545.3686274509803,0.0,213163.19644153066,0.0
HLS,Pastos limpios,00000000000000000000,2021-11-09,2021-11-17,8,30,239.51764705882354,243.78431372549025,210526.4887877223,214276.69850116826,98.24982849760237
HLS,Palma,00000000000000000001,2021-11-09,2021-11-17,8,30,52.75686274509805,243.80784313725482,46376.95264868643,214323.03965705412,21.63880874538539
HLS,Bananera,00000000000000000002,2021-11-09,2021-11-17,8,30,0.0,243.75686274509803,0.0,214272.54065539807,0.0
HLS,Manglar,00000000000000000003,2021-11-09,2021-11-17,8,30,241.91372549019607,241.91372549019607,212555.60338039036,212555.60338039036,100.0
HLS,Bosque seco,00000000000000000004,2021-11-09,2021-11-17,8,30,0.0,243.64705882352945,0.0,214272.15992838528,0.0
S2,Pastos limpios,00000000000000000000,2021-11-09,2021-11-17,4,20,545.6705882352941,545.6705882352941,213165.6486693139,213165.6486693139,100.0
S2,Palma,00000000000000000001,2021-11-09,2021-11-17,4,20,545.6039215686275,545.6039215686275,213165.1321457805,213165.1321457805,100.0
S2,Bananera,00000000000000000002,2021-11-09,2021-11-17,4,20,545.5333333333333,545.5333333333333,213131.89231938383,213131.89231938383,100.0
S2,Manglar,00000000000000000003,2021-11-09,2021-11-17,4,20,545.850980392157,545.850980392157,213158.9788100297,213158.9788100297,100.0
S2,Bosque seco,00000000000000000004,2021-11-09,2021-11-17,4,20,523.2392156862744,545.3686274509803,204513.72713718785,213163.19644153066,95.94232520025318
HLS,Pastos limpios,00000000000000000000,2021-11-17,2021-11-25,9,30,243.78431372549025,243.78431372549025,214276.69850116826,214276.69850116826,100.0
HLS,Palma,00000000000000000001,2021-11-17,2021-11-25,9,30,243.80784313725482,243.80784313725482,214323.03965705412,214323.03965705412,100.0
HLS,Bananera,00000000000000000002,2021-11-17,2021-11-25,9,30,243.75686274509803,243.75686274509803,214272.54065539807,214272.54065539807,100.0
HLS,Manglar,00000000000000000003,2021-11-17,2021-11-25,9,30,241.91372549019607,241.91372549019607,212555.60338039036,212555.60338039036,100.0
HLS,Bosque seco,00000000000000000004,2021-11-17,2021-11-25,9,30,185.27843137254908,243.64705882352945,162940.4173691692,214272.15992838528,76.0436714800596
S2,Pastos limpios,00000000000000000000,2021-11-17,2021-11-25,4,20,545.6705882352941,545.6705882352941,213165.6486693139,213165.6486693139,100.0
S2,Palma,00000000000000000001,2021-11-17,2021-11-25,4,20,545.6039215686275,545.6039215686275,213165.1321457805,213165.1321457805,100.0
S2,Bananera,00000000000000000002,2021-11-17,2021-11-25,4,20,545.5333333333333,545.5333333333333,213131.89231938383,213131.89231938383,100.0
S2,Manglar,00000000000000000003,2021-11-17,2021-11-25,4,20,545.850980392157,545.850980392157,213158.9788100297,213158.9788100297,100.0
S2,Bosque seco,00000000000000000004,2021-11-17,2021-11-25,4,20,545.3686274509803,545.3686274509803,213163.19644153066,213163.19644153066,100.0
HLS,Pastos limpios,00000000000000000000,2021-11-25,2021-12-03,8,30,243.78431372549025,243.78431372549025,214276.69850116826,214276.69850116826,100.0
HLS,Palma,00000000000000000001,2021-11-25,2021-12-03,8,30,243.80784313725482,243.80784313725482,214323.03965705412,214323.03965705412,100.0
HLS,Bananera,00000000000000000002,2021-11-25,2021-12-03,8,30,243.75686274509803,243.75686274509803,214272.54065539807,214272.54065539807,100.0
HLS,Manglar,00000000000000000003,2021-11-25,2021-12-03,8,30,241.91372549019607,241.91372549019607,212555.60338039036,212555.60338039036,100.0
HLS,Bosque seco,00000000000000000004,2021-11-25,2021-12-03,8,30,243.64705882352945,243.64705882352945,214272.15992838528,214272.15992838528,100.0
S2,Pastos limpios,00000000000000000000,2021-11-25,2021-12-03,2,20,545.6705882352941,545.6705882352941,213165.6486693139,213165.6486693139,100.0
S2,Palma,00000000000000000001,2021-11-25,2021-12-03,2,20,545.6039215686275,545.6039215686275,213165.1321457805,213165.1321457805,100.0
S2,Bananera,00000000000000000002,2021-11-25,2021-12-03,2,20,545.5333333333333,545.5333333333333,213131.89231938383,213131.89231938383,100.0
S2,Manglar,00000000000000000003,2021-11-25,2021-12-03,2,20,545.850980392157,545.850980392157,213158.9788100297,213158.9788100297,100.0
S2,Bosque seco,00000000000000000004,2021-11-25,2021-12-03,2,20,545.3686274509803,545.3686274509803,213163.19644153066,213163.19644153066,100.0
HLS,Pastos limpios,00000000000000000000,2021-12-03,2021-12-11,7,30,243.78431372549025,243.78431372549025,214276.69850116826,214276.69850116826,100.0
HLS,Palma,00000000000000000001,2021-12-03,2021-12-11,7,30,243.80784313725482,243.80784313725482,214323.03965705412,214323.03965705412,100.0
HLS,Bananera,00000000000000000002,2021-12-03,2021-12-11,7,30,243.75686274509803,243.75686274509803,214272.54065539807,214272.54065539807,100.0
HLS,Manglar,00000000000000000003,2021-12-03,2021-12-11,7,30,241.91372549019607,241.91372549019607,212555.60338039036,212555.60338039036,100.0
HLS,Bosque seco,00000000000000000004,2021-12-03,2021-12-11,7,30,243.64705882352945,243.64705882352945,214272.15992838528,214272.15992838528,100.0
S2,Pastos limpios,00000000000000000000,2021-12-03,2021-12-11,4,20,545.6705882352941,545.6705882352941,213165.6486693139,213165.6486693139,100.0
S2,Palma,00000000000000000001,2021-12-03,2021-12-11,4,20,545.6039215686275,545.6039215686275,213165.1321457805,213165.1321457805,100.0
S2,Bananera,00000000000000000002,2021-12-03,2021-12-11,4,20,545.5333333333333,545.5333333333333,213131.89231938383,213131.89231938383,100.0
S2,Manglar,00000000000000000003,2021-12-03,2021-12-11,4,20,545.850980392157,545.850980392157,213158.9788100297,213158.9788100297,100.0
S2,Bosque seco,00000000000000000004,2021-12-03,2021-12-11,4,20,545.3686274509803,545.3686274509803,213163.19644153066,213163.19644153066,100.0
HLS,Pastos limpios,00000000000000000000,2021-12-11,2021-12-19,8,30,243.78431372549025,243.78431372549025,214276.69850116826,214276.69850116826,100.0
HLS,Palma,00000000000000000001,2021-12-11,2021-12-19,8,30,243.80784313725482,243.80784313725482,214323.03965705412,214323.03965705412,100.0
HLS,Bananera,00000000000000000002,2021-12-11,2021-12-19,8,30,243.75686274509803,243.75686274509803,214272.54065539807,214272.54065539807,100.0
HLS,Manglar,00000000000000000003,2021-12-11,2021-12-19,8,30,241.91372549019607,241.91372549019607,212555.60338039036,212555.60338039036,100.0
HLS,Bosque seco,00000000000000000004,2021-12-11,2021-12-19,8,30,243.64705882352945,243.64705882352945,214272.15992838528,214272.15992838528,100.0
S2,Pastos limpios,00000000000000000000,2021-12-11,2021-12-19,2,20,545.6705882352941,545.6705882352941,213165.6486693139,213165.6486693139,100.0
S2,Palma,00000000000000000001,2021-12-11,2021-12-19,2,20,545.6039215686275,545.6039215686275,213165.1321457805,213165.1321457805,100.0
S2,Bananera,00000000000000000002,2021-12-11,2021-12-19,2,20,545.5333333333333,545.5333333333333,213131.89231938383,213131.89231938383,100.0
S2,Manglar,00000000000000000003,2021-12-11,2021-12-19,2,20,545.850980392157,545.850980392157,213158.9788100297,213158.9788100297,100.0
S2,Bosque seco,00000000000000000004,2021-12-11,2021-12-19,2,20,545.3686274509803,545.3686274509803,213163.19644153066,213163.19644153066,100.0
HLS,Pastos limpios,00000000000000000000,2021-12-19,2021-12-27,8,30,243.78431372549025,243.78431372549025,214276.69850116826,214276.69850116826,100.0
HLS,Palma,00000000000000000001,2021-12-19,2021-12-27,8,30,243.80784313725482,243.80784313725482,214323.03965705412,214323.03965705412,100.0
HLS,Bananera,00000000000000000002,2021-12-19,2021-12-27,8,30,243.75686274509803,243.75686274509803,214272.54065539807,214272.54065539807,100.0
HLS,Manglar,00000000000000000003,2021-12-19,2021-12-27,8,30,241.91372549019607,241.91372549019607,212555.60338039036,212555.60338039036,100.0
HLS,Bosque seco,00000000000000000004,2021-12-19,2021-12-27,8,30,243.64705882352945,243.64705882352945,214272.15992838528,214272.15992838528,100.0
S2,Pastos limpios,00000000000000000000,2021-12-19,2021-12-27,4,20,545.6705882352941,545.6705882352941,213165.6486693139,213165.6486693139,100.0
S2,Palma,00000000000000000001,2021-12-19,2021-12-27,4,20,545.6039215686275,545.6039215686275,213165.1321457805,213165.1321457805,100.0
S2,Bananera,00000000000000000002,2021-12-19,2021-12-27,4,20,545.5333333333333,545.5333333333333,213131.89231938383,213131.89231938383,100.0
S2,Manglar,00000000000000000003,2021-12-19,2021-12-27,4,20,545.850980392157,545.850980392157,213158.9788100297,213158.9788100297,100.0
S2,Bosque seco,00000000000000000004,2021-12-19,2021-12-27,4,20,545.3686274509803,545.3686274509803,213163.19644153066,213163.19644153066,100.0
HLS,Pastos limpios,00000000000000000000,2021-12-27,2022-01-01,6,30,243.78431372549025,243.78431372549025,214276.69850116826,214276.69850116826,100.0
HLS,Palma,00000000000000000001,2021-12-27,2022-01-01,6,30,243.80784313725482,243.80784313725482,214323.03965705412,214323.03965705412,100.0
HLS,Bananera,00000000000000000002,2021-12-27,2022-01-01,6,30,243.75686274509803,243.75686274509803,214272.54065539807,214272.54065539807,100.0
HLS,Manglar,00000000000000000003,2021-12-27,2022-01-01,6,30,241.91372549019607,241.91372549019607,212555.60338039036,212555.60338039036,100.0
HLS,Bosque seco,00000000000000000004,2021-12-27,2022-01-01,6,30,243.64705882352945,243.64705882352945,214272.15992838528,214272.15992838528,100.0
S2,Pastos limpios,00000000000000000000,2021-12-27,2022-01-01,2,20,545.6705882352941,545.6705882352941,213165.6486693139,213165.6486693139,100.0
S2,Palma,00000000000000000001,2021-12-27,2022-01-01,2,20,545.6039215686275,545.6039215686275,213165.1321457805,213165.1321457805,100.0
S2,Bananera,00000000000000000002,2021-12-27,2022-01-01,2,20,545.5333333333333,545.5333333333333,213131.89231938383,213131.89231938383,100.0
S2,Manglar,00000000000000000003,2021-12-27,2022-01-01,2,20,545.850980392157,545.850980392157,213158.9788100297,213158.9788100297,100.0
S2,Bosque seco,00000000000000000004,2021-12-27,2022-01-01,2,20,545.3686274509803,545.3686274509803,213163.19644153066,213163.19644153066,100.0
HLS,Pastos limpios,00000000000000000000,2022-01-01,2022-01-09,8,30,243.78431372549025,243.78431372549025,214276.69850116826,214276.69850116826,100.0
HLS,Palma,00000000000000000001,2022-01-01,2022-01-09,8,30,243.80784313725482,243.80784313725482,214323.03965705412,214323.03965705412,100.0
HLS,Bananera,00000000000000000002,2022-01-01,2022-01-09,8,30,243.75686274509803,243.75686274509803,214272.54065539807,214272.54065539807,100.0
HLS,Manglar,00000000000000000003,2022-01-01,2022-01-09,8,30,241.91372549019607,241.91372549019607,212555.60338039036,212555.60338039036,100.0
HLS,Bosque seco,00000000000000000004,2022-01-01,2022-01-09,8,30,243.64705882352945,243.64705882352945,214272.15992838528,214272.15992838528,100.0
S2,Pastos limpios,00000000000000000000,2022-01-01,2022-01-09,2,20,545.6705882352941,545.6705882352941,213165.6486693139,213165.6486693139,100.0
S2,Palma,00000000000000000001,2022-01-01,2022-01-09,2,20,545.6039215686275,545.6039215686275,213165.1321457805,213165.1321457805,100.0
S2,Bananera,00000000000000000002,2022-01-01,2022-01-09,2,20,545.5333333333333,545.5333333333333,213131.89231938383,213131.89231938383,100.0
S2,Manglar,00000000000000000003,2022-01-01,2022-01-09,2,20,545.850980392157,545.850980392157,213158.9788100297,213158.9788100297,100.0
S2,Bosque seco,00000000000000000004,2022-01-01,2022-01-09,2,20,545.3686274509803,545.3686274509803,213163.19644153066,213163.19644153066,100.0
HLS,Pastos limpios,00000000000000000000,2022-01-09,2022-01-17,7,30,243.78431372549025,243.78431372549025,214276.69850116826,214276.69850116826,100.0
HLS,Palma,00000000000000000001,2022-01-09,2022-01-17,7,30,188.44705882352937,243.80784313725482,165657.04445393867,214323.03965705412,77.29315743142332
HLS,Bananera,00000000000000000002,2022-01-09,2022-01-17,7,30,33.13725490196079,243.75686274509803,29129.136287195546,214272.54065539807,13.594432678166738
HLS,Manglar,00000000000000000003,2022-01-09,2022-01-17,7,30,226.2705882352941,241.91372549019607,198810.84667801214,212555.60338039036,93.53357122381736
HLS,Bosque seco,00000000000000000004,2022-01-09,2022-01-17,7,30,243.64705882352945,243.64705882352945,214272.15992838528,214272.15992838528,100.0
S2,Pastos limpios,00000000000000000000,2022-01-09,2022-01-17,2,20,545.6705882352941,545.6705882352941,213165.6486693139,213165.6486693139,100.0
S2,Palma,00000000000000000001,2022-01-09,2022-01-17,2,20,523.6039215686276,545.6039215686275,204569.79724587814,213165.1321457805,95.96775757208542
S2,Bananera,00000000000000000002,2022-01-09,2022-01-17,2,20,458.1176470588235,545.5333333333333,178979.80704896213,213131.89231938383,83.97607936627153
S2,Manglar,00000000000000000003,2022-01-09,2022-01-17,2,20,545.850980392157,545.850980392157,213158.9788100297,213158.9788100297,100.0
S2,Bosque seco,00000000000000000004,2022-01-09,2022-01-17,2,20,545.3686274509803,545.3686274509803,213163.19644153066,213163.19644153066,100.0
HLS,Pastos limpios,00000000000000000000,2022-01-17,2022-01-25,8,30,243.78431372549025,243.78431372549025,214276.69850116826,214276.69850116826,100.0
HLS,Palma,00000000000000000001,2022-01-17,2022-01-25,8,30,243.80784313725482,243.80784313725482,214323.03965705412,214323.03965705412,100.0
HLS,Bananera,00000000000000000002,2022-01-17,2022-01-25,8,30,243.75686274509803,243.75686274509803,214272.54065539807,214272.54065539807,100.0
HLS,Manglar,00000000000000000003,2022-01-17,2022-01-25,8,30,241.91372549019607,241.91372549019607,212555.60338039036,212555.60338039036,100.0
HLS,Bosque seco,00000000000000000004,2022-01-17,2022-01-25,8,30,243.64705882352945,243.64705882352945,214272.15992838528,214272.15992838528,100.0
S2,Pastos limpios,00000000000000000000,2022-01-17,2022-01-25,4,20,545.6705882352941,545.6705882352941,213165.6486693139,213165.6486693139,100.0
S2,Palma,00000000000000000001,2022-01-17,2022-01-25,4,20,545.6039215686275,545.6039215686275,213165.1321457805,213165.1321457805,100.0
S2,Bananera,00000000000000000002,2022-01-17,2022-01-25,4,20,545.5333333333333,545.5333333333333,213131.89231938383,213131.89231938383,100.0
S2,Manglar,00000000000000000003,2022-01-17,2022-01-25,4,20,545.850980392157,545.850980392157,213158.9788100297,213158.9788100297,100.0
S2,Bosque seco,00000000000000000004,2022-01-17,2022-01-25,4,20,545.3686274509803,545.3686274509803,213163.19644153066,213163.19644153066,100.0
HLS,Pastos limpios,00000000000000000000,2022-01-25,2022-02-02,8,30,243.78431372549025,243.78431372549025,214276.69850116826,214276.69850116826,100.0
HLS,Palma,00000000000000000001,2022-01-25,2022-02-02,8,30,243.80784313725482,243.80784313725482,214323.03965705412,214323.03965705412,100.0
HLS,Bananera,00000000000000000002,2022-01-25,2022-02-02,8,30,243.75686274509803,243.75686274509803,214272.54065539807,214272.54065539807,100.0
HLS,Manglar,00000000000000000003,2022-01-25,2022-02-02,8,30,241.91372549019607,241.91372549019607,212555.60338039036,212555.60338039036,100.0
HLS,Bosque seco,00000000000000000004,2022-01-25,2022-02-02,8,30,243.64705882352945,243.64705882352945,214272.15992838528,214272.15992838528,100.0
S2,Pastos limpios,00000000000000000000,2022-01-25,2022-02-02,2,20,545.6705882352941,545.6705882352941,213165.6486693139,213165.6486693139,100.0
S2,Palma,00000000000000000001,2022-01-25,2022-02-02,2,20,545.6039215686275,545.6039215686275,213165.1321457805,213165.1321457805,100.0
S2,Bananera,00000000000000000002,2022-01-25,2022-02-02,2,20,545.5333333333333,545.5333333333333,213131.89231938383,213131.89231938383,100.0
S2,Manglar,00000000000000000003,2022-01-25,2022-02-02,2,20,545.850980392157,545.850980392157,213158.9788100297,213158.9788100297,100.0
S2,Bosque seco,00000000000000000004,2022-01-25,2022-02-02,2,20,545.3686274509803,545.3686274509803,213163.19644153066,213163.19644153066,100.0
HLS,Pastos limpios,00000000000000000000,2022-02-02,2022-02-10,8,30,243.78431372549025,243.78431372549025,214276.69850116826,214276.69850116826,100.0
HLS,Palma,00000000000000000001,2022-02-02,2022-02-10,8,30,243.80784313725482,243.80784313725482,214323.03965705412,214323.03965705412,100.0
HLS,Bananera,00000000000000000002,2022-02-02,2022-02-10,8,30,243.75686274509803,243.75686274509803,214272.54065539807,214272.54065539807,100.0
HLS,Manglar,00000000000000000003,2022-02-02,2022-02-10,8,30,241.91372549019607,241.91372549019607,212555.60338039036,212555.60338039036,100.0
HLS,Bosque seco,00000000000000000004,2022-02-02,2022-02-10,8,30,243.64705882352945,243.64705882352945,214272.15992838528,214272.15992838528,100.0
S2,Pastos limpios,00000000000000000000,2022-02-02,2022-02-10,4,20,545.6705882352941,545.6705882352941,213165.6486693139,213165.6486693139,100.0
S2,Palma,00000000000000000001,2022-02-02,2022-02-10,4,20,545.6039215686275,545.6039215686275,213165.1321457805,213165.1321457805,100.0
S2,Bananera,00000000000000000002,2022-02-02,2022-02-10,4,20,545.5333333333333,545.5333333333333,213131.89231938383,213131.89231938383,100.0
S2,Manglar,00000000000000000003,2022-02-02,2022-02-10,4,20,545.850980392157,545.850980392157,213158.9788100297,213158.9788100297,100.0
S2,Bosque seco,00000000000000000004,2022-02-02,2022-02-10,4,20,545.3686274509803,545.3686274509803,213163.19644153066,213163.19644153066,100.0
HLS,Pastos limpios,00000000000000000000,2022-02-10,2022-02-18,10,30,243.78431372549025,243.78431372549025,214276.69850116826,214276.69850116826,100.0
HLS,Palma,00000000000000000001,2022-02-10,2022-02-18,10,30,243.80784313725482,243.80784313725482,214323.03965705412,214323.03965705412,100.0
HLS,Bananera,00000000000000000002,2022-02-10,2022-02-18,10,30,243.75686274509803,243.75686274509803,214272.54065539807,214272.54065539807,100.0
HLS,Manglar,00000000000000000003,2022-02-10,2022-02-18,10,30,241.91372549019607,241.91372549019607,212555.60338039036,212555.60338039036,100.0
HLS,Bosque seco,00000000000000000004,2022-02-10,2022-02-18,10,30,243.64705882352945,243.64705882352945,214272.15992838528,214272.15992838528,100.0
S2,Pastos limpios,00000000000000000000,2022-02-10,2022-02-18,4,20,545.6705882352941,545.6705882352941,213165.6486693139,213165.6486693139,100.0
S2,Palma,00000000000000000001,2022-02-10,2022-02-18,4,20,545.6039215686275,545.6039215686275,213165.1321457805,213165.1321457805,100.0
S2,Bananera,00000000000000000002,2022-02-10,2022-02-18,4,20,545.5333333333333,545.5333333333333,213131.89231938383,213131.89231938383,100.0
S2,Manglar,00000000000000000003,2022-02-10,2022-02-18,4,20,545.850980392157,545.850980392157,213158.9788100297,213158.9788100297,100.0
S2,Bosque seco,00000000000000000004,2022-02-10,2022-02-18,4,20,545.3686274509803,545.3686274509803,213163.19644153066,213163.19644153066,100.0
HLS,Pastos limpios,00000000000000000000,2022-02-18,2022-02-26,8,30,243.78431372549025,243.78431372549025,214276.69850116826,214276.69850116826,100.0
HLS,Palma,00000000000000000001,2022-02-18,2022-02-26,8,30,243.80784313725482,243.80784313725482,214323.03965705412,214323.03965705412,100.0
HLS,Bananera,00000000000000000002,2022-02-18,2022-02-26,8,30,243.75686274509803,243.75686274509803,214272.54065539807,214272.54065539807,100.0
HLS,Manglar,00000000000000000003,2022-02-18,2022-02-26,8,30,241.91372549019607,241.91372549019607,212555.60338039036,212555.60338039036,100.0
HLS,Bosque seco,00000000000000000004,2022-02-18,2022-02-26,8,30,243.64705882352945,243.64705882352945,214272.15992838528,214272.15992838528,100.0
S2,Pastos limpios,00000000000000000000,2022-02-18,2022-02-26,2,20,545.6705882352941,545.6705882352941,213165.6486693139,213165.6486693139,100.0
S2,Palma,00000000000000000001,2022-02-18,2022-02-26,2,20,545.6039215686275,545.6039215686275,213165.1321457805,213165.1321457805,100.0
S2,Bananera,00000000000000000002,2022-02-18,2022-02-26,2,20,545.5333333333333,545.5333333333333,213131.89231938383,213131.89231938383,100.0
S2,Manglar,00000000000000000003,2022-02-18,2022-02-26,2,20,545.850980392157,545.850980392157,213158.9788100297,213158.9788100297,100.0
S2,Bosque seco,00000000000000000004,2022-02-18,2022-02-26,2,20,545.3686274509803,545.3686274509803,213163.19644153066,213163.19644153066,100.0
HLS,Pastos limpios,00000000000000000000,2022-02-26,2022-03-06,8,30,243.78431372549025,243.78431372549025,214276.69850116826,214276.69850116826,100.0
HLS,Palma,00000000000000000001,2022-02-26,2022-03-06,8,30,243.80784313725482,243.80784313725482,214323.03965705412,214323.03965705412,100.0
HLS,Bananera,00000000000000000002,2022-02-26,2022-03-06,8,30,243.75686274509803,243.75686274509803,214272.54065539807,214272.54065539807,100.0
HLS,Manglar,00000000000000000003,2022-02-26,2022-03-06,8,30,241.91372549019607,241.91372549019607,212555.60338039036,212555.60338039036,100.0
HLS,Bosque seco,00000000000000000004,2022-02-26,2022-03-06,8,30,243.64705882352945,243.64705882352945,214272.15992838528,214272.15992838528,100.0
S2,Pastos limpios,00000000000000000000,2022-02-26,2022-03-06,5,20,545.6705882352941,545.6705882352941,213165.6486693139,213165.6486693139,100.0
S2,Palma,00000000000000000001,2022-02-26,2022-03-06,5,20,545.6039215686275,545.6039215686275,213165.1321457805,213165.1321457805,100.0
S2,Bananera,00000000000000000002,2022-02-26,2022-03-06,5,20,545.5333333333333,545.5333333333333,213131.89231938383,213131.89231938383,100.0
S2,Manglar,00000000000000000003,2022-02-26,2022-03-06,5,20,545.850980392157,545.850980392157,213158.9788100297,213158.9788100297,100.0
S2,Bosque seco,00000000000000000004,2022-02-26,2022-03-06,5,20,545.3686274509803,545.3686274509803,213163.19644153066,213163.19644153066,100.0
HLS,Pastos limpios,00000000000000000000,2022-03-06,2022-03-14,8,30,243.78431372549025,243.78431372549025,214276.69850116826,214276.69850116826,100.0
HLS,Palma,00000000000000000001,2022-03-06,2022-03-14,8,30,243.80784313725482,243.80784313725482,214323.03965705412,214323.03965705412,100.0
HLS,Bananera,00000000000000000002,2022-03-06,2022-03-14,8,30,243.75686274509803,243.75686274509803,214272.54065539807,214272.54065539807,100.0
HLS,Manglar,00000000000000000003,2022-03-06,2022-03-14,8,30,241.91372549019607,241.91372549019607,212555.60338039036,212555.60338039036,100.0
HLS,Bosque seco,00000000000000000004,2022-03-06,2022-03-14,8,30,243.64705882352945,243.64705882352945,214272.15992838528,214272.15992838528,100.0
S2,Pastos limpios,00000000000000000000,2022-03-06,2022-03-14,2,20,545.6705882352941,545.6705882352941,213165.6486693139,213165.6486693139,100.0
S2,Palma,00000000000000000001,2022-03-06,2022-03-14,2,20,545.6039215686275,545.6039215686275,213165.1321457805,213165.1321457805,100.0
S2,Bananera,00000000000000000002,2022-03-06,2022-03-14,2,20,545.5333333333333,545.5333333333333,213131.89231938383,213131.89231938383,100.0
S2,Manglar,00000000000000000003,2022-03-06,2022-03-14,2,20,545.850980392157,545.850980392157,213158.9788100297,213158.9788100297,100.0
S2,Bosque seco,00000000000000000004,2022-03-06,2022-03-14,2,20,545.3686274509803,545.3686274509803,213163.19644153066,213163.19644153066,100.0
HLS,Pastos limpios,00000000000000000000,2022-03-14,2022-03-22,8,30,243.78431372549025,243.78431372549025,214276.69850116826,214276.69850116826,100.0
HLS,Palma,00000000000000000001,2022-03-14,2022-03-22,8,30,0.0,243.80784313725482,0.0,214323.03965705412,0.0
HLS,Bananera,00000000000000000002,2022-03-14,2022-03-22,8,30,0.0,243.75686274509803,0.0,214272.54065539807,0.0
HLS,Manglar,00000000000000000003,2022-03-14,2022-03-22,8,30,241.91372549019607,241.91372549019607,212555.60338039036,212555.60338039036,100.0
HLS,Bosque seco,00000000000000000004,2022-03-14,2022-03-22,8,30,0.0,243.64705882352945,0.0,214272.15992838528,0.0
S2,Pastos limpios,00000000000000000000,2022-03-14,2022-03-22,4,20,545.6705882352941,545.6705882352941,213165.6486693139,213165.6486693139,100.0
S2,Palma,00000000000000000001,2022-03-14,2022-03-22,4,20,0.0,545.6039215686275,0.0,213165.1321457805,0.0
S2,Bananera,00000000000000000002,2022-03-14,2022-03-22,4,20,545.5333333333333,545.5333333333333,213131.89231938383,213131.89231938383,100.0
S2,Manglar,00000000000000000003,2022-03-14,2022-03-22,4,20,545.850980392157,545.850980392157,213158.9788100297,213158.9788100297,100.0
S2,Bosque seco,00000000000000000004,2022-03-14,2022-03-22,4,20,0.0,545.3686274509803,0.0,213163.19644153066,0.0
HLS,Pastos limpios,00000000000000000000,2022-03-22,2022-03-30,10,30,243.78431372549025,243.78431372549025,214276.69850116826,214276.69850116826,100.0
HLS,Palma,00000000000000000001,2022-03-22,2022-03-30,10,30,243.80784313725482,243.80784313725482,214323.03965705412,214323.03965705412,100.0
HLS,Bananera,00000000000000000002,2022-03-22,2022-03-30,10,30,243.75686274509803,243.75686274509803,214272.54065539807,214272.54065539807,100.0
HLS,Manglar,00000000000000000003,2022-03-22,2022-03-30,10,30,241.91372549019607,241.91372549019607,212555.60338039036,212555.60338039036,100.0
HLS,Bosque seco,00000000000000000004,2022-03-22,2022-03-30,10,30,243.64705882352945,243.64705882352945,214272.15992838528,214272.15992838528,100.0
S2,Pastos limpios,00000000000000000000,2022-03-22,2022-03-30,4,20,545.6705882352941,545.6705882352941,213165.6486693139,213165.6486693139,100.0
S2,Palma,00000000000000000001,2022-03-22,2022-03-30,4,20,545.6039215686275,545.6039215686275,213165.1321457805,213165.1321457805,100.0
S2,Bananera,00000000000000000002,2022-03-22,2022-03-30,4,20,545.5333333333333,545.5333333333333,213131.89231938383,213131.89231938383,100.0
S2,Manglar,00000000000000000003,2022-03-22,2022-03-30,4,20,545.850980392157,545.850980392157,213158.9788100297,213158.9788100297,100.0
S2,Bosque seco,00000000000000000004,2022-03-22,2022-03-30,4,20,545.3686274509803,545.3686274509803,213163.19644153066,213163.19644153066,100.0
HLS,Pastos limpios,00000000000000000000,2022-03-30,2022-04-07,8,30,0.0,243.78431372549025,0.0,214276.69850116826,0.0
HLS,Palma,00000000000000000001,2022-03-30,2022-04-07,8,30,243.80784313725482,243.80784313725482,214323.03965705412,214323.03965705412,100.0
HLS,Bananera,00000000000000000002,2022-03-30,2022-04-07,8,30,243.75686274509803,243.75686274509803,214272.54065539807,214272.54065539807,100.0
HLS,Manglar,00000000000000000003,2022-03-30,2022-04-07,8,30,241.91372549019607,241.91372549019607,212555.60338039036,212555.60338039036,100.0
HLS,Bosque seco,00000000000000000004,2022-03-30,2022-04-07,8,30,243.64705882352945,243.64705882352945,214272.15992838528,214272.15992838528,100.0
S2,Pastos limpios,00000000000000000000,2022-03-30,2022-04-07,2,20,545.6705882352941,545.6705882352941,213165.6486693139,213165.6486693139,100.0
S2,Palma,00000000000000000001,2022-03-30,2022-04-07,2,20,545.6039215686275,545.6039215686275,213165.1321457805,213165.1321457805,100.0
S2,Bananera,00000000000000000002,2022-03-30,2022-04-07,2,20,545.5333333333333,545.5333333333333,213131.89231938383,213131.89231938383,100.0
S2,Manglar,00000000000000000003,2022-03-30,2022-04-07,2,20,545.850980392157,545.850980392157,213158.9788100297,213158.9788100297,100.0
S2,Bosque seco,00000000000000000004,2022-03-30,2022-04-07,2,20,545.3686274509803,545.3686274509803,213163.19644153066,213163.19644153066,100.0
HLS,Pastos limpios,00000000000000000000,2022-04-07,2022-04-15,8,30,243.78431372549025,243.78431372549025,214276.69850116826,214276.69850116826,100.0
HLS,Palma,00000000000000000001,2022-04-07,2022-04-15,8,30,243.80784313725482,243.80784313725482,214323.03965705412,214323.03965705412,100.0
HLS,Bananera,00000000000000000002,2022-04-07,2022-04-15,8,30,243.75686274509803,243.75686274509803,214272.54065539807,214272.54065539807,100.0
HLS,Manglar,00000000000000000003,2022-04-07,2022-04-15,8,30,241.91372549019607,241.91372549019607,212555.60338039036,212555.60338039036,100.0
HLS,Bosque seco,00000000000000000004,2022-04-07,2022-04-15,8,30,243.64705882352945,243.64705882352945,214272.15992838528,214272.15992838528,100.0
S2,Pastos limpios,00000000000000000000,2022-04-07,2022-04-15,4,20,545.6705882352941,545.6705882352941,213165.6486693139,213165.6486693139,100.0
S2,Palma,00000000000000000001,2022-04-07,2022-04-15,4,20,545.6039215686275,545.6039215686275,213165.1321457805,213165.1321457805,100.0
S2,Bananera,00000000000000000002,2022-04-07,2022-04-15,4,20,545.5333333333333,545.5333333333333,213131.89231938383,213131.89231938383,100.0
S2,Manglar,00000000000000000003,2022-04-07,2022-04-15,4,20,545.850980392157,545.850980392157,213158.9788100297,213158.9788100297,100.0
S2,Bosque seco,00000000000000000004,2022-04-07,2022-04-15,4,20,545.3686274509803,545.3686274509803,213163.19644153066,213163.19644153066,100.0
HLS,Pastos limpios,00000000000000000000,2022-04-15,2022-04-23,8,30,243.78431372549025,243.78431372549025,214276.69850116826,214276.69850116826,100.0
HLS,Palma,00000000000000000001,2022-04-15,2022-04-23,8,30,0.0,243.80784313725482,0.0,214323.03965705412,0.0
HLS,Bananera,00000000000000000002,2022-04-15,2022-04-23,8,30,40.8235294117647,243.75686274509803,35885.57044629866,214272.54065539807,16.74762913462221
HLS,Manglar,00000000000000000003,2022-04-15,2022-04-23,8,30,0.0,241.91372549019607,0.0,212555.60338039036,0.0
HLS,Bosque seco,00000000000000000004,2022-04-15,2022-04-23,8,30,172.0588235294118,243.64705882352945,151314.956685384,214272.15992838528,70.61811330784035
S2,Pastos limpios,00000000000000000000,2022-04-15,2022-04-23,2,20,545.6705882352941,545.6705882352941,213165.6486693139,213165.6486693139,100.0
S2,Palma,00000000000000000001,2022-04-15,2022-04-23,2,20,0.0,545.6039215686275,0.0,213165.1321457805,0.0
S2,Bananera,00000000000000000002,2022-04-15,2022-04-23,2,20,387.24705882352947,545.5333333333333,151291.49115157782,213131.89231938383,70.98491432003216
S2,Manglar,00000000000000000003,2022-04-15,2022-04-23,2,20,6.76470588235294,545.850980392157,2641.6549098594514,213158.9788100297,1.239288593239946
S2,Bosque seco,00000000000000000004,2022-04-15,2022-04-23,2,20,545.3686274509803,545.3686274509803,213163.19644153066,213163.19644153066,100.0
HLS,Pastos limpios,00000000000000000000,2022-04-23,2022-05-01,8,30,0.0,243.78431372549025,0.0,214276.69850116826,0.0
HLS,Palma,00000000000000000001,2022-04-23,2022-05-01,8,30,0.0,243.80784313725482,0.0,214323.03965705412,0.0
HLS,Bananera,00000000000000000002,2022-04-23,2022-05-01,8,30,0.0,243.75686274509803,0.0,214272.54065539807,0.0
HLS,Manglar,00000000000000000003,2022-04-23,2022-05-01,8,30,0.0,241.91372549019607,0.0,212555.60338039036,0.0
HLS,Bosque seco,00000000000000000004,2022-04-23,2022-05-01,8,30,0.0,243.64705882352945,0.0,214272.15992838528,0.0
S2,Pastos limpios,00000000000000000000,2022-04-23,2022-05-01,4,20,0.0,545.6705882352941,0.0,213165.6486693139,0.0
S2,Palma,00000000000000000001,2022-04-23,2022-05-01,4,20,2.0,545.6039215686275,781.3908996582031,213165.1321457805,0.3665660006364556
S2,Bananera,00000000000000000002,2022-04-23,2022-05-01,4,20,343.5294117647059,545.5333333333333,134211.7843440037,213131.89231938383,62.97123479900595
S2,Manglar,00000000000000000003,2022-04-23,2022-05-01,4,20,0.8941176470588236,545.850980392157,349.15761706782325,213158.9788100297,0.16380150581364789
S2,Bosque seco,00000000000000000004,2022-04-23,2022-05-01,4,20,345.4705882352941,545.3686274509803,135030.74918799303,213163.19644153066,63.34618331970413
HLS,Pastos limpios,00000000000000000000,2022-05-01,2022-05-09,4,30,243.78431372549025,243.78431372549025,214276.69850116826,214276.69850116826,100.0
HLS,Palma,00000000000000000001,2022-05-01,2022-05-09,4,30,243.80784313725482,243.80784313725482,214323.03965705412,214323.03965705412,100.0
HLS,Bananera,00000000000000000002,2022-05-01,2022-05-09,4,30,243.75686274509803,243.75686274509803,214272.54065539807,214272.54065539807,100.0
HLS,Manglar,00000000000000000003,2022-05-01,2022-05-09,4,30,241.91372549019607,241.91372549019607,212555.60338039036,212555.60338039036,100.0
HLS,Bosque seco,00000000000000000004,2022-05-01,2022-05-09,4,30,243.64705882352945,243.64705882352945,214272.15992838528,214272.15992838528,100.0
S2,Pastos limpios,00000000000000000000,2022-05-01,2022-05-09,4,20,545.6705882352941,545.6705882352941,213165.6486693139,213165.6486693139,100.0
S2,Palma,00000000000000000001,2022-05-01,2022-05-09,4,20,545.6039215686275,545.6039215686275,213165.1321457805,213165.1321457805,100.0
S2,Bananera,00000000000000000002,2022-05-01,2022-05-09,4,20,545.5333333333333,545.5333333333333,213131.89231938383,213131.89231938383,100.0
S2,Manglar,00000000000000000003,2022-05-01,2022-05-09,4,20,545.850980392157,545.850980392157,213158.9788100297,213158.9788100297,100.0
S2,Bosque seco,00000000000000000004,2022-05-01,2022-05-09,4,20,545.3686274509803,545.3686274509803,213163.19644153066,213163.19644153066,100.0
HLS,Pastos limpios,00000000000000000000,2022-05-09,2022-05-17,11,30,0.0,243.78431372549025,0.0,214276.69850116826,0.0
HLS,Palma,00000000000000000001,2022-05-09,2022-05-17,11,30,0.0,243.80784313725482,0.0,214323.03965705412,0.0
HLS,Bananera,00000000000000000002,2022-05-09,2022-05-17,11,30,0.0,243.75686274509803,0.0,214272.54065539807,0.0
HLS,Manglar,00000000000000000003,2022-05-09,2022-05-17,11,30,0.0,241.91372549019607,0.0,212555.60338039036,0.0
HLS,Bosque seco,00000000000000000004,2022-05-09,2022-05-17,11,30,0.0,243.64705882352945,0.0,214272.15992838528,0.0
S2,Pastos limpios,00000000000000000000,2022-05-09,2022-05-17,2,20,0.0,545.6705882352941,0.0,213165.6486693139,0.0
S2,Palma,00000000000000000001,2022-05-09,2022-05-17,2,20,0.0,545.6039215686275,0.0,213165.1321457805,0.0
S2,Bananera,00000000000000000002,2022-05-09,2022-05-17,2,20,0.0,545.5333333333333,0.0,213131.89231938383,0.0
S2,Manglar,00000000000000000003,2022-05-09,2022-05-17,2,20,0.0,545.850980392157,0.0,213158.9788100297,0.0
S2,Bosque seco,00000000000000000004,2022-05-09,2022-05-17,2,20,0.0,545.3686274509803,0.0,213163.19644153066,0.0
HLS,Pastos limpios,00000000000000000000,2022-05-17,2022-05-25,61,30,243.78431372549025,243.78431372549025,214276.69850116826,214276.69850116826,100.0
HLS,Palma,00000000000000000001,2022-05-17,2022-05-25,61,30,243.80784313725482,243.80784313725482,214323.03965705412,214323.03965705412,100.0
HLS,Bananera,00000000000000000002,2022-05-17,2022-05-25,61,30,243.75686274509803,243.75686274509803,214272.54065539807,214272.54065539807,100.0
HLS,Manglar,00000000000000000003,2022-05-17,2022-05-25,61,30,241.91372549019607,241.91372549019607,212555.60338039036,212555.60338039036,100.0
HLS,Bosque seco,00000000000000000004,2022-05-17,2022-05-25,61,30,243.64705882352945,243.64705882352945,214272.15992838528,214272.15992838528,100.0
S2,Pastos limpios,00000000000000000000,2022-05-17,2022-05-25,4,20,545.6705882352941,545.6705882352941,213165.6486693139,213165.6486693139,100.0
S2,Palma,00000000000000000001,2022-05-17,2022-05-25,4,20,545.6039215686275,545.6039215686275,213165.1321457805,213165.1321457805,100.0
S2,Bananera,00000000000000000002,2022-05-17,2022-05-25,4,20,545.5333333333333,545.5333333333333,213131.89231938383,213131.89231938383,100.0
S2,Manglar,00000000000000000003,2022-05-17,2022-05-25,4,20,545.850980392157,545.850980392157,213158.9788100297,213158.9788100297,100.0
S2,Bosque seco,00000000000000000004,2022-05-17,2022-05-25,4,20,545.3686274509803,545.3686274509803,213163.19644153066,213163.19644153066,100.0
HLS,Pastos limpios,00000000000000000000,2022-05-25,2022-06-02,46,30,243.78431372549025,243.78431372549025,214276.69850116826,214276.69850116826,100.0
HLS,Palma,00000000000000000001,2022-05-25,2022-06-02,46,30,103.70196078431373,243.80784313725482,91160.83634918812,214323.03965705412,42.53431478718191
HLS,Bananera,00000000000000000002,2022-05-25,2022-06-02,46,30,205.90588235294118,243.75686274509803,180999.8371510227,214272.54065539807,84.47178373738242
HLS,Manglar,00000000000000000003,2022-05-25,2022-06-02,46,30,241.91372549019607,241.91372549019607,212555.60338039036,212555.60338039036,100.0
HLS,Bosque seco,00000000000000000004,2022-05-25,2022-06-02,46,30,243.64705882352945,243.64705882352945,214272.15992838528,214272.15992838528,100.0
S2,Pastos limpios,00000000000000000000,2022-05-25,2022-06-02,2,20,545.6705882352941,545.6705882352941,213165.6486693139,213165.6486693139,100.0
S2,Palma,00000000000000000001,2022-05-25,2022-06-02,2,20,505.6039215686276,545.6039215686275,197537.304997343,213165.1321457805,92.66867569235016
S2,Bananera,00000000000000000002,2022-05-25,2022-06-02,2,20,528.3058823529411,545.5333333333333,206401.34738937076,213131.89231938383,96.84207517853444
S2,Manglar,00000000000000000003,2022-05-25,2022-06-02,2,20,545.850980392157,545.850980392157,213158.9788100297,213158.9788100297,100.0
S2,Bosque seco,00000000000000000004,2022-05-25,2022-06-02,2,20,545.3686274509803,545.3686274509803,213163.19644153066,213163.19644153066,100.0
HLS,Pastos limpios,00000000000000000000,2022-06-02,2022-06-10,61,30,14.145098039215688,243.78431372549025,12433.046504959408,214276.69850116826,5.8023324943526795
HLS,Palma,00000000000000000001,2022-06-02,2022-06-10,61,30,243.80784313725482,243.80784313725482,214323.03965705412,214323.03965705412,100.0
HLS,Bananera,00000000000000000002,2022-06-02,2022-06-10,61,30,0.0,243.75686274509803,0.0,214272.54065539807,0.0
HLS,Manglar,00000000000000000003,2022-06-02,2022-06-10,61,30,100.13725490196079,241.91372549019607,87984.49928337548,212555.60338039036,41.39363906860553
HLS,Bosque seco,00000000000000000004,2022-06-02,2022-06-10,61,30,243.64705882352945,243.64705882352945,214272.15992838528,214272.15992838528,100.0
S2,Pastos limpios,00000000000000000000,2022-06-02,2022-06-10,4,20,509.6705882352941,545.6705882352941,199102.3303099389,213165.6486693139,93.40263384500963
S2,Palma,00000000000000000001,2022-06-02,2022-06-10,4,20,529.6039215686276,545.6039215686275,206914.03040017502,213165.1321457805,97.06748393478797
S2,Bananera,00000000000000000002,2022-06-02,2022-06-10,4,20,102.76078431372548,545.5333333333333,40147.22490102731,213131.89231938383,18.836798408783242
S2,Manglar,00000000000000000003,2022-06-02,2022-06-10,4,20,522.7176470588237,545.850980392157,204125.19506979527,213158.9788100297,95.76195016946227
S2,Bosque seco,00000000000000000004,2022-06-02,2022-06-10,4,20,545.3686274509803,545.3686274509803,213163.19644153066,213163.19644153066,100.0
HLS,Pastos limpios,00000000000000000000,2022-06-10,2022-06-18,59,30,0.0,243.78431372549025,0.0,214276.69850116826,0.0
HLS,Palma,00000000000000000001,2022-06-10,2022-06-18,59,30,0.0,243.80784313725482,0.0,214323.03965705412,0.0
HLS,Bananera,00000000000000000002,2022-06-10,2022-06-18,59,30,0.0,243.75686274509803,0.0,214272.54065539807,0.0
HLS,Manglar,00000000000000000003,2022-06-10,2022-06-18,59,30,0.0,241.91372549019607,0.0,212555.60338039036,0.0
HLS,Bosque seco,00000000000000000004,2022-06-10,2022-06-18,59,30,27.46274509803923,243.64705882352945,24151.622022920503,214272.15992838528,11.271469905839627
S2,Pastos limpios,00000000000000000000,2022-06-10,2022-06-18,4,20,0.0,545.6705882352941,0.0,213165.6486693139,0.0
S2,Palma,00000000000000000001,2022-06-10,2022-06-18,4,20,0.0,545.6039215686275,0.0,213165.1321457805,0.0
S2,Bananera,00000000000000000002,2022-06-10,2022-06-18,4,20,0.0,545.5333333333333,0.0,213131.89231938383,0.0
S2,Manglar,00000000000000000003,2022-06-10,2022-06-18,4,20,442.10980392156864,545.850980392157,172647.2339716891,213158.9788100297,80.99458673310438
S2,Bosque seco,00000000000000000004,2022-06-10,2022-06-18,4,20,0.0,545.3686274509803,0.0,213163.19644153066,0.0
HLS,Pastos limpios,00000000000000000000,2022-06-18,2022-06-26,51,30,243.78431372549025,243.78431372549025,214276.69850116826,214276.69850116826,100.0
HLS,Palma,00000000000000000001,2022-06-18,2022-06-26,51,30,243.80784313725482,243.80784313725482,214323.03965705412,214323.03965705412,100.0
HLS,Bananera,00000000000000000002,2022-06-18,2022-06-26,51,30,186.9882352941176,243.75686274509803,164370.4538947612,214272.54065539807,76.71092777077233
HLS,Manglar,00000000000000000003,2022-06-18,2022-06-26,51,30,138.13333333333333,241.91372549019607,121369.44512077782,212555.60338039036,57.100092018545645
HLS,Bosque seco,00000000000000000004,2022-06-18,2022-06-26,51,30,79.36470588235295,243.64705882352945,69796.31871290019,214272.15992838528,32.57367580381312
S2,Pastos limpios,00000000000000000000,2022-06-18,2022-06-26,2,20,421.2313725490196,545.6705882352941,164553.73053181966,213165.6486693139,77.19523833180719
S2,Palma,00000000000000000001,2022-06-18,2022-06-26,2,20,18.0,545.6039215686275,7032.520233154297,213165.1321457805,3.2990950078762697
S2,Bananera,00000000000000000002,2022-06-18,2022-06-26,2,20,40.08627450980392,545.5333333333333,15661.207613716875,213131.89231938383,7.348129575206013
S2,Manglar,00000000000000000003,2022-06-18,2022-06-26,2,20,494.44705882352935,545.850980392157,193085.23569120496,213158.9788100297,90.58273630747934
S2,Bosque seco,00000000000000000004,2022-06-18,2022-06-26,2,20,474.8313725490195,545.3686274509803,185592.92979568776,213163.19644153066,87.06612252673493
HLS,Pastos limpios,00000000000000000000,2022-06-26,2022-07-04,49,30,243.78431372549025,243.78431372549025,214276.69850116826,214276.69850116826,100.0
HLS,Palma,00000000000000000001,2022-06-26,2022-07-04,49,30,0.0,243.80784313725482,0.0,214323.03965705412,0.0
HLS,Bananera,00000000000000000002,2022-06-26,2022-07-04,49,30,0.0,243.75686274509803,0.0,214272.54065539807,0.0
HLS,Manglar,00000000000000000003,2022-06-26,2022-07-04,49,30,26.87058823529413,241.91372549019607,23609.517874444704,212555.60338039036,11.107454943068715
HLS,Bosque seco,00000000000000000004,2022-06-26,2022-07-04,49,30,243.64705882352945,243.64705882352945,214272.15992838528,214272.15992838528,100.0
S2,Pastos limpios,00000000000000000000,2022-06-26,2022-07-04,4,20,534.4941176470587,545.6705882352941,208799.59050364772,213165.6486693139,97.95180030510484
S2,Palma,00000000000000000001,2022-06-26,2022-07-04,4,20,32.74901960784314,545.6039215686275,12794.912595262715,213165.1321457805,6.002347788526907
S2,Bananera,00000000000000000002,2022-06-26,2022-07-04,4,20,384.30980392156874,545.5333333333333,150144.27020132024,213131.89231938383,70.44664623740357
S2,Manglar,00000000000000000003,2022-06-26,2022-07-04,4,20,498.01960784313724,545.850980392157,194480.382341811,213158.9788100297,91.23724622228308
S2,Bosque seco,00000000000000000004,2022-06-26,2022-07-04,4,20,545.3686274509803,545.3686274509803,213163.19644153066,213163.19644153066,100.0
HLS,Pastos limpios,00000000000000000000,2022-07-04,2022-07-12,40,30,141.1843137254902,243.78431372549025,124095.5022290996,214276.69850116826,57.913671013753756
HLS,Palma,00000000000000000001,2022-07-04,2022-07-12,40,30,243.80784313725482,243.80784313725482,214323.03965705412,214323.03965705412,100.0
HLS,Bananera,00000000000000000002,2022-07-04,2022-07-12,40,30,163.12941176470588,243.75686274509803,143397.6131948435,214272.54065539807,66.92300037897131
HLS,Manglar,00000000000000000003,2022-07-04,2022-07-12,40,30,241.91372549019607,241.91372549019607,212555.60338039036,212555.60338039036,100.0
HLS,Bosque seco,00000000000000000004,2022-07-04,2022-07-12,40,30,243.64705882352945,243.64705882352945,214272.15992838528,214272.15992838528,100.0
S2,Pastos limpios,00000000000000000000,2022-07-04,2022-07-12,2,20,545.6705882352941,545.6705882352941,213165.6486693139,213165.6486693139,100.0
S2,Palma,00000000000000000001,2022-07-04,2022-07-12,2,20,146.81176470588238,545.6039215686275,57358.87339561313,213165.1321457805,26.908187478046948
S2,Bananera,00000000000000000002,2022-07-04,2022-07-12,2,20,545.5333333333333,545.5333333333333,213131.89231938383,213131.89231938383,100.0
S2,Manglar,00000000000000000003,2022-07-04,2022-07-12,2,20,545.850980392157,545.850980392157,213158.9788100297,213158.9788100297,100.0
S2,Bosque seco,00000000000000000004,2022-07-04,2022-07-12,2,20,545.3686274509803,545.3686274509803,213163.19644153066,213163.19644153066,100.0
HLS,Pastos limpios,00000000000000000000,2022-07-12,2022-07-20,66,30,86.10980392156866,243.78431372549025,75686.95918495323,214276.69850116826,35.32206708166197
HLS,Palma,00000000000000000001,2022-07-12,2022-07-20,66,30,175.7019607843137,243.80784313725482,154453.44708060462,214323.03965705412,72.06572253162844
HLS,Bananera,00000000000000000002,2022-07-12,2022-07-20,66,30,34.85490196078432,243.75686274509803,30638.855538880583,214272.54065539807,14.299011644312957
HLS,Manglar,00000000000000000003,2022-07-12,2022-07-20,66,30,241.91372549019607,241.91372549019607,212555.60338039036,212555.60338039036,100.0
HLS,Bosque seco,00000000000000000004,2022-07-12,2022-07-20,66,30,243.64705882352945,243.64705882352945,214272.15992838528,214272.15992838528,100.0
S2,Pastos limpios,00000000000000000000,2022-07-12,2022-07-20,4,20,545.6705882352941,545.6705882352941,213165.6486693139,213165.6486693139,100.0
S2,Palma,00000000000000000001,2022-07-12,2022-07-20,4,20,545.6039215686275,545.6039215686275,213165.1321457805,213165.1321457805,100.0
S2,Bananera,00000000000000000002,2022-07-12,2022-07-20,4,20,536.1019607843137,545.5333333333333,209447.20853953646,213131.89231938383,98.27117202416343
S2,Manglar,00000000000000000003,2022-07-12,2022-07-20,4,20,545.850980392157,545.850980392157,213158.9788100297,213158.9788100297,100.0
S2,Bosque seco,00000000000000000004,2022-07-12,2022-07-20,4,20,545.3686274509803,545.3686274509803,213163.19644153066,213163.19644153066,100.0
HLS,Pastos limpios,00000000000000000000,2022-07-20,2022-07-28,53,30,0.0,243.78431372549025,0.0,214276.69850116826,0.0
HLS,Palma,00000000000000000001,2022-07-20,2022-07-28,53,30,0.0,243.80784313725482,0.0,214323.03965705412,0.0
HLS,Bananera,00000000000000000002,2022-07-20,2022-07-28,53,30,0.0,243.75686274509803,0.0,214272.54065539807,0.0
HLS,Manglar,00000000000000000003,2022-07-20,2022-07-28,53,30,9.5921568627451,241.91372549019607,8428.041086473651,212555.60338039036,3.9650994621820415
HLS,Bosque seco,00000000000000000004,2022-07-20,2022-07-28,53,30,37.27058823529412,243.64705882352945,32777.03860341989,214272.15992838528,15.296918934487211
S2,Pastos limpios,00000000000000000000,2022-07-20,2022-07-28,4,20,0.0,545.6705882352941,0.0,213165.6486693139,0.0
S2,Palma,00000000000000000001,2022-07-20,2022-07-28,4,20,0.0,545.6039215686275,0.0,213165.1321457805,0.0
S2,Bananera,00000000000000000002,2022-07-20,2022-07-28,4,20,125.42352941176469,545.5333333333333,49001.256965068744,213131.89231938383,22.99104860929919
S2,Manglar,00000000000000000003,2022-07-20,2022-07-28,4,20,289.6078431372549,545.850980392157,113094.0214245367,213158.9788100297,53.05618466362034
S2,Bosque seco,00000000000000000004,2022-07-20,2022-07-28,4,20,446.5803921568627,545.3686274509803,174550.5838894713,213163.19644153066,81.88589156259414
HLS,Pastos limpios,00000000000000000000,2022-07-28,2022-08-05,59,30,0.0,243.78431372549025,0.0,214276.69850116826,0.0
HLS,Palma,00000000000000000001,2022-07-28,2022-08-05,59,30,0.0,243.80784313725482,0.0,214323.03965705412,0.0
HLS,Bananera,00000000000000000002,2022-07-28,2022-08-05,59,30,0.0,243.75686274509803,0.0,214272.54065539807,0.0
HLS,Manglar,00000000000000000003,2022-07-28,2022-08-05,59,30,205.96078431372547,241.91372549019607,180965.69330599927,212555.60338039036,85.13804878723538
HLS,Bosque seco,00000000000000000004,2022-07-28,2022-08-05,59,30,86.49019607843141,243.64705882352945,76062.57055927342,214272.15992838528,35.498111646746494
S2,Pastos limpios,00000000000000000000,2022-07-28,2022-08-05,2,20,0.0,545.6705882352941,0.0,213165.6486693139,0.0
S2,Palma,00000000000000000001,2022-07-28,2022-08-05,2,20,0.0,545.6039215686275,0.0,213165.1321457805,0.0
S2,Bananera,00000000000000000002,2022-07-28,2022-08-05,2,20,0.0,545.5333333333333,0.0,213131.89231938383,0.0
S2,Manglar,00000000000000000003,2022-07-28,2022-08-05,2,20,0.0,545.850980392157,0.0,213158.9788100297,0.0
S2,Bosque seco,00000000000000000004,2022-07-28,2022-08-05,2,20,0.0,545.3686274509803,0.0,213163.19644153066,0.0
HLS,Pastos limpios,00000000000000000000,2022-08-05,2022-08-13,55,30,0.0,243.78431372549025,0.0,214276.69850116826,0.0
HLS,Palma,00000000000000000001,2022-08-05,2022-08-13,55,30,0.0,243.80784313725482,0.0,214323.03965705412,0.0
HLS,Bananera,00000000000000000002,2022-08-05,2022-08-13,55,30,0.0,243.75686274509803,0.0,214272.54065539807,0.0
HLS,Manglar,00000000000000000003,2022-08-05,2022-08-13,55,30,0.0,241.91372549019607,0.0,212555.60338039036,0.0
HLS,Bosque seco,00000000000000000004,2022-08-05,2022-08-13,55,30,0.0,243.64705882352945,0.0,214272.15992838528,0.0
S2,Pastos limpios,00000000000000000000,2022-08-05,2022-08-13,4,20,0.0,545.6705882352941,0.0,213165.6486693139,0.0
S2,Palma,00000000000000000001,2022-08-05,2022-08-13,4,20,0.0,545.6039215686275,0.0,213165.1321457805,0.0
S2,Bananera,00000000000000000002,2022-08-05,2022-08-13,4,20,0.0,545.5333333333333,0.0,213131.89231938383,0.0
S2,Manglar,00000000000000000003,2022-08-05,2022-08-13,4,20,0.0,545.850980392157,0.0,213158.9788100297,0.0
S2,Bosque seco,00000000000000000004,2022-08-05,2022-08-13,4,20,0.0,545.3686274509803,0.0,213163.19644153066,0.0
HLS,Pastos limpios,00000000000000000000,2022-08-13,2022-08-21,55,30,243.78431372549025,243.78431372549025,214276.69850116826,214276.69850116826,100.0
HLS,Palma,00000000000000000001,2022-08-13,2022-08-21,55,30,1.5176470588235293,243.80784313725482,1334.1143822763481,214323.03965705412,0.6224782853075953
HLS,Bananera,00000000000000000002,2022-08-13,2022-08-21,55,30,135.23137254901957,243.75686274509803,118873.76931990072,214272.54065539807,55.47783629031515
HLS,Manglar,00000000000000000003,2022-08-13,2022-08-21,55,30,241.91372549019607,241.91372549019607,212555.60338039036,212555.60338039036,100.0
HLS,Bosque seco,00000000000000000004,2022-08-13,2022-08-21,55,30,243.64705882352945,243.64705882352945,214272.15992838528,214272.15992838528,100.0
S2,Pastos limpios,00000000000000000000,2022-08-13,2022-08-21,2,20,545.6705882352941,545.6705882352941,213165.6486693139,213165.6486693139,100.0
S2,Palma,00000000000000000001,2022-08-13,2022-08-21,2,20,166.37254901960785,545.6039215686275,65001.28387307559,213165.1321457805,30.493394120677376
S2,Bananera,00000000000000000002,2022-08-13,2022-08-21,2,20,192.51372549019607,545.5333333333333,75212.45576004326,213131.89231938383,35.28916059513767
S2,Manglar,00000000000000000003,2022-08-13,2022-08-21,2,20,419.286274509804,545.850980392157,163734.73565506283,213158.9788100297,76.81343594772311
S2,Bosque seco,00000000000000000004,2022-08-13,2022-08-21,2,20,213.38823529411764,545.3686274509803,83405.40160917395,213163.19644153066,39.12748682770458
HLS,Pastos limpios,00000000000000000000,2022-08-21,2022-08-29,56,30,0.0,243.78431372549025,0.0,214276.69850116826,0.0
HLS,Palma,00000000000000000001,2022-08-21,2022-08-29,56,30,0.0,243.80784313725482,0.0,214323.03965705412,0.0
HLS,Bananera,00000000000000000002,2022-08-21,2022-08-29,56,30,0.0,243.75686274509803,0.0,214272.54065539807,0.0
HLS,Manglar,00000000000000000003,2022-08-21,2022-08-29,56,30,0.0,241.91372549019607,0.0,212555.60338039036,0.0
HLS,Bosque seco,00000000000000000004,2022-08-21,2022-08-29,56,30,0.0,243.64705882352945,0.0,214272.15992838528,0.0
S2,Pastos limpios,00000000000000000000,2022-08-21,2022-08-29,4,20,0.0,545.6705882352941,0.0,213165.6486693139,0.0
S2,Palma,00000000000000000001,2022-08-21,2022-08-29,4,20,0.0,545.6039215686275,0.0,213165.1321457805,0.0
S2,Bananera,00000000000000000002,2022-08-21,2022-08-29,4,20,0.0,545.5333333333333,0.0,213131.89231938383,0.0
S2,Manglar,00000000000000000003,2022-08-21,2022-08-29,4,20,0.0,545.850980392157,0.0,213158.9788100297,0.0
S2,Bosque seco,00000000000000000004,2022-08-21,2022-08-29,4,20,0.0,545.3686274509803,0.0,213163.19644153066,0.0
HLS,Pastos limpios,00000000000000000000,2022-08-29,2022-09-06,62,30,136.14117647058828,243.78431372549025,119662.82359667009,214276.69850116826,55.845000615415806
HLS,Palma,00000000000000000001,2022-08-29,2022-09-06,62,30,3.003921568627451,243.80784313725482,2640.655165728401,214323.03965705412,1.2320911321311074
HLS,Bananera,00000000000000000002,2022-08-29,2022-09-06,62,30,33.4313725490196,243.75686274509803,29387.41384037988,214272.54065539807,13.714969613228195
HLS,Manglar,00000000000000000003,2022-08-29,2022-09-06,62,30,221.76862745098038,241.91372549019607,194855.3055604225,212555.60338039036,91.67262704983067
HLS,Bosque seco,00000000000000000004,2022-08-29,2022-09-06,62,30,133.60000000000002,243.64705882352945,117492.39056587957,214272.15992838528,54.833250668284784
S2,Pastos limpios,00000000000000000000,2022-08-29,2022-09-06,4,20,545.6705882352941,545.6705882352941,213165.6486693139,213165.6486693139,100.0
S2,Palma,00000000000000000001,2022-08-29,2022-09-06,4,20,477.6980392156864,545.6039215686275,186634.5680376837,213165.1321457805,87.55398510017439
S2,Bananera,00000000000000000002,2022-08-29,2022-09-06,4,20,446.9098039215687,545.5333333333333,174600.9469330432,213131.89231938383,81.92154868657526
S2,Manglar,00000000000000000003,2022-08-29,2022-09-06,4,20,545.850980392157,545.850980392157,213158.9788100297,213158.9788100297,100.0
S2,Bosque seco,00000000000000000004,2022-08-29,2022-09-06,4,20,537.078431372549,545.3686274509803,209922.8637061025,213163.19644153066,98.47988171057617
HLS,Pastos limpios,00000000000000000000,2022-09-06,2022-09-14,67,30,0.0,243.78431372549025,0.0,214276.69850116826,0.0
HLS,Palma,00000000000000000001,2022-09-06,2022-09-14,67,30,14.733333333333333,243.80784313725482,12951.532290230547,214323.03965705412,6.042995802483369
HLS,Bananera,00000000000000000002,2022-09-06,2022-09-14,67,30,0.0,243.75686274509803,0.0,214272.54065539807,0.0
HLS,Manglar,00000000000000000003,2022-09-06,2022-09-14,67,30,207.07843137254903,241.91372549019607,181947.9573153627,212555.60338039036,85.60016975405156
HLS,Bosque seco,00000000000000000004,2022-09-06,2022-09-14,67,30,243.64705882352945,243.64705882352945,214272.15992838528,214272.15992838528,100.0
S2,Pastos limpios,00000000000000000000,2022-09-06,2022-09-14,2,20,0.0,545.6705882352941,0.0,213165.6486693139,0.0
S2,Palma,00000000000000000001,2022-09-06,2022-09-14,2,20,303.83137254901965,545.6039215686275,118705.67960863307,213165.1321457805,55.68719349816179
S2,Bananera,00000000000000000002,2022-09-06,2022-09-14,2,20,3.1882352941176473,545.5333333333333,1245.5896928375846,213131.89231938383,0.5844220117799335
S2,Manglar,00000000000000000003,2022-09-06,2022-09-14,2,20,545.850980392157,545.850980392157,213158.9788100297,213158.9788100297,100.0
S2,Bosque seco,00000000000000000004,2022-09-06,2022-09-14,2,20,545.3686274509803,545.3686274509803,213163.19644153066,213163.19644153066,100.0
HLS,Pastos limpios,00000000000000000000,2022-09-14,2022-09-22,50,30,16.960784313725487,243.78431372549025,14907.882218663834,214276.69850116826,6.957304421312313
HLS,Palma,00000000000000000001,2022-09-14,2022-09-22,50,30,0.0,243.80784313725482,0.0,214323.03965705412,0.0
HLS,Bananera,00000000000000000002,2022-09-14,2022-09-22,50,30,109.02745098039215,243.75686274509803,95839.7031276328,214272.54065539807,44.727944530123516
HLS,Manglar,00000000000000000003,2022-09-14,2022-09-22,50,30,241.91372549019607,241.91372549019607,212555.60338039036,212555.60338039036,100.0
HLS,Bosque seco,00000000000000000004,2022-09-14,2022-09-22,50,30,0.0,243.64705882352945,0.0,214272.15992838528,0.0
S2,Pastos limpios,00000000000000000000,2022-09-14,2022-09-22,4,20,502.6,545.6705882352941,196340.1442667643,213165.6486693139,92.10684061546371
S2,Palma,00000000000000000001,2022-09-14,2022-09-22,4,20,46.86666666666666,545.6039215686275,18310.568046061206,213165.1321457805,8.589851380355618
S2,Bananera,00000000000000000002,2022-09-14,2022-09-22,4,20,494.29803921568634,545.5333333333333,193114.97309917375,213131.89231938383,90.60820086455472
S2,Manglar,00000000000000000003,2022-09-14,2022-09-22,4,20,545.850980392157,545.850980392157,213158.9788100297,213158.9788100297,100.0
S2,Bosque seco,00000000000000000004,2022-09-14,2022-09-22,4,20,127.99607843137254,545.3686274509803,50028.62091770543,213163.19644153066,23.469633479355323
HLS,Pastos limpios,00000000000000000000,2022-09-22,2022-09-30,62,30,0.0,243.78431372549025,0.0,214276.69850116826,0.0
HLS,Palma,00000000000000000001,2022-09-22,2022-09-30,62,30,0.0,243.80784313725482,0.0,214323.03965705412,0.0
HLS,Bananera,00000000000000000002,2022-09-22,2022-09-30,62,30,0.0,243.75686274509803,0.0,214272.54065539807,0.0
HLS,Manglar,00000000000000000003,2022-09-22,2022-09-30,62,30,0.0,241.91372549019607,0.0,212555.60338039036,0.0
HLS,Bosque seco,00000000000000000004,2022-09-22,2022-09-30,62,30,0.0,243.64705882352945,0.0,214272.15992838528,0.0
S2,Pastos limpios,00000000000000000000,2022-09-22,2022-09-30,2,20,0.0,545.6705882352941,0.0,213165.6486693139,0.0
S2,Palma,00000000000000000001,2022-09-22,2022-09-30,2,20,0.0,545.6039215686275,0.0,213165.1321457805,0.0
S2,Bananera,00000000000000000002,2022-09-22,2022-09-30,2,20,0.0,545.5333333333333,0.0,213131.89231938383,0.0
S2,Manglar,00000000000000000003,2022-09-22,2022-09-30,2,20,0.0,545.850980392157,0.0,213158.9788100297,0.0
S2,Bosque seco,00000000000000000004,2022-09-22,2022-09-30,2,20,0.0,545.3686274509803,0.0,213163.19644153066,0.0
HLS,Pastos limpios,00000000000000000000,2022-09-30,2022-10-08,64,30,66.50196078431372,243.78431372549025,58452.57774753946,214276.69850116826,27.279017343652402
HLS,Palma,00000000000000000001,2022-09-30,2022-10-08,64,30,196.29411764705878,243.80784313725482,172555.49540130008,214323.03965705412,80.51187388785277
HLS,Bananera,00000000000000000002,2022-09-30,2022-10-08,64,30,148.91372549019607,243.75686274509803,130901.64444221045,214272.54065539807,61.09118977252987
HLS,Manglar,00000000000000000003,2022-09-30,2022-10-08,64,30,0.0,241.91372549019607,0.0,212555.60338039036,0.0
HLS,Bosque seco,00000000000000000004,2022-09-30,2022-10-08,64,30,48.13725490196078,243.64705882352945,42333.83174019608,214272.15992838528,19.75703785052852
S2,Pastos limpios,00000000000000000000,2022-09-30,2022-10-08,4,20,545.6705882352941,545.6705882352941,213165.6486693139,213165.6486693139,100.0
S2,Palma,00000000000000000001,2022-09-30,2022-10-08,4,20,545.6039215686275,545.6039215686275,213165.1321457805,213165.1321457805,100.0
S2,Bananera,00000000000000000002,2022-09-30,2022-10-08,4,20,545.5333333333333,545.5333333333333,213131.89231938383,213131.89231938383,100.0
S2,Manglar,00000000000000000003,2022-09-30,2022-10-08,4,20,348.5686274509803,545.850980392157,136118.60048002333,213158.9788100297,63.8577841008209
S2,Bosque seco,00000000000000000004,2022-09-30,2022-10-08,4,20,541.6156862745097,545.3686274509803,211696.32825377217,213163.19644153066,99.31185673125293
HLS,Pastos limpios,00000000000000000000,2022-10-08,2022-10-16,55,30,213.5843137254903,243.78431372549025,187731.9789802104,214276.69850116826,87.6119430126402
HLS,Palma,00000000000000000001,2022-10-08,2022-10-16,55,30,157.36078431372547,243.80784313725482,138330.39203910064,214323.03965705412,64.54294053520704
HLS,Bananera,00000000000000000002,2022-10-08,2022-10-16,55,30,41.63921568627451,243.75686274509803,36602.42765730319,214272.54065539807,17.082183067110183
HLS,Manglar,00000000000000000003,2022-10-08,2022-10-16,55,30,241.91372549019607,241.91372549019607,212555.60338039036,212555.60338039036,100.0
HLS,Bosque seco,00000000000000000004,2022-10-08,2022-10-16,55,30,0.0,243.64705882352945,0.0,214272.15992838528,0.0
S2,Pastos limpios,00000000000000000000,2022-10-08,2022-10-16,4,20,545.6705882352941,545.6705882352941,213165.6486693139,213165.6486693139,100.0
S2,Palma,00000000000000000001,2022-10-08,2022-10-16,4,20,514.6039215686276,545.6039215686275,201053.54202737228,213165.1321457805,94.31821236592988
S2,Bananera,00000000000000000002,2022-10-08,2022-10-16,4,20,541.5450980392156,545.5333333333333,211573.73703086705,213131.89231938383,99.26892438688536
S2,Manglar,00000000000000000003,2022-10-08,2022-10-16,4,20,545.850980392157,545.850980392157,213158.9788100297,213158.9788100297,100.0
S2,Bosque seco,00000000000000000004,2022-10-08,2022-10-16,4,20,421.235294117647,545.3686274509803,164644.22988041895,213163.19644153066,77.23858181380756
HLS,Pastos limpios,00000000000000000000,2022-10-16,2022-10-24,27,30,0.0,243.78431372549025,0.0,214276.69850116826,0.0
HLS,Palma,00000000000000000001,2022-10-16,2022-10-24,27,30,0.0,243.80784313725482,0.0,214323.03965705412,0.0
HLS,Bananera,00000000000000000002,2022-10-16,2022-10-24,27,30,0.0,243.75686274509803,0.0,214272.54065539807,0.0
HLS,Manglar,00000000000000000003,2022-10-16,2022-10-24,27,30,241.91372549019607,241.91372549019607,212555.60338039036,212555.60338039036,100.0
HLS,Bosque seco,00000000000000000004,2022-10-16,2022-10-24,27,30,121.71764705882356,243.64705882352945,107042.64260852283,214272.15992838528,49.95639314239374
S2,Pastos limpios,00000000000000000000,2022-10-16,2022-10-24,2,20,47.08627450980392,545.6705882352941,18394.295927279607,213165.6486693139,8.629108884149938
S2,Palma,00000000000000000001,2022-10-16,2022-10-24,2,20,183.13725490196077,545.6039215686275,71550.67472713704,213165.1321457805,33.56584353495702
S2,Bananera,00000000000000000002,2022-10-16,2022-10-24,2,20,282.64313725490194,545.5333333333333,110424.47439742745,213131.89231938383,51.81039458513015
S2,Manglar,00000000000000000003,2022-10-16,2022-10-24,2,20,545.850980392157,545.850980392157,213158.9788100297,213158.9788100297,100.0
S2,Bosque seco,00000000000000000004,2022-10-16,2022-10-24,2,20,0.0,545.3686274509803,0.0,213163.19644153066,0.0
HLS,Pastos limpios,00000000000000000000,2022-10-24,2022-11-01,7,30,243.78431372549025,243.78431372549025,214276.69850116826,214276.69850116826,100.0
HLS,Palma,00000000000000000001,2022-10-24,2022-11-01,7,30,243.80784313725482,243.80784313725482,214323.03965705412,214323.03965705412,100.0
HLS,Bananera,00000000000000000002,2022-10-24,2022-11-01,7,30,0.0,243.75686274509803,0.0,214272.54065539807,0.0
HLS,Manglar,00000000000000000003,2022-10-24,2022-11-01,7,30,152.8470588235294,241.91372549019607,134298.01186379825,212555.60338039036,63.18253187776847
HLS,Bosque seco,00000000000000000004,2022-10-24,2022-11-01,7,30,10.788235294117644,243.64705882352945,9487.606621237364,214272.15992838528,4.4278298330535995
S2,Pastos limpios,00000000000000000000,2022-10-24,2022-11-01,4,20,545.6705882352941,545.6705882352941,213165.6486693139,213165.6486693139,100.0
S2,Palma,00000000000000000001,2022-10-24,2022-11-01,4,20,545.6039215686275,545.6039215686275,213165.1321457805,213165.1321457805,100.0
S2,Bananera,00000000000000000002,2022-10-24,2022-11-01,4,20,36.81568627450981,545.5333333333333,14383.426941276999,213131.89231938383,6.748603779918142
S2,Manglar,00000000000000000003,2022-10-24,2022-11-01,4,20,545.7647058823532,545.850980392157,213125.28809000633,213158.9788100297,99.98419455740901
S2,Bosque seco,00000000000000000004,2022-10-24,2022-11-01,4,20,433.88627450980385,545.3686274509803,169589.06674661074,213163.19644153066,79.5583241280246
HLS,Pastos limpios,00000000000000000000,2022-11-01,2022-11-09,3,30,139.05490196078435,243.78431372549025,122223.57124047371,214276.69850116826,57.04006646331978
HLS,Palma,00000000000000000001,2022-11-01,2022-11-09,3,30,1.2509803921568627,243.80784313725482,1099.6867893592985,214323.03965705412,0.513097794394362
HLS,Bananera,00000000000000000002,2022-11-01,2022-11-09,3,30,0.0,243.75686274509803,0.0,214272.54065539807,0.0
HLS,Manglar,00000000000000000003,2022-11-01,2022-11-09,3,30,0.0,241.91372549019607,0.0,212555.60338039036,0.0
HLS,Bosque seco,00000000000000000004,2022-11-01,2022-11-09,3,30,0.0,243.64705882352945,0.0,214272.15992838528,0.0
S2,Pastos limpios,00000000000000000000,2022-11-01,2022-11-09,2,20,545.6705882352941,545.6705882352941,213165.6486693139,213165.6486693139,100.0
S2,Palma,00000000000000000001,2022-11-01,2022-11-09,2,20,51.768627450980375,545.6039215686275,20225.68878018251,213165.1321457805,9.488272578439545
S2,Bananera,00000000000000000002,2022-11-01,2022-11-09,2,20,33.87058823529413,545.5333333333333,13232.723022819966,213131.89231938383,6.2087015128596414
S2,Manglar,00000000000000000003,2022-11-01,2022-11-09,2,20,0.0,545.850980392157,0.0,213158.9788100297,0.0
S2,Bosque seco,00000000000000000004,2022-11-01,2022-11-09,2,20,0.0,545.3686274509803,0.0,213163.19644153066,0.0
HLS,Pastos limpios,00000000000000000000,2022-11-09,2022-11-17,7,30,0.0,243.78431372549025,0.0,214276.69850116826,0.0
HLS,Palma,00000000000000000001,2022-11-09,2022-11-17,7,30,20.26274509803921,243.80784313725482,17812.264265711157,214323.03965705412,8.310942348621591
HLS,Bananera,00000000000000000002,2022-11-09,2022-11-17,7,30,0.0,243.75686274509803,0.0,214272.54065539807,0.0
HLS,Manglar,00000000000000000003,2022-11-09,2022-11-17,7,30,241.91372549019607,241.91372549019607,212555.60338039036,212555.60338039036,100.0
HLS,Bosque seco,00000000000000000004,2022-11-09,2022-11-17,7,30,137.25098039215686,243.64705882352945,120703.89242230581,214272.15992838528,56.33204633894009
S2,Pastos limpios,00000000000000000000,2022-11-09,2022-11-17,4,20,5.682352941176471,545.6705882352941,2219.791725547641,213165.6486693139,1.0413458919880787
S2,Palma,00000000000000000001,2022-11-09,2022-11-17,4,20,124.32549019607842,545.6039215686275,48573.27890062515,213165.1321457805,22.786690492799075
S2,Bananera,00000000000000000002,2022-11-09,2022-11-17,4,20,0.0,545.5333333333333,0.0,213131.89231938383,0.0
S2,Manglar,00000000000000000003,2022-11-09,2022-11-17,4,20,545.850980392157,545.850980392157,213158.9788100297,213158.9788100297,100.0
S2,Bosque seco,00000000000000000004,2022-11-09,2022-11-17,4,20,545.3686274509803,545.3686274509803,213163.19644153066,213163.19644153066,100.0
HLS,Pastos limpios,00000000000000000000,2022-11-17,2022-11-25,24,30,0.0,243.78431372549025,0.0,214276.69850116826,0.0
HLS,Palma,00000000000000000001,2022-11-17,2022-11-25,24,30,243.80784313725482,243.80784313725482,214323.03965705412,214323.03965705412,100.0
HLS,Bananera,00000000000000000002,2022-11-17,2022-11-25,24,30,0.0,243.75686274509803,0.0,214272.54065539807,0.0
HLS,Manglar,00000000000000000003,2022-11-17,2022-11-25,24,30,61.839215686274514,241.91372549019607,54334.657205738746,212555.60338039036,25.562561674039348
HLS,Bosque seco,00000000000000000004,2022-11-17,2022-11-25,24,30,243.64705882352945,243.64705882352945,214272.15992838528,214272.15992838528,100.0
S2,Pastos limpios,00000000000000000000,2022-11-17,2022-11-25,4,20,0.0,545.6705882352941,0.0,213165.6486693139,0.0
S2,Palma,00000000000000000001,2022-11-17,2022-11-25,4,20,483.07058823529417,545.6039215686275,188733.5077593633,213165.1321457805,88.53863943859788
S2,Bananera,00000000000000000002,2022-11-17,2022-11-25,4,20,372.3882352941177,545.5333333333333,145486.5455553242,213131.89231938383,68.26127426171806
S2,Manglar,00000000000000000003,2022-11-17,2022-11-25,4,20,512.6392156862745,545.850980392157,200189.4885971965,213158.9788100297,93.91557874538712
S2,Bosque seco,00000000000000000004,2022-11-17,2022-11-25,4,20,545.3686274509803,545.3686274509803,213163.19644153066,213163.19644153066,100.0
HLS,Pastos limpios,00000000000000000000,2022-11-25,2022-12-03,15,30,121.39607843137256,243.78431372549025,106702.30253403608,214276.69850116826,49.79650297041249
HLS,Palma,00000000000000000001,2022-11-25,2022-12-03,15,30,108.07843137254903,243.80784313725482,95008.08502628103,214323.03965705412,44.32938482876448
HLS,Bananera,00000000000000000002,2022-11-25,2022-12-03,15,30,12.12156862745098,243.75686274509803,10655.354073558134,214272.54065539807,4.972804280458182
HLS,Manglar,00000000000000000003,2022-11-25,2022-12-03,15,30,90.97254901960787,241.91372549019607,79931.98359087776,212555.60338039036,37.605211210466734
HLS,Bosque seco,00000000000000000004,2022-11-25,2022-12-03,15,30,204.19607843137263,243.64705882352945,179577.64513777182,214272.15992838528,83.80820224045476
S2,Pastos limpios,00000000000000000000,2022-11-25,2022-12-03,2,20,545.6705882352941,545.6705882352941,213165.6486693139,213165.6486693139,100.0
S2,Palma,00000000000000000001,2022-11-25,2022-12-03,2,20,280.7254901960784,545.6039215686275,109678.1307598039,213165.1321457805,51.452190916850626
S2,Bananera,00000000000000000002,2022-11-25,2022-12-03,2,20,0.0,545.5333333333333,0.0,213131.89231938383,0.0
S2,Manglar,00000000000000000003,2022-11-25,2022-12-03,2,20,0.0,545.850980392157,0.0,213158.9788100297,0.0
S2,Bosque seco,00000000000000000004,2022-11-25,2022-12-03,2,20,545.3686274509803,545.3686274509803,213163.19644153066,213163.19644153066,100.0
HLS,Pastos limpios,00000000000000000000,2022-12-03,2022-12-11,18,30,243.78431372549025,243.78431372549025,214276.69850116826,214276.69850116826,100.0
HLS,Palma,00000000000000000001,2022-12-03,2022-12-11,18,30,243.80784313725482,243.80784313725482,214323.03965705412,214323.03965705412,100.0
HLS,Bananera,00000000000000000002,2022-12-03,2022-12-11,18,30,243.75686274509803,243.75686274509803,214272.54065539807,214272.54065539807,100.0
HLS,Manglar,00000000000000000003,2022-12-03,2022-12-11,18,30,241.91372549019607,241.91372549019607,212555.60338039036,212555.60338039036,100.0
HLS,Bosque seco,00000000000000000004,2022-12-03,2022-12-11,18,30,243.64705882352945,243.64705882352945,214272.15992838528,214272.15992838528,100.0
S2,Pastos limpios,00000000000000000000,2022-12-03,2022-12-11,4,20,545.6705882352941,545.6705882352941,213165.6486693139,213165.6486693139,100.0
S2,Palma,00000000000000000001,2022-12-03,2022-12-11,4,20,545.6039215686275,545.6039215686275,213165.1321457805,213165.1321457805,100.0
S2,Bananera,00000000000000000002,2022-12-03,2022-12-11,4,20,545.5333333333333,545.5333333333333,213131.89231938383,213131.89231938383,100.0
S2,Manglar,00000000000000000003,2022-12-03,2022-12-11,4,20,545.850980392157,545.850980392157,213158.9788100297,213158.9788100297,100.0
S2,Bosque seco,00000000000000000004,2022-12-03,2022-12-11,4,20,545.3686274509803,545.3686274509803,213163.19644153066,213163.19644153066,100.0
HLS,Pastos limpios,00000000000000000000,2022-12-11,2022-12-19,14,30,243.78431372549025,243.78431372549025,214276.69850116826,214276.69850116826,100.0
HLS,Palma,00000000000000000001,2022-12-11,2022-12-19,14,30,243.80784313725482,243.80784313725482,214323.03965705412,214323.03965705412,100.0
HLS,Bananera,00000000000000000002,2022-12-11,2022-12-19,14,30,243.75686274509803,243.75686274509803,214272.54065539807,214272.54065539807,100.0
HLS,Manglar,00000000000000000003,2022-12-11,2022-12-19,14,30,163.2941176470588,241.91372549019607,143476.93991172648,212555.60338039036,67.50089747338232
HLS,Bosque seco,00000000000000000004,2022-12-11,2022-12-19,14,30,243.64705882352945,243.64705882352945,214272.15992838528,214272.15992838528,100.0
S2,Pastos limpios,00000000000000000000,2022-12-11,2022-12-19,2,20,545.6705882352941,545.6705882352941,213165.6486693139,213165.6486693139,100.0
S2,Palma,00000000000000000001,2022-12-11,2022-12-19,2,20,545.6039215686275,545.6039215686275,213165.1321457805,213165.1321457805,100.0
S2,Bananera,00000000000000000002,2022-12-11,2022-12-19,2,20,545.5333333333333,545.5333333333333,213131.89231938383,213131.89231938383,100.0
S2,Manglar,00000000000000000003,2022-12-11,2022-12-19,2,20,0.0,545.850980392157,0.0,213158.9788100297,0.0
S2,Bosque seco,00000000000000000004,2022-12-11,2022-12-19,2,20,545.3686274509803,545.3686274509803,213163.19644153066,213163.19644153066,100.0
HLS,Pastos limpios,00000000000000000000,2022-12-19,2022-12-27,21,30,243.78431372549025,243.78431372549025,214276.69850116826,214276.69850116826,100.0
HLS,Palma,00000000000000000001,2022-12-19,2022-12-27,21,30,243.80784313725482,243.80784313725482,214323.03965705412,214323.03965705412,100.0
HLS,Bananera,00000000000000000002,2022-12-19,2022-12-27,21,30,243.75686274509803,243.75686274509803,214272.54065539807,214272.54065539807,100.0
HLS,Manglar,00000000000000000003,2022-12-19,2022-12-27,21,30,241.91372549019607,241.91372549019607,212555.60338039036,212555.60338039036,100.0
HLS,Bosque seco,00000000000000000004,2022-12-19,2022-12-27,21,30,243.64705882352945,243.64705882352945,214272.15992838528,214272.15992838528,100.0
S2,Pastos limpios,00000000000000000000,2022-12-19,2022-12-27,4,20,545.6705882352941,545.6705882352941,213165.6486693139,213165.6486693139,100.0
S2,Palma,00000000000000000001,2022-12-19,2022-12-27,4,20,545.6039215686275,545.6039215686275,213165.1321457805,213165.1321457805,100.0
S2,Bananera,00000000000000000002,2022-12-19,2022-12-27,4,20,545.5333333333333,545.5333333333333,213131.89231938383,213131.89231938383,100.0
S2,Manglar,00000000000000000003,2022-12-19,2022-12-27,4,20,545.850980392157,545.850980392157,213158.9788100297,213158.9788100297,100.0
S2,Bosque seco,00000000000000000004,2022-12-19,2022-12-27,4,20,545.3686274509803,545.3686274509803,213163.19644153066,213163.19644153066,100.0
HLS,Pastos limpios,00000000000000000000,2022-12-27,2023-01-01,9,30,243.78431372549025,243.78431372549025,214276.69850116826,214276.69850116826,100.0
HLS,Palma,00000000000000000001,2022-12-27,2023-01-01,9,30,243.80784313725482,243.80784313725482,214323.03965705412,214323.03965705412,100.0
HLS,Bananera,00000000000000000002,2022-12-27,2023-01-01,9,30,243.75686274509803,243.75686274509803,214272.54065539807,214272.54065539807,100.0
HLS,Manglar,00000000000000000003,2022-12-27,2023-01-01,9,30,241.91372549019607,241.91372549019607,212555.60338039036,212555.60338039036,100.0
HLS,Bosque seco,00000000000000000004,2022-12-27,2023-01-01,9,30,243.64705882352945,243.64705882352945,214272.15992838528,214272.15992838528,100.0
S2,Pastos limpios,00000000000000000000,2022-12-27,2023-01-01,2,20,545.6705882352941,545.6705882352941,213165.6486693139,213165.6486693139,100.0
S2,Palma,00000000000000000001,2022-12-27,2023-01-01,2,20,545.6039215686275,545.6039215686275,213165.1321457805,213165.1321457805,100.0
S2,Bananera,00000000000000000002,2022-12-27,2023-01-01,2,20,545.5333333333333,545.5333333333333,213131.89231938383,213131.89231938383,100.0
S2,Manglar,00000000000000000003,2022-12-27,2023-01-01,2,20,545.850980392157,545.850980392157,213158.9788100297,213158.9788100297,100.0
S2,Bosque seco,00000000000000000004,2022-12-27,2023-01-01,2,20,545.3686274509803,545.3686274509803,213163.19644153066,213163.19644153066,100.0
HLS,Pastos limpios,00000000000000000000,2023-01-01,2023-01-09,20,30,243.78431372549025,243.78431372549025,214276.69850116826,214276.69850116826,100.0
HLS,Palma,00000000000000000001,2023-01-01,2023-01-09,20,30,243.80784313725482,243.80784313725482,214323.03965705412,214323.03965705412,100.0
HLS,Bananera,00000000000000000002,2023-01-01,2023-01-09,20,30,243.75686274509803,243.75686274509803,214272.54065539807,214272.54065539807,100.0
HLS,Manglar,00000000000000000003,2023-01-01,2023-01-09,20,30,241.91372549019607,241.91372549019607,212555.60338039036,212555.60338039036,100.0
HLS,Bosque seco,00000000000000000004,2023-01-01,2023-01-09,20,30,243.64705882352945,243.64705882352945,214272.15992838528,214272.15992838528,100.0
S2,Pastos limpios,00000000000000000000,2023-01-01,2023-01-09,4,20,545.6705882352941,545.6705882352941,213165.6486693139,213165.6486693139,100.0
S2,Palma,00000000000000000001,2023-01-01,2023-01-09,4,20,545.6039215686275,545.6039215686275,213165.1321457805,213165.1321457805,100.0
S2,Bananera,00000000000000000002,2023-01-01,2023-01-09,4,20,545.5333333333333,545.5333333333333,213131.89231938383,213131.89231938383,100.0
S2,Manglar,00000000000000000003,2023-01-01,2023-01-09,4,20,545.850980392157,545.850980392157,213158.9788100297,213158.9788100297,100.0
S2,Bosque seco,00000000000000000004,2023-01-01,2023-01-09,4,20,545.3686274509803,545.3686274509803,213163.19644153066,213163.19644153066,100.0
HLS,Pastos limpios,00000000000000000000,2023-01-09,2023-01-17,13,30,243.78431372549025,243.78431372549025,214276.69850116826,214276.69850116826,100.0
HLS,Palma,00000000000000000001,2023-01-09,2023-01-17,13,30,243.80784313725482,243.80784313725482,214323.03965705412,214323.03965705412,100.0
HLS,Bananera,00000000000000000002,2023-01-09,2023-01-17,13,30,243.75686274509803,243.75686274509803,214272.54065539807,214272.54065539807,100.0
HLS,Manglar,00000000000000000003,2023-01-09,2023-01-17,13,30,241.91372549019607,241.91372549019607,212555.60338039036,212555.60338039036,100.0
HLS,Bosque seco,00000000000000000004,2023-01-09,2023-01-17,13,30,243.64705882352945,243.64705882352945,214272.15992838528,214272.15992838528,100.0
S2,Pastos limpios,00000000000000000000,2023-01-09,2023-01-17,2,20,545.6705882352941,545.6705882352941,213165.6486693139,213165.6486693139,100.0
S2,Palma,00000000000000000001,2023-01-09,2023-01-17,2,20,545.6039215686275,545.6039215686275,213165.1321457805,213165.1321457805,100.0
S2,Bananera,00000000000000000002,2023-01-09,2023-01-17,2,20,545.5333333333333,545.5333333333333,213131.89231938383,213131.89231938383,100.0
S2,Manglar,00000000000000000003,2023-01-09,2023-01-17,2,20,545.850980392157,545.850980392157,213158.9788100297,213158.9788100297,100.0
S2,Bosque seco,00000000000000000004,2023-01-09,2023-01-17,2,20,545.3686274509803,545.3686274509803,213163.19644153066,213163.19644153066,100.0
HLS,Pastos limpios,00000000000000000000,2023-01-17,2023-01-25,16,30,243.78431372549025,243.78431372549025,214276.69850116826,214276.69850116826,100.0
HLS,Palma,00000000000000000001,2023-01-17,2023-01-25,16,30,243.80784313725482,243.80784313725482,214323.03965705412,214323.03965705412,100.0
HLS,Bananera,00000000000000000002,2023-01-17,2023-01-25,16,30,243.75686274509803,243.75686274509803,214272.54065539807,214272.54065539807,100.0
HLS,Manglar,00000000000000000003,2023-01-17,2023-01-25,16,30,241.91372549019607,241.91372549019607,212555.60338039036,212555.60338039036,100.0
HLS,Bosque seco,00000000000000000004,2023-01-17,2023-01-25,16,30,243.64705882352945,243.64705882352945,214272.15992838528,214272.15992838528,100.0
S2,Pastos limpios,00000000000000000000,2023-01-17,2023-01-25,4,20,545.6705882352941,545.6705882352941,213165.6486693139,213165.6486693139,100.0
S2,Palma,00000000000000000001,2023-01-17,2023-01-25,4,20,545.6039215686275,545.6039215686275,213165.1321457805,213165.1321457805,100.0
S2,Bananera,00000000000000000002,2023-01-17,2023-01-25,4,20,545.5333333333333,545.5333333333333,213131.89231938383,213131.89231938383,100.0
S2,Manglar,00000000000000000003,2023-01-17,2023-01-25,4,20,545.850980392157,545.850980392157,213158.9788100297,213158.9788100297,100.0
S2,Bosque seco,00000000000000000004,2023-01-17,2023-01-25,4,20,545.3686274509803,545.3686274509803,213163.19644153066,213163.19644153066,100.0
HLS,Pastos limpios,00000000000000000000,2023-01-25,2023-02-02,18,30,243.78431372549025,243.78431372549025,214276.69850116826,214276.69850116826,100.0
HLS,Palma,00000000000000000001,2023-01-25,2023-02-02,18,30,243.80784313725482,243.80784313725482,214323.03965705412,214323.03965705412,100.0
HLS,Bananera,00000000000000000002,2023-01-25,2023-02-02,18,30,243.75686274509803,243.75686274509803,214272.54065539807,214272.54065539807,100.0
HLS,Manglar,00000000000000000003,2023-01-25,2023-02-02,18,30,241.91372549019607,241.91372549019607,212555.60338039036,212555.60338039036,100.0
HLS,Bosque seco,00000000000000000004,2023-01-25,2023-02-02,18,30,243.64705882352945,243.64705882352945,214272.15992838528,214272.15992838528,100.0
S2,Pastos limpios,00000000000000000000,2023-01-25,2023-02-02,2,20,545.6705882352941,545.6705882352941,213165.6486693139,213165.6486693139,100.0
S2,Palma,00000000000000000001,2023-01-25,2023-02-02,2,20,545.6039215686275,545.6039215686275,213165.1321457805,213165.1321457805,100.0
S2,Bananera,00000000000000000002,2023-01-25,2023-02-02,2,20,545.5333333333333,545.5333333333333,213131.89231938383,213131.89231938383,100.0
S2,Manglar,00000000000000000003,2023-01-25,2023-02-02,2,20,545.850980392157,545.850980392157,213158.9788100297,213158.9788100297,100.0
S2,Bosque seco,00000000000000000004,2023-01-25,2023-02-02,2,20,545.3686274509803,545.3686274509803,213163.19644153066,213163.19644153066,100.0
HLS,Pastos limpios,00000000000000000000,2023-02-02,2023-02-10,21,30,243.78431372549025,243.78431372549025,214276.69850116826,214276.69850116826,100.0
HLS,Palma,00000000000000000001,2023-02-02,2023-02-10,21,30,243.80784313725482,243.80784313725482,214323.03965705412,214323.03965705412,100.0
HLS,Bananera,00000000000000000002,2023-02-02,2023-02-10,21,30,243.75686274509803,243.75686274509803,214272.54065539807,214272.54065539807,100.0
HLS,Manglar,00000000000000000003,2023-02-02,2023-02-10,21,30,241.91372549019607,241.91372549019607,212555.60338039036,212555.60338039036,100.0
HLS,Bosque seco,00000000000000000004,2023-02-02,2023-02-10,21,30,243.64705882352945,243.64705882352945,214272.15992838528,214272.15992838528,100.0
S2,Pastos limpios,00000000000000000000,2023-02-02,2023-02-10,4,20,545.6705882352941,545.6705882352941,213165.6486693139,213165.6486693139,100.0
S2,Palma,00000000000000000001,2023-02-02,2023-02-10,4,20,545.6039215686275,545.6039215686275,213165.1321457805,213165.1321457805,100.0
S2,Bananera,00000000000000000002,2023-02-02,2023-02-10,4,20,545.5333333333333,545.5333333333333,213131.89231938383,213131.89231938383,100.0
S2,Manglar,00000000000000000003,2023-02-02,2023-02-10,4,20,545.850980392157,545.850980392157,213158.9788100297,213158.9788100297,100.0
S2,Bosque seco,00000000000000000004,2023-02-02,2023-02-10,4,20,545.3686274509803,545.3686274509803,213163.19644153066,213163.19644153066,100.0
HLS,Pastos limpios,00000000000000000000,2023-02-10,2023-02-18,20,30,243.78431372549025,243.78431372549025,214276.69850116826,214276.69850116826,100.0
HLS,Palma,00000000000000000001,2023-02-10,2023-02-18,20,30,243.80784313725482,243.80784313725482,214323.03965705412,214323.03965705412,100.0
HLS,Bananera,00000000000000000002,2023-02-10,2023-02-18,20,30,243.75686274509803,243.75686274509803,214272.54065539807,214272.54065539807,100.0
HLS,Manglar,00000000000000000003,2023-02-10,2023-02-18,20,30,241.91372549019607,241.91372549019607,212555.60338039036,212555.60338039036,100.0
HLS,Bosque seco,00000000000000000004,2023-02-10,2023-02-18,20,30,243.64705882352945,243.64705882352945,214272.15992838528,214272.15992838528,100.0
S2,Pastos limpios,00000000000000000000,2023-02-10,2023-02-18,4,20,545.6705882352941,545.6705882352941,213165.6486693139,213165.6486693139,100.0
S2,Palma,00000000000000000001,2023-02-10,2023-02-18,4,20,545.6039215686275,545.6039215686275,213165.1321457805,213165.1321457805,100.0
S2,Bananera,00000000000000000002,2023-02-10,2023-02-18,4,20,545.5333333333333,545.5333333333333,213131.89231938383,213131.89231938383,100.0
S2,Manglar,00000000000000000003,2023-02-10,2023-02-18,4,20,545.850980392157,545.850980392157,213158.9788100297,213158.9788100297,100.0
S2,Bosque seco,00000000000000000004,2023-02-10,2023-02-18,4,20,545.3686274509803,545.3686274509803,213163.19644153066,213163.19644153066,100.0
HLS,Pastos limpios,00000000000000000000,2023-02-18,2023-02-26,31,30,243.78431372549025,243.78431372549025,214276.69850116826,214276.69850116826,100.0
HLS,Palma,00000000000000000001,2023-02-18,2023-02-26,31,30,243.80784313725482,243.80784313725482,214323.03965705412,214323.03965705412,100.0
HLS,Bananera,00000000000000000002,2023-02-18,2023-02-26,31,30,243.75686274509803,243.75686274509803,214272.54065539807,214272.54065539807,100.0
HLS,Manglar,00000000000000000003,2023-02-18,2023-02-26,31,30,241.91372549019607,241.91372549019607,212555.60338039036,212555.60338039036,100.0
HLS,Bosque seco,00000000000000000004,2023-02-18,2023-02-26,31,30,243.64705882352945,243.64705882352945,214272.15992838528,214272.15992838528,100.0
S2,Pastos limpios,00000000000000000000,2023-02-18,2023-02-26,2,20,545.6705882352941,545.6705882352941,213165.6486693139,213165.6486693139,100.0
S2,Palma,00000000000000000001,2023-02-18,2023-02-26,2,20,545.6039215686275,545.6039215686275,213165.1321457805,213165.1321457805,100.0
S2,Bananera,00000000000000000002,2023-02-18,2023-02-26,2,20,545.5333333333333,545.5333333333333,213131.89231938383,213131.89231938383,100.0
S2,Manglar,00000000000000000003,2023-02-18,2023-02-26,2,20,545.850980392157,545.850980392157,213158.9788100297,213158.9788100297,100.0
S2,Bosque seco,00000000000000000004,2023-02-18,2023-02-26,2,20,545.3686274509803,545.3686274509803,213163.19644153066,213163.19644153066,100.0
HLS,Pastos limpios,00000000000000000000,2023-02-26,2023-03-06,40,30,243.78431372549025,243.78431372549025,214276.69850116826,214276.69850116826,100.0
HLS,Palma,00000000000000000001,2023-02-26,2023-03-06,40,30,243.80784313725482,243.80784313725482,214323.03965705412,214323.03965705412,100.0
HLS,Bananera,00000000000000000002,2023-02-26,2023-03-06,40,30,243.75686274509803,243.75686274509803,214272.54065539807,214272.54065539807,100.0
HLS,Manglar,00000000000000000003,2023-02-26,2023-03-06,40,30,241.91372549019607,241.91372549019607,212555.60338039036,212555.60338039036,100.0
HLS,Bosque seco,00000000000000000004,2023-02-26,2023-03-06,40,30,243.64705882352945,243.64705882352945,214272.15992838528,214272.15992838528,100.0
S2,Pastos limpios,00000000000000000000,2023-02-26,2023-03-06,4,20,545.6705882352941,545.6705882352941,213165.6486693139,213165.6486693139,100.0
S2,Palma,00000000000000000001,2023-02-26,2023-03-06,4,20,545.6039215686275,545.6039215686275,213165.1321457805,213165.1321457805,100.0
S2,Bananera,00000000000000000002,2023-02-26,2023-03-06,4,20,545.5333333333333,545.5333333333333,213131.89231938383,213131.89231938383,100.0
S2,Manglar,00000000000000000003,2023-02-26,2023-03-06,4,20,545.850980392157,545.850980392157,213158.9788100297,213158.9788100297,100.0
S2,Bosque seco,00000000000000000004,2023-02-26,2023-03-06,4,20,545.3686274509803,545.3686274509803,213163.19644153066,213163.19644153066,100.0
HLS,Pastos limpios,00000000000000000000,2023-03-06,2023-03-14,36,30,125.23529411764707,243.78431372549025,110076.60344860601,214276.69850116826,51.371242985623034
HLS,Palma,00000000000000000001,2023-03-06,2023-03-14,36,30,0.0,243.80784313725482,0.0,214323.03965705412,0.0
HLS,Bananera,00000000000000000002,2023-03-06,2023-03-14,36,30,0.0,243.75686274509803,0.0,214272.54065539807,0.0
HLS,Manglar,00000000000000000003,2023-03-06,2023-03-14,36,30,241.91372549019607,241.91372549019607,212555.60338039036,212555.60338039036,100.0
HLS,Bosque seco,00000000000000000004,2023-03-06,2023-03-14,36,30,0.0,243.64705882352945,0.0,214272.15992838528,0.0
S2,Pastos limpios,00000000000000000000,2023-03-06,2023-03-14,2,20,0.0,545.6705882352941,0.0,213165.6486693139,0.0
S2,Palma,00000000000000000001,2023-03-06,2023-03-14,2,20,0.0,545.6039215686275,0.0,213165.1321457805,0.0
S2,Bananera,00000000000000000002,2023-03-06,2023-03-14,2,20,0.0,545.5333333333333,0.0,213131.89231938383,0.0
S2,Manglar,00000000000000000003,2023-03-06,2023-03-14,2,20,0.0,545.850980392157,0.0,213158.9788100297,0.0
S2,Bosque seco,00000000000000000004,2023-03-06,2023-03-14,2,20,0.0,545.3686274509803,0.0,213163.19644153066,0.0
HLS,Pastos limpios,00000000000000000000,2023-03-14,2023-03-22,42,30,236.5843137254903,243.78431372549025,207948.16714848558,214276.69850116826,97.04656110676066
HLS,Palma,00000000000000000001,2023-03-14,2023-03-22,42,30,243.80784313725482,243.80784313725482,214323.03965705412,214323.03965705412,100.0
HLS,Bananera,00000000000000000002,2023-03-14,2023-03-22,42,30,243.75686274509803,243.75686274509803,214272.54065539807,214272.54065539807,100.0
HLS,Manglar,00000000000000000003,2023-03-14,2023-03-22,42,30,241.91372549019607,241.91372549019607,212555.60338039036,212555.60338039036,100.0
HLS,Bosque seco,00000000000000000004,2023-03-14,2023-03-22,42,30,243.64705882352945,243.64705882352945,214272.15992838528,214272.15992838528,100.0
S2,Pastos limpios,00000000000000000000,2023-03-14,2023-03-22,4,20,545.6705882352941,545.6705882352941,213165.6486693139,213165.6486693139,100.0
S2,Palma,00000000000000000001,2023-03-14,2023-03-22,4,20,545.6039215686275,545.6039215686275,213165.1321457805,213165.1321457805,100.0
S2,Bananera,00000000000000000002,2023-03-14,2023-03-22,4,20,545.5333333333333,545.5333333333333,213131.89231938383,213131.89231938383,100.0
S2,Manglar,00000000000000000003,2023-03-14,2023-03-22,4,20,545.850980392157,545.850980392157,213158.9788100297,213158.9788100297,100.0
S2,Bosque seco,00000000000000000004,2023-03-14,2023-03-22,4,20,545.3686274509803,545.3686274509803,213163.19644153066,213163.19644153066,100.0
HLS,Pastos limpios,00000000000000000000,2023-03-22,2023-03-30,43,30,243.78431372549025,243.78431372549025,214276.69850116826,214276.69850116826,100.0
HLS,Palma,00000000000000000001,2023-03-22,2023-03-30,43,30,243.80784313725482,243.80784313725482,214323.03965705412,214323.03965705412,100.0
HLS,Bananera,00000000000000000002,2023-03-22,2023-03-30,43,30,243.75686274509803,243.75686274509803,214272.54065539807,214272.54065539807,100.0
HLS,Manglar,00000000000000000003,2023-03-22,2023-03-30,43,30,241.91372549019607,241.91372549019607,212555.60338039036,212555.60338039036,100.0
HLS,Bosque seco,00000000000000000004,2023-03-22,2023-03-30,43,30,243.64705882352945,243.64705882352945,214272.15992838528,214272.15992838528,100.0
S2,Pastos limpios,00000000000000000000,2023-03-22,2023-03-30,4,20,545.6705882352941,545.6705882352941,213165.6486693139,213165.6486693139,100.0
S2,Palma,00000000000000000001,2023-03-22,2023-03-30,4,20,545.6039215686275,545.6039215686275,213165.1321457805,213165.1321457805,100.0
S2,Bananera,00000000000000000002,2023-03-22,2023-03-30,4,20,545.5333333333333,545.5333333333333,213131.89231938383,213131.89231938383,100.0
S2,Manglar,00000000000000000003,2023-03-22,2023-03-30,4,20,545.850980392157,545.850980392157,213158.9788100297,213158.9788100297,100.0
S2,Bosque seco,00000000000000000004,2023-03-22,2023-03-30,4,20,545.3686274509803,545.3686274509803,213163.19644153066,213163.19644153066,100.0
HLS,Pastos limpios,00000000000000000000,2023-03-30,2023-04-07,59,30,243.78431372549025,243.78431372549025,214276.69850116826,214276.69850116826,100.0
HLS,Palma,00000000000000000001,2023-03-30,2023-04-07,59,30,243.80784313725482,243.80784313725482,214323.03965705412,214323.03965705412,100.0
HLS,Bananera,00000000000000000002,2023-03-30,2023-04-07,59,30,243.75686274509803,243.75686274509803,214272.54065539807,214272.54065539807,100.0
HLS,Manglar,00000000000000000003,2023-03-30,2023-04-07,59,30,241.91372549019607,241.91372549019607,212555.60338039036,212555.60338039036,100.0
HLS,Bosque seco,00000000000000000004,2023-03-30,2023-04-07,59,30,243.64705882352945,243.64705882352945,214272.15992838528,214272.15992838528,100.0
S2,Pastos limpios,00000000000000000000,2023-03-30,2023-04-07,2,20,545.6705882352941,545.6705882352941,213165.6486693139,213165.6486693139,100.0
S2,Palma,00000000000000000001,2023-03-30,2023-04-07,2,20,545.6039215686275,545.6039215686275,213165.1321457805,213165.1321457805,100.0
S2,Bananera,00000000000000000002,2023-03-30,2023-04-07,2,20,545.5333333333333,545.5333333333333,213131.89231938383,213131.89231938383,100.0
S2,Manglar,00000000000000000003,2023-03-30,2023-04-07,2,20,545.850980392157,545.850980392157,213158.9788100297,213158.9788100297,100.0
S2,Bosque seco,00000000000000000004,2023-03-30,2023-04-07,2,20,545.3686274509803,545.3686274509803,213163.19644153066,213163.19644153066,100.0
HLS,Pastos limpios,00000000000000000000,2023-04-07,2023-04-15,64,30,243.78431372549025,243.78431372549025,214276.69850116826,214276.69850116826,100.0
HLS,Palma,00000000000000000001,2023-04-07,2023-04-15,64,30,28.301960784313714,243.80784313725482,24879.28052667355,214323.03965705412,11.608308918389627
HLS,Bananera,00000000000000000002,2023-04-07,2023-04-15,64,30,243.75686274509803,243.75686274509803,214272.54065539807,214272.54065539807,100.0
HLS,Manglar,00000000000000000003,2023-04-07,2023-04-15,64,30,241.91372549019607,241.91372549019607,212555.60338039036,212555.60338039036,100.0
HLS,Bosque seco,00000000000000000004,2023-04-07,2023-04-15,64,30,243.64705882352945,243.64705882352945,214272.15992838528,214272.15992838528,100.0
S2,Pastos limpios,00000000000000000000,2023-04-07,2023-04-15,4,20,545.6705882352941,545.6705882352941,213165.6486693139,213165.6486693139,100.0
S2,Palma,00000000000000000001,2023-04-07,2023-04-15,4,20,545.6039215686275,545.6039215686275,213165.1321457805,213165.1321457805,100.0
S2,Bananera,00000000000000000002,2023-04-07,2023-04-15,4,20,545.5333333333333,545.5333333333333,213131.89231938383,213131.89231938383,100.0
S2,Manglar,00000000000000000003,2023-04-07,2023-04-15,4,20,545.850980392157,545.850980392157,213158.9788100297,213158.9788100297,100.0
S2,Bosque seco,00000000000000000004,2023-04-07,2023-04-15,4,20,545.3686274509803,545.3686274509803,213163.19644153066,213163.19644153066,100.0
HLS,Pastos limpios,00000000000000000000,2023-04-15,2023-04-23,36,30,243.78431372549025,243.78431372549025,214276.69850116826,214276.69850116826,100.0
HLS,Palma,00000000000000000001,2023-04-15,2023-04-23,36,30,0.0,243.80784313725482,0.0,214323.03965705412,0.0
HLS,Bananera,00000000000000000002,2023-04-15,2023-04-23,36,30,243.75686274509803,243.75686274509803,214272.54065539807,214272.54065539807,100.0
HLS,Manglar,00000000000000000003,2023-04-15,2023-04-23,36,30,241.91372549019607,241.91372549019607,212555.60338039036,212555.60338039036,100.0
HLS,Bosque seco,00000000000000000004,2023-04-15,2023-04-23,36,30,243.64705882352945,243.64705882352945,214272.15992838528,214272.15992838528,100.0
S2,Pastos limpios,00000000000000000000,2023-04-15,2023-04-23,2,20,545.6705882352941,545.6705882352941,213165.6486693139,213165.6486693139,100.0
S2,Palma,00000000000000000001,2023-04-15,2023-04-23,2,20,460.80784313725496,545.6039215686275,180035.6199650781,213165.1321457805,84.45828740976006
S2,Bananera,00000000000000000002,2023-04-15,2023-04-23,2,20,545.5333333333333,545.5333333333333,213131.89231938383,213131.89231938383,100.0
S2,Manglar,00000000000000000003,2023-04-15,2023-04-23,2,20,367.86666666666656,545.850980392157,143654.5650406181,213158.9788100297,67.3931569022223
S2,Bosque seco,00000000000000000004,2023-04-15,2023-04-23,2,20,545.3686274509803,545.3686274509803,213163.19644153066,213163.19644153066,100.0
HLS,Pastos limpios,00000000000000000000,2023-04-23,2023-05-01,61,30,243.78431372549025,243.78431372549025,214276.69850116826,214276.69850116826,100.0
HLS,Palma,00000000000000000001,2023-04-23,2023-05-01,61,30,243.60784313725483,243.80784313725482,214147.2277796127,214323.03965705412,99.91796874581344
HLS,Bananera,00000000000000000002,2023-04-23,2023-05-01,61,30,227.45882352941177,243.75686274509803,199945.96778277232,214272.54065539807,93.31385494902665
HLS,Manglar,00000000000000000003,2023-04-23,2023-05-01,61,30,0.0,241.91372549019607,0.0,212555.60338039036,0.0
HLS,Bosque seco,00000000000000000004,2023-04-23,2023-05-01,61,30,243.64705882352945,243.64705882352945,214272.15992838528,214272.15992838528,100.0
S2,Pastos limpios,00000000000000000000,2023-04-23,2023-05-01,4,20,545.6705882352941,545.6705882352941,213165.6486693139,213165.6486693139,100.0
S2,Palma,00000000000000000001,2023-04-23,2023-05-01,4,20,542.1058823529412,545.6039215686275,211798.4543731089,213165.1321457805,99.35886429505885
S2,Bananera,00000000000000000002,2023-04-23,2023-05-01,4,20,508.01568627450985,545.5333333333333,198474.27056741153,213131.89231938383,93.12274592391482
S2,Manglar,00000000000000000003,2023-04-23,2023-05-01,4,20,0.0,545.850980392157,0.0,213158.9788100297,0.0
S2,Bosque seco,00000000000000000004,2023-04-23,2023-05-01,4,20,545.3686274509803,545.3686274509803,213163.19644153066,213163.19644153066,100.0
HLS,Pastos limpios,00000000000000000000,2023-05-01,2023-05-09,54,30,243.78431372549025,243.78431372549025,214276.69850116826,214276.69850116826,100.0
HLS,Palma,00000000000000000001,2023-05-01,2023-05-09,54,30,243.80784313725482,243.80784313725482,214323.03965705412,214323.03965705412,100.0
HLS,Bananera,00000000000000000002,2023-05-01,2023-05-09,54,30,243.75686274509803,243.75686274509803,214272.54065539807,214272.54065539807,100.0
HLS,Manglar,00000000000000000003,2023-05-01,2023-05-09,54,30,241.91372549019607,241.91372549019607,212555.60338039036,212555.60338039036,100.0
HLS,Bosque seco,00000000000000000004,2023-05-01,2023-05-09,54,30,93.18039215686278,243.64705882352945,81946.14462268296,214272.15992838528,38.24395322755474
S2,Pastos limpios,00000000000000000000,2023-05-01,2023-05-09,6,20,545.6705882352941,545.6705882352941,213165.6486693139,213165.6486693139,100.0
S2,Palma,00000000000000000001,2023-05-01,2023-05-09,6,20,545.6039215686275,545.6039215686275,213165.1321457805,213165.1321457805,100.0
S2,Bananera,00000000000000000002,2023-05-01,2023-05-09,6,20,545.5333333333333,545.5333333333333,213131.89231938383,213131.89231938383,100.0
S2,Manglar,00000000000000000003,2023-05-01,2023-05-09,6,20,545.850980392157,545.850980392157,213158.9788100297,213158.9788100297,100.0
S2,Bosque seco,00000000000000000004,2023-05-01,2023-05-09,6,20,545.3686274509803,545.3686274509803,213163.19644153066,213163.19644153066,100.0
HLS,Pastos limpios,00000000000000000000,2023-05-09,2023-05-17,46,30,243.78431372549025,243.78431372549025,214276.69850116826,214276.69850116826,100.0
HLS,Palma,00000000000000000001,2023-05-09,2023-05-17,46,30,243.80784313725482,243.80784313725482,214323.03965705412,214323.03965705412,100.0
HLS,Bananera,00000000000000000002,2023-05-09,2023-05-17,46,30,243.75686274509803,243.75686274509803,214272.54065539807,214272.54065539807,100.0
HLS,Manglar,00000000000000000003,2023-05-09,2023-05-17,46,30,241.91372549019607,241.91372549019607,212555.60338039036,212555.60338039036,100.0
HLS,Bosque seco,00000000000000000004,2023-05-09,2023-05-17,46,30,243.64705882352945,243.64705882352945,214272.15992838528,214272.15992838528,100.0
S2,Pastos limpios,00000000000000000000,2023-05-09,2023-05-17,2,20,545.6705882352941,545.6705882352941,213165.6486693139,213165.6486693139,100.0
S2,Palma,00000000000000000001,2023-05-09,2023-05-17,2,20,545.6039215686275,545.6039215686275,213165.1321457805,213165.1321457805,100.0
S2,Bananera,00000000000000000002,2023-05-09,2023-05-17,2,20,545.5333333333333,545.5333333333333,213131.89231938383,213131.89231938383,100.0
S2,Manglar,00000000000000000003,2023-05-09,2023-05-17,2,20,545.850980392157,545.850980392157,213158.9788100297,213158.9788100297,100.0
S2,Bosque seco,00000000000000000004,2023-05-09,2023-05-17,2,20,545.3686274509803,545.3686274509803,213163.19644153066,213163.19644153066,100.0
HLS,Pastos limpios,00000000000000000000,2023-05-17,2023-05-25,52,30,243.4117647058824,243.78431372549025,213949.24498961226,214276.69850116826,99.84718193165824
HLS,Palma,00000000000000000001,2023-05-17,2023-05-25,52,30,50.28235294117648,243.80784313725482,44201.513685996855,214323.03965705412,20.62378069885779
HLS,Bananera,00000000000000000002,2023-05-17,2023-05-25,52,30,167.31372549019605,243.75686274509803,147075.7503082875,214272.54065539807,68.63956989468883
HLS,Manglar,00000000000000000003,2023-05-17,2023-05-25,52,30,241.91372549019607,241.91372549019607,212555.60338039036,212555.60338039036,100.0
HLS,Bosque seco,00000000000000000004,2023-05-17,2023-05-25,52,30,154.69803921568632,243.64705882352945,136047.36178792315,214272.15992838528,63.492784985876526
S2,Pastos limpios,00000000000000000000,2023-05-17,2023-05-25,4,20,545.6705882352941,545.6705882352941,213165.6486693139,213165.6486693139,100.0
S2,Palma,00000000000000000001,2023-05-17,2023-05-25,4,20,545.6039215686275,545.6039215686275,213165.1321457805,213165.1321457805,100.0
S2,Bananera,00000000000000000002,2023-05-17,2023-05-25,4,20,545.5333333333333,545.5333333333333,213131.89231938383,213131.89231938383,100.0
S2,Manglar,00000000000000000003,2023-05-17,2023-05-25,4,20,545.850980392157,545.850980392157,213158.9788100297,213158.9788100297,100.0
S2,Bosque seco,00000000000000000004,2023-05-17,2023-05-25,4,20,538.9411764705882,545.3686274509803,210650.97274505012,213163.19644153066,98.82145523316468
HLS,Pastos limpios,00000000000000000000,2023-05-25,2023-06-02,37,30,0.0,243.78431372549025,0.0,214276.69850116826,0.0
HLS,Palma,00000000000000000001,2023-05-25,2023-06-02,37,30,0.0,243.80784313725482,0.0,214323.03965705412,0.0
HLS,Bananera,00000000000000000002,2023-05-25,2023-06-02,37,30,0.0,243.75686274509803,0.0,214272.54065539807,0.0
HLS,Manglar,00000000000000000003,2023-05-25,2023-06-02,37,30,241.91372549019607,241.91372549019607,212555.60338039036,212555.60338039036,100.0
HLS,Bosque seco,00000000000000000004,2023-05-25,2023-06-02,37,30,6.415686274509804,243.64705882352945,5642.156411803001,214272.15992838528,2.6331728833501935
S2,Pastos limpios,00000000000000000000,2023-05-25,2023-06-02,2,20,545.6705882352941,545.6705882352941,213165.6486693139,213165.6486693139,100.0
S2,Palma,00000000000000000001,2023-05-25,2023-06-02,2,20,196.24705882352941,545.6039215686275,76672.84102292533,213165.1321457805,35.96875354384408
S2,Bananera,00000000000000000002,2023-05-25,2023-06-02,2,20,285.4588235294118,545.5333333333333,111524.44371541342,213131.89231938383,52.32649253087429
S2,Manglar,00000000000000000003,2023-05-25,2023-06-02,2,20,545.850980392157,545.850980392157,213158.9788100297,213158.9788100297,100.0
S2,Bosque seco,00000000000000000004,2023-05-25,2023-06-02,2,20,297.97647058823526,545.3686274509803,116467.06773633766,213163.19644153066,54.637512328862016
HLS,Pastos limpios,00000000000000000000,2023-06-02,2023-06-10,50,30,9.172549019607846,243.78431372549025,8062.255650898052,214276.69850116826,3.7625442744321993
HLS,Palma,00000000000000000001,2023-06-02,2023-06-10,50,30,0.0,243.80784313725482,0.0,214323.03965705412,0.0
HLS,Bananera,00000000000000000002,2023-06-02,2023-06-10,50,30,243.75686274509803,243.75686274509803,214272.54065539807,214272.54065539807,100.0
HLS,Manglar,00000000000000000003,2023-06-02,2023-06-10,50,30,241.13725490196077,241.91372549019607,211873.3622872148,212555.60338039036,99.6790293540488
HLS,Bosque seco,00000000000000000004,2023-06-02,2023-06-10,50,30,0.0,243.64705882352945,0.0,214272.15992838528,0.0
S2,Pastos limpios,00000000000000000000,2023-06-02,2023-06-10,4,20,545.6705882352941,545.6705882352941,213165.6486693139,213165.6486693139,100.0
S2,Palma,00000000000000000001,2023-06-02,2023-06-10,4,20,24.05098039215686,545.6039215686275,9396.584253647748,213165.1321457805,4.408124424036462
S2,Bananera,00000000000000000002,2023-06-02,2023-06-10,4,20,545.5333333333333,545.5333333333333,213131.89231938383,213131.89231938383,100.0
S2,Manglar,00000000000000000003,2023-06-02,2023-06-10,4,20,545.850980392157,545.850980392157,213158.9788100297,213158.9788100297,100.0
S2,Bosque seco,00000000000000000004,2023-06-02,2023-06-10,4,20,382.9137254901961,545.3686274509803,149666.16903267652,213163.19644153066,70.21201198478417
HLS,Pastos limpios,00000000000000000000,2023-06-10,2023-06-18,61,30,100.31764705882357,243.78431372549025,88175.19677327467,214276.69850116826,41.15015649860497
HLS,Palma,00000000000000000001,2023-06-10,2023-06-18,61,30,243.80784313725482,243.80784313725482,214323.03965705412,214323.03965705412,100.0
HLS,Bananera,00000000000000000002,2023-06-10,2023-06-18,61,30,201.06666666666666,243.75686274509803,176746.1956562118,214272.54065539807,82.48662899856231
HLS,Manglar,00000000000000000003,2023-06-10,2023-06-18,61,30,241.91372549019607,241.91372549019607,212555.60338039036,212555.60338039036,100.0
HLS,Bosque seco,00000000000000000004,2023-06-10,2023-06-18,61,30,243.64705882352945,243.64705882352945,214272.15992838528,214272.15992838528,100.0
S2,Pastos limpios,00000000000000000000,2023-06-10,2023-06-18,4,20,484.94117647058823,545.6705882352941,189441.85550213984,213165.6486693139,88.87072409871394
S2,Palma,00000000000000000001,2023-06-10,2023-06-18,4,20,545.6039215686275,545.6039215686275,213165.1321457805,213165.1321457805,100.0
S2,Bananera,00000000000000000002,2023-06-10,2023-06-18,4,20,347.5490196078432,545.5333333333333,135782.10983072914,213131.89231938383,63.7080205843882
S2,Manglar,00000000000000000003,2023-06-10,2023-06-18,4,20,545.850980392157,545.850980392157,213158.9788100297,213158.9788100297,100.0
S2,Bosque seco,00000000000000000004,2023-06-10,2023-06-18,4,20,312.4078431372549,545.3686274509803,122107.89992460361,213163.19644153066,57.283762846039444
HLS,Pastos limpios,00000000000000000000,2023-06-18,2023-06-26,50,30,7.184313725490196,243.78431372549025,6314.737528722427,214276.69850116826,2.947001504546701
HLS,Palma,00000000000000000001,2023-06-18,2023-06-26,50,30,243.80784313725482,243.80784313725482,214323.03965705412,214323.03965705412,100.0
HLS,Bananera,00000000000000000002,2023-06-18,2023-06-26,50,30,243.75686274509803,243.75686274509803,214272.54065539807,214272.54065539807,100.0
HLS,Manglar,00000000000000000003,2023-06-18,2023-06-26,50,30,241.91372549019607,241.91372549019607,212555.60338039036,212555.60338039036,100.0
HLS,Bosque seco,00000000000000000004,2023-06-18,2023-06-26,50,30,243.64705882352945,243.64705882352945,214272.15992838528,214272.15992838528,100.0
S2,Pastos limpios,00000000000000000000,2023-06-18,2023-06-26,2,20,545.6705882352941,545.6705882352941,213165.6486693139,213165.6486693139,100.0
S2,Palma,00000000000000000001,2023-06-18,2023-06-26,2,20,545.6039215686275,545.6039215686275,213165.1321457805,213165.1321457805,100.0
S2,Bananera,00000000000000000002,2023-06-18,2023-06-26,2,20,545.5333333333333,545.5333333333333,213131.89231938383,213131.89231938383,100.0
S2,Manglar,00000000000000000003,2023-06-18,2023-06-26,2,20,545.850980392157,545.850980392157,213158.9788100297,213158.9788100297,100.0
S2,Bosque seco,00000000000000000004,2023-06-18,2023-06-26,2,20,545.3686274509803,545.3686274509803,213163.19644153066,213163.19644153066,100.0
HLS,Pastos limpios,00000000000000000000,2023-06-26,2023-07-04,42,30,5.580392156862745,243.78431372549025,4904.923370481004,214276.69850116826,2.289060548715829
HLS,Palma,00000000000000000001,2023-06-26,2023-07-04,42,30,0.5019607843137255,243.80784313725482,441.2594056372549,214323.03965705412,0.2058851938379232
HLS,Bananera,00000000000000000002,2023-06-26,2023-07-04,42,30,0.0,243.75686274509803,0.0,214272.54065539807,0.0
HLS,Manglar,00000000000000000003,2023-06-26,2023-07-04,42,30,231.13725490196074,241.91372549019607,203086.93070762494,212555.60338039036,95.54531966121813
HLS,Bosque seco,00000000000000000004,2023-06-26,2023-07-04,42,30,4.294117647058823,243.64705882352945,3776.3797822840074,214272.15992838528,1.762422044723944
S2,Pastos limpios,00000000000000000000,2023-06-26,2023-07-04,4,20,342.3764705882352,545.6705882352941,133748.937109375,213165.6486693139,62.74413252993737
S2,Palma,00000000000000000001,2023-06-26,2023-07-04,4,20,267.95294117647063,545.6039215686275,104688.1718326345,213165.1321457805,49.11130201211322
S2,Bananera,00000000000000000002,2023-06-26,2023-07-04,4,20,280.6470588235294,545.5333333333333,109644.96674517464,213131.89231938383,51.444655021815656
S2,Manglar,00000000000000000003,2023-06-26,2023-07-04,4,20,545.850980392157,545.850980392157,213158.9788100297,213158.9788100297,100.0
S2,Bosque seco,00000000000000000004,2023-06-26,2023-07-04,4,20,278.3607843137255,545.3686274509803,108800.00990648454,213163.19644153066,51.040710461633424
HLS,Pastos limpios,00000000000000000000,2023-07-04,2023-07-12,46,30,0.0,243.78431372549025,0.0,214276.69850116826,0.0
HLS,Palma,00000000000000000001,2023-07-04,2023-07-12,46,30,211.71372549019605,243.80784313725482,186110.12654000064,214323.03965705412,86.83626680444718
HLS,Bananera,00000000000000000002,2023-07-04,2023-07-12,46,30,74.9843137254902,243.75686274509803,65914.3080056583,214272.54065539807,30.76190155026183
HLS,Manglar,00000000000000000003,2023-07-04,2023-07-12,46,30,0.0,241.91372549019607,0.0,212555.60338039036,0.0
HLS,Bosque seco,00000000000000000004,2023-07-04,2023-07-12,46,30,0.0,243.64705882352945,0.0,214272.15992838528,0.0
S2,Pastos limpios,00000000000000000000,2023-07-04,2023-07-12,2,20,0.0,545.6705882352941,0.0,213165.6486693139,0.0
S2,Palma,00000000000000000001,2023-07-04,2023-07-12,2,20,0.3411764705882353,545.6039215686275,133.2959970511642,213165.1321457805,0.06253180138297901
S2,Bananera,00000000000000000002,2023-07-04,2023-07-12,2,20,0.0,545.5333333333333,0.0,213131.89231938383,0.0
S2,Manglar,00000000000000000003,2023-07-04,2023-07-12,2,20,0.0,545.850980392157,0.0,213158.9788100297,0.0
S2,Bosque seco,00000000000000000004,2023-07-04,2023-07-12,2,20,0.0,545.3686274509803,0.0,213163.19644153066,0.0
HLS,Pastos limpios,00000000000000000000,2023-07-12,2023-07-20,67,30,243.78431372549025,243.78431372549025,214276.69850116826,214276.69850116826,100.0
HLS,Palma,00000000000000000001,2023-07-12,2023-07-20,67,30,86.07450980392157,243.80784313725482,75665.37061336741,214323.03965705412,35.30435679451087
HLS,Bananera,00000000000000000002,2023-07-12,2023-07-20,67,30,173.2901960784314,243.75686274509803,152329.50717510155,214272.54065539807,71.09147383475708
HLS,Manglar,00000000000000000003,2023-07-12,2023-07-20,67,30,0.0,241.91372549019607,0.0,212555.60338039036,0.0
HLS,Bosque seco,00000000000000000004,2023-07-12,2023-07-20,67,30,243.64705882352945,243.64705882352945,214272.15992838528,214272.15992838528,100.0
S2,Pastos limpios,00000000000000000000,2023-07-12,2023-07-20,4,20,545.6705882352941,545.6705882352941,213165.6486693139,213165.6486693139,100.0
S2,Palma,00000000000000000001,2023-07-12,2023-07-20,4,20,476.7372549019609,545.6039215686275,186259.1506676765,213165.1321457805,87.37786935074195
S2,Bananera,00000000000000000002,2023-07-12,2023-07-20,4,20,523.5333333333333,545.5333333333333,204536.83604496976,213131.89231938383,95.96725943692455
S2,Manglar,00000000000000000003,2023-07-12,2023-07-20,4,20,533.8156862745099,545.850980392157,208459.10192153015,213158.9788100297,97.79513069787778
S2,Bosque seco,00000000000000000004,2023-07-12,2023-07-20,4,20,545.3686274509803,545.3686274509803,213163.19644153066,213163.19644153066,100.0
HLS,Pastos limpios,00000000000000000000,2023-07-20,2023-07-28,53,30,243.78431372549025,243.78431372549025,214276.69850116826,214276.69850116826,100.0
HLS,Palma,00000000000000000001,2023-07-20,2023-07-28,53,30,243.80784313725482,243.80784313725482,214323.03965705412,214323.03965705412,100.0
HLS,Bananera,00000000000000000002,2023-07-20,2023-07-28,53,30,243.75686274509803,243.75686274509803,214272.54065539807,214272.54065539807,100.0
HLS,Manglar,00000000000000000003,2023-07-20,2023-07-28,53,30,241.91372549019607,241.91372549019607,212555.60338039036,212555.60338039036,100.0
HLS,Bosque seco,00000000000000000004,2023-07-20,2023-07-28,53,30,243.64705882352945,243.64705882352945,214272.15992838528,214272.15992838528,100.0
S2,Pastos limpios,00000000000000000000,2023-07-20,2023-07-28,4,20,545.6705882352941,545.6705882352941,213165.6486693139,213165.6486693139,100.0
S2,Palma,00000000000000000001,2023-07-20,2023-07-28,4,20,545.6039215686275,545.6039215686275,213165.1321457805,213165.1321457805,100.0
S2,Bananera,00000000000000000002,2023-07-20,2023-07-28,4,20,545.5333333333333,545.5333333333333,213131.89231938383,213131.89231938383,100.0
S2,Manglar,00000000000000000003,2023-07-20,2023-07-28,4,20,545.850980392157,545.850980392157,213158.9788100297,213158.9788100297,100.0
S2,Bosque seco,00000000000000000004,2023-07-20,2023-07-28,4,20,545.3686274509803,545.3686274509803,213163.19644153066,213163.19644153066,100.0
HLS,Pastos limpios,00000000000000000000,2023-07-28,2023-08-05,26,30,243.78431372549025,243.78431372549025,214276.69850116826,214276.69850116826,100.0
HLS,Palma,00000000000000000001,2023-07-28,2023-08-05,26,30,243.80784313725482,243.80784313725482,214323.03965705412,214323.03965705412,100.0
HLS,Bananera,00000000000000000002,2023-07-28,2023-08-05,26,30,243.75686274509803,243.75686274509803,214272.54065539807,214272.54065539807,100.0
HLS,Manglar,00000000000000000003,2023-07-28,2023-08-05,26,30,241.91372549019607,241.91372549019607,212555.60338039036,212555.60338039036,100.0
HLS,Bosque seco,00000000000000000004,2023-07-28,2023-08-05,26,30,243.64705882352945,243.64705882352945,214272.15992838528,214272.15992838528,100.0
S2,Pastos limpios,00000000000000000000,2023-07-28,2023-08-05,2,20,545.6705882352941,545.6705882352941,213165.6486693139,213165.6486693139,100.0
S2,Palma,00000000000000000001,2023-07-28,2023-08-05,2,20,545.6039215686275,545.6039215686275,213165.1321457805,213165.1321457805,100.0
S2,Bananera,00000000000000000002,2023-07-28,2023-08-05,2,20,152.88235294117652,545.5333333333333,59728.652205762715,213131.89231938383,28.024267769488826
S2,Manglar,00000000000000000003,2023-07-28,2023-08-05,2,20,545.850980392157,545.850980392157,213158.9788100297,213158.9788100297,100.0
S2,Bosque seco,00000000000000000004,2023-07-28,2023-08-05,2,20,545.3686274509803,545.3686274509803,213163.19644153066,213163.19644153066,100.0
HLS,Pastos limpios,00000000000000000000,2023-08-05,2023-08-13,41,30,243.78431372549025,243.78431372549025,214276.69850116826,214276.69850116826,100.0
HLS,Palma,00000000000000000001,2023-08-05,2023-08-13,41,30,243.80784313725482,243.80784313725482,214323.03965705412,214323.03965705412,100.0
HLS,Bananera,00000000000000000002,2023-08-05,2023-08-13,41,30,243.75686274509803,243.75686274509803,214272.54065539807,214272.54065539807,100.0
HLS,Manglar,00000000000000000003,2023-08-05,2023-08-13,41,30,241.91372549019607,241.91372549019607,212555.60338039036,212555.60338039036,100.0
HLS,Bosque seco,00000000000000000004,2023-08-05,2023-08-13,41,30,243.64705882352945,243.64705882352945,214272.15992838528,214272.15992838528,100.0
S2,Pastos limpios,00000000000000000000,2023-08-05,2023-08-13,4,20,545.6705882352941,545.6705882352941,213165.6486693139,213165.6486693139,100.0
S2,Palma,00000000000000000001,2023-08-05,2023-08-13,4,20,545.6039215686275,545.6039215686275,213165.1321457805,213165.1321457805,100.0
S2,Bananera,00000000000000000002,2023-08-05,2023-08-13,4,20,545.5333333333333,545.5333333333333,213131.89231938383,213131.89231938383,100.0
S2,Manglar,00000000000000000003,2023-08-05,2023-08-13,4,20,545.850980392157,545.850980392157,213158.9788100297,213158.9788100297,100.0
S2,Bosque seco,00000000000000000004,2023-08-05,2023-08-13,4,20,545.3686274509803,545.3686274509803,213163.19644153066,213163.19644153066,100.0
HLS,Pastos limpios,00000000000000000000,2023-08-13,2023-08-21,38,30,15.141176470588235,243.78431372549025,13308.532894358917,214276.69850116826,6.210909999757327
HLS,Palma,00000000000000000001,2023-08-13,2023-08-21,38,30,11.019607843137248,243.80784313725482,9686.896148801321,214323.03965705412,4.519764260670092
HLS,Bananera,00000000000000000002,2023-08-13,2023-08-21,38,30,243.75686274509803,243.75686274509803,214272.54065539807,214272.54065539807,100.0
HLS,Manglar,00000000000000000003,2023-08-13,2023-08-21,38,30,241.91372549019607,241.91372549019607,212555.60338039036,212555.60338039036,100.0
HLS,Bosque seco,00000000000000000004,2023-08-13,2023-08-21,38,30,243.64705882352945,243.64705882352945,214272.15992838528,214272.15992838528,100.0
S2,Pastos limpios,00000000000000000000,2023-08-13,2023-08-21,2,20,539.4901960784313,545.6705882352941,210751.2884990617,213165.6486693139,98.86737840485846
S2,Palma,00000000000000000001,2023-08-13,2023-08-21,2,20,152.47843137254904,545.6039215686275,59572.803098312055,213165.1321457805,27.9467859019134
S2,Bananera,00000000000000000002,2023-08-13,2023-08-21,2,20,545.5333333333333,545.5333333333333,213131.89231938383,213131.89231938383,100.0
S2,Manglar,00000000000000000003,2023-08-13,2023-08-21,2,20,545.850980392157,545.850980392157,213158.9788100297,213158.9788100297,100.0
S2,Bosque seco,00000000000000000004,2023-08-13,2023-08-21,2,20,81.29411764705883,545.3686274509803,31774.776543112363,213163.19644153066,14.906314539071
HLS,Pastos limpios,00000000000000000000,2023-08-21,2023-08-29,47,30,0.0,243.78431372549025,0.0,214276.69850116826,0.0
HLS,Palma,00000000000000000001,2023-08-21,2023-08-29,47,30,0.0,243.80784313725482,0.0,214323.03965705412,0.0
HLS,Bananera,00000000000000000002,2023-08-21,2023-08-29,47,30,0.0,243.75686274509803,0.0,214272.54065539807,0.0
HLS,Manglar,00000000000000000003,2023-08-21,2023-08-29,47,30,0.0,241.91372549019607,0.0,212555.60338039036,0.0
HLS,Bosque seco,00000000000000000004,2023-08-21,2023-08-29,47,30,0.0,243.64705882352945,0.0,214272.15992838528,0.0
S2,Pastos limpios,00000000000000000000,2023-08-21,2023-08-29,4,20,0.0,545.6705882352941,0.0,213165.6486693139,0.0
S2,Palma,00000000000000000001,2023-08-21,2023-08-29,4,20,50.513725490196066,545.6039215686275,19735.410780603757,213165.1321457805,9.258273424899059
S2,Bananera,00000000000000000002,2023-08-21,2023-08-29,4,20,434.26666666666665,545.5333333333333,169661.81811535408,213131.89231938383,79.60414383273589
S2,Manglar,00000000000000000003,2023-08-21,2023-08-29,4,20,540.01568627451,545.850980392157,210880.26216933288,213158.9788100297,98.9309778769734
S2,Bosque seco,00000000000000000004,2023-08-21,2023-08-29,4,20,545.3686274509803,545.3686274509803,213163.19644153066,213163.19644153066,100.0
HLS,Pastos limpios,00000000000000000000,2023-08-29,2023-09-06,65,30,87.18039215686277,243.78431372549025,76627.80000981344,214276.69850116826,35.761144606862445
HLS,Palma,00000000000000000001,2023-08-29,2023-09-06,65,30,150.4705882352941,243.80784313725482,132273.19767180795,214323.03965705412,61.71674211203003
HLS,Bananera,00000000000000000002,2023-08-29,2023-09-06,65,30,83.41176470588236,243.75686274509803,73322.75089973,214272.54065539807,34.21938745648733
HLS,Manglar,00000000000000000003,2023-08-29,2023-09-06,65,30,241.91372549019607,241.91372549019607,212555.60338039036,212555.60338039036,100.0
HLS,Bosque seco,00000000000000000004,2023-08-29,2023-09-06,65,30,243.64705882352945,243.64705882352945,214272.15992838528,214272.15992838528,100.0
S2,Pastos limpios,00000000000000000000,2023-08-29,2023-09-06,4,20,545.6705882352941,545.6705882352941,213165.6486693139,213165.6486693139,100.0
S2,Palma,00000000000000000001,2023-08-29,2023-09-06,4,20,545.6039215686275,545.6039215686275,213165.1321457805,213165.1321457805,100.0
S2,Bananera,00000000000000000002,2023-08-29,2023-09-06,4,20,545.5333333333333,545.5333333333333,213131.89231938383,213131.89231938383,100.0
S2,Manglar,00000000000000000003,2023-08-29,2023-09-06,4,20,545.850980392157,545.850980392157,213158.9788100297,213158.9788100297,100.0
S2,Bosque seco,00000000000000000004,2023-08-29,2023-09-06,4,20,545.3686274509803,545.3686274509803,213163.19644153066,213163.19644153066,100.0
HLS,Pastos limpios,00000000000000000000,2023-09-06,2023-09-14,60,30,243.78431372549025,243.78431372549025,214276.69850116826,214276.69850116826,100.0
HLS,Palma,00000000000000000001,2023-09-06,2023-09-14,60,30,243.80784313725482,243.80784313725482,214323.03965705412,214323.03965705412,100.0
HLS,Bananera,00000000000000000002,2023-09-06,2023-09-14,60,30,243.75686274509803,243.75686274509803,214272.54065539807,214272.54065539807,100.0
HLS,Manglar,00000000000000000003,2023-09-06,2023-09-14,60,30,241.91372549019607,241.91372549019607,212555.60338039036,212555.60338039036,100.0
HLS,Bosque seco,00000000000000000004,2023-09-06,2023-09-14,60,30,243.64705882352945,243.64705882352945,214272.15992838528,214272.15992838528,100.0
S2,Pastos limpios,00000000000000000000,2023-09-06,2023-09-14,2,20,0.0,545.6705882352941,0.0,213165.6486693139,0.0
S2,Palma,00000000000000000001,2023-09-06,2023-09-14,2,20,0.0,545.6039215686275,0.0,213165.1321457805,0.0
S2,Bananera,00000000000000000002,2023-09-06,2023-09-14,2,20,0.0,545.5333333333333,0.0,213131.89231938383,0.0
S2,Manglar,00000000000000000003,2023-09-06,2023-09-14,2,20,0.0,545.850980392157,0.0,213158.9788100297,0.0
S2,Bosque seco,00000000000000000004,2023-09-06,2023-09-14,2,20,0.0,545.3686274509803,0.0,213163.19644153066,0.0
HLS,Pastos limpios,00000000000000000000,2023-09-14,2023-09-22,32,30,243.78431372549025,243.78431372549025,214276.69850116826,214276.69850116826,100.0
HLS,Palma,00000000000000000001,2023-09-14,2023-09-22,32,30,243.80784313725482,243.80784313725482,214323.03965705412,214323.03965705412,100.0
HLS,Bananera,00000000000000000002,2023-09-14,2023-09-22,32,30,243.75686274509803,243.75686274509803,214272.54065539807,214272.54065539807,100.0
HLS,Manglar,00000000000000000003,2023-09-14,2023-09-22,32,30,241.91372549019607,241.91372549019607,212555.60338039036,212555.60338039036,100.0
HLS,Bosque seco,00000000000000000004,2023-09-14,2023-09-22,32,30,243.64705882352945,243.64705882352945,214272.15992838528,214272.15992838528,100.0
S2,Pastos limpios,00000000000000000000,2023-09-14,2023-09-22,4,20,545.6705882352941,545.6705882352941,213165.6486693139,213165.6486693139,100.0
S2,Palma,00000000000000000001,2023-09-14,2023-09-22,4,20,545.6039215686275,545.6039215686275,213165.1321457805,213165.1321457805,100.0
S2,Bananera,00000000000000000002,2023-09-14,2023-09-22,4,20,545.5333333333333,545.5333333333333,213131.89231938383,213131.89231938383,100.0
S2,Manglar,00000000000000000003,2023-09-14,2023-09-22,4,20,545.850980392157,545.850980392157,213158.9788100297,213158.9788100297,100.0
S2,Bosque seco,00000000000000000004,2023-09-14,2023-09-22,4,20,545.3686274509803,545.3686274509803,213163.19644153066,213163.19644153066,100.0
HLS,Pastos limpios,00000000000000000000,2023-09-22,2023-09-30,39,30,0.0,243.78431372549025,0.0,214276.69850116826,0.0
HLS,Palma,00000000000000000001,2023-09-22,2023-09-30,39,30,82.09803921568628,243.80784313725482,72169.68152717141,214323.03965705412,33.673319323322715
HLS,Bananera,00000000000000000002,2023-09-22,2023-09-30,39,30,243.75686274509803,243.75686274509803,214272.54065539807,214272.54065539807,100.0
HLS,Manglar,00000000000000000003,2023-09-22,2023-09-30,39,30,241.91372549019607,241.91372549019607,212555.60338039036,212555.60338039036,100.0
HLS,Bosque seco,00000000000000000004,2023-09-22,2023-09-30,39,30,243.64705882352945,243.64705882352945,214272.15992838528,214272.15992838528,100.0
S2,Pastos limpios,00000000000000000000,2023-09-22,2023-09-30,2,20,545.6705882352941,545.6705882352941,213165.6486693139,213165.6486693139,100.0
S2,Palma,00000000000000000001,2023-09-22,2023-09-30,2,20,545.6039215686275,545.6039215686275,213165.1321457805,213165.1321457805,100.0
S2,Bananera,00000000000000000002,2023-09-22,2023-09-30,2,20,545.5333333333333,545.5333333333333,213131.89231938383,213131.89231938383,100.0
S2,Manglar,00000000000000000003,2023-09-22,2023-09-30,2,20,0.0,545.850980392157,0.0,213158.9788100297,0.0
S2,Bosque seco,00000000000000000004,2023-09-22,2023-09-30,2,20,545.3686274509803,545.3686274509803,213163.19644153066,213163.19644153066,100.0
HLS,Pastos limpios,00000000000000000000,2023-09-30,2023-10-08,65,30,243.78431372549025,243.78431372549025,214276.69850116826,214276.69850116826,100.0
HLS,Palma,00000000000000000001,2023-09-30,2023-10-08,65,30,243.80784313725482,243.80784313725482,214323.03965705412,214323.03965705412,100.0
HLS,Bananera,00000000000000000002,2023-09-30,2023-10-08,65,30,243.75686274509803,243.75686274509803,214272.54065539807,214272.54065539807,100.0
HLS,Manglar,00000000000000000003,2023-09-30,2023-10-08,65,30,241.91372549019607,241.91372549019607,212555.60338039036,212555.60338039036,100.0
HLS,Bosque seco,00000000000000000004,2023-09-30,2023-10-08,65,30,243.64705882352945,243.64705882352945,214272.15992838528,214272.15992838528,100.0
S2,Pastos limpios,00000000000000000000,2023-09-30,2023-10-08,4,20,545.6705882352941,545.6705882352941,213165.6486693139,213165.6486693139,100.0
S2,Palma,00000000000000000001,2023-09-30,2023-10-08,4,20,545.6039215686275,545.6039215686275,213165.1321457805,213165.1321457805,100.0
S2,Bananera,00000000000000000002,2023-09-30,2023-10-08,4,20,545.5333333333333,545.5333333333333,213131.89231938383,213131.89231938383,100.0
S2,Manglar,00000000000000000003,2023-09-30,2023-10-08,4,20,545.850980392157,545.850980392157,213158.9788100297,213158.9788100297,100.0
S2,Bosque seco,00000000000000000004,2023-09-30,2023-10-08,4,20,545.3686274509803,545.3686274509803,213163.19644153066,213163.19644153066,100.0
HLS,Pastos limpios,00000000000000000000,2023-10-08,2023-10-16,43,30,236.80784313725496,243.78431372549025,208144.63121888426,214276.69850116826,97.13824819722497
HLS,Palma,00000000000000000001,2023-10-08,2023-10-16,43,30,0.0,243.80784313725482,0.0,214323.03965705412,0.0
HLS,Bananera,00000000000000000002,2023-10-08,2023-10-16,43,30,0.0,243.75686274509803,0.0,214272.54065539807,0.0
HLS,Manglar,00000000000000000003,2023-10-08,2023-10-16,43,30,108.1686274509804,241.91372549019607,95041.44261737898,212555.60338039036,44.713684845697735
HLS,Bosque seco,00000000000000000004,2023-10-08,2023-10-16,43,30,82.70588235294117,243.64705882352945,72734.72042451744,214272.15992838528,33.94501667824092
S2,Pastos limpios,00000000000000000000,2023-10-08,2023-10-16,4,20,545.6705882352941,545.6705882352941,213165.6486693139,213165.6486693139,100.0
S2,Palma,00000000000000000001,2023-10-08,2023-10-16,4,20,86.14117647058826,545.6039215686275,33654.94617070216,213165.1321457805,15.788204117588068
S2,Bananera,00000000000000000002,2023-10-08,2023-10-16,4,20,0.819607843137255,545.5333333333333,320.20685556449143,213131.89231938383,0.15023882727257584
S2,Manglar,00000000000000000003,2023-10-08,2023-10-16,4,20,519.6745098039216,545.850980392157,202936.8146710562,213158.9788100297,95.20444121282658
S2,Bosque seco,00000000000000000004,2023-10-08,2023-10-16,4,20,535.2392156862745,545.3686274509803,209204.0171749339,213163.19644153066,98.14265345393113
HLS,Pastos limpios,00000000000000000000,2023-10-16,2023-10-24,28,30,0.0,243.78431372549025,0.0,214276.69850116826,0.0
HLS,Palma,00000000000000000001,2023-10-16,2023-10-24,28,30,0.0,243.80784313725482,0.0,214323.03965705412,0.0
HLS,Bananera,00000000000000000002,2023-10-16,2023-10-24,28,30,0.0,243.75686274509803,0.0,214272.54065539807,0.0
HLS,Manglar,00000000000000000003,2023-10-16,2023-10-24,28,30,0.0,241.91372549019607,0.0,212555.60338039036,0.0
HLS,Bosque seco,00000000000000000004,2023-10-16,2023-10-24,28,30,243.64705882352945,243.64705882352945,214272.15992838528,214272.15992838528,100.0
S2,Pastos limpios,00000000000000000000,2023-10-16,2023-10-24,2,20,90.73333333333333,545.6705882352941,35444.79221023859,213165.6486693139,16.6278161755905
S2,Palma,00000000000000000001,2023-10-16,2023-10-24,2,20,371.89803921568637,545.6039215686275,145298.91324187617,213165.1321457805,68.16260791774725
S2,Bananera,00000000000000000002,2023-10-16,2023-10-24,2,20,545.5333333333333,545.5333333333333,213131.89231938383,213131.89231938383,100.0
S2,Manglar,00000000000000000003,2023-10-16,2023-10-24,2,20,0.0,545.850980392157,0.0,213158.9788100297,0.0
S2,Bosque seco,00000000000000000004,2023-10-16,2023-10-24,2,20,545.3686274509803,545.3686274509803,213163.19644153066,213163.19644153066,100.0
HLS,Pastos limpios,00000000000000000000,2023-10-24,2023-11-01,28,30,157.66274509803927,243.78431372549025,138579.08676063703,214276.69850116826,64.67296151656988
HLS,Palma,00000000000000000001,2023-10-24,2023-11-01,28,30,93.69803921568628,243.80784313725482,82366.81221421185,214323.03965705412,38.43115156728362
HLS,Bananera,00000000000000000002,2023-10-24,2023-11-01,28,30,0.0,243.75686274509803,0.0,214272.54065539807,0.0
HLS,Manglar,00000000000000000003,2023-10-24,2023-11-01,28,30,241.91372549019607,241.91372549019607,212555.60338039036,212555.60338039036,100.0
HLS,Bosque seco,00000000000000000004,2023-10-24,2023-11-01,28,30,0.0,243.64705882352945,0.0,214272.15992838528,0.0
S2,Pastos limpios,00000000000000000000,2023-10-24,2023-11-01,4,20,545.6705882352941,545.6705882352941,213165.6486693139,213165.6486693139,100.0
S2,Palma,00000000000000000001,2023-10-24,2023-11-01,4,20,530.2745098039215,545.6039215686275,207175.9807053508,213165.1321457805,97.19037002902812
S2,Bananera,00000000000000000002,2023-10-24,2023-11-01,4,20,500.92941176470595,545.5333333333333,195705.84707952762,213131.89231938383,91.82382089783972
S2,Manglar,00000000000000000003,2023-10-24,2023-11-01,4,20,545.850980392157,545.850980392157,213158.9788100297,213158.9788100297,100.0
S2,Bosque seco,00000000000000000004,2023-10-24,2023-11-01,4,20,545.3686274509803,545.3686274509803,213163.19644153066,213163.19644153066,100.0
HLS,Pastos limpios,00000000000000000000,2023-11-01,2023-11-09,10,30,0.0,243.78431372549025,0.0,214276.69850116826,0.0
HLS,Palma,00000000000000000001,2023-11-01,2023-11-09,10,30,0.0,243.80784313725482,0.0,214323.03965705412,0.0
HLS,Bananera,00000000000000000002,2023-11-01,2023-11-09,10,30,0.0,243.75686274509803,0.0,214272.54065539807,0.0
HLS,Manglar,00000000000000000003,2023-11-01,2023-11-09,10,30,0.0,241.91372549019607,0.0,212555.60338039036,0.0
HLS,Bosque seco,00000000000000000004,2023-11-01,2023-11-09,10,30,0.0,243.64705882352945,0.0,214272.15992838528,0.0
S2,Pastos limpios,00000000000000000000,2023-11-01,2023-11-09,2,20,545.6705882352941,545.6705882352941,213165.6486693139,213165.6486693139,100.0
S2,Palma,00000000000000000001,2023-11-01,2023-11-09,2,20,518.4000000000001,545.6039215686275,202536.61656673637,213165.1321457805,95.01395210743216
S2,Bananera,00000000000000000002,2023-11-01,2023-11-09,2,20,0.0,545.5333333333333,0.0,213131.89231938383,0.0
S2,Manglar,00000000000000000003,2023-11-01,2023-11-09,2,20,545.850980392157,545.850980392157,213158.9788100297,213158.9788100297,100.0
S2,Bosque seco,00000000000000000004,2023-11-01,2023-11-09,2,20,545.3686274509803,545.3686274509803,213163.19644153066,213163.19644153066,100.0
HLS,Pastos limpios,00000000000000000000,2023-11-09,2023-11-17,17,30,243.78431372549025,243.78431372549025,214276.69850116826,214276.69850116826,100.0
HLS,Palma,00000000000000000001,2023-11-09,2023-11-17,17,30,243.80784313725482,243.80784313725482,214323.03965705412,214323.03965705412,100.0
HLS,Bananera,00000000000000000002,2023-11-09,2023-11-17,17,30,243.75686274509803,243.75686274509803,214272.54065539807,214272.54065539807,100.0
HLS,Manglar,00000000000000000003,2023-11-09,2023-11-17,17,30,241.91372549019607,241.91372549019607,212555.60338039036,212555.60338039036,100.0
HLS,Bosque seco,00000000000000000004,2023-11-09,2023-11-17,17,30,243.64705882352945,243.64705882352945,214272.15992838528,214272.15992838528,100.0
S2,Pastos limpios,00000000000000000000,2023-11-09,2023-11-17,4,20,545.6705882352941,545.6705882352941,213165.6486693139,213165.6486693139,100.0
S2,Palma,00000000000000000001,2023-11-09,2023-11-17,4,20,545.6039215686275,545.6039215686275,213165.1321457805,213165.1321457805,100.0
S2,Bananera,00000000000000000002,2023-11-09,2023-11-17,4,20,545.5333333333333,545.5333333333333,213131.89231938383,213131.89231938383,100.0
S2,Manglar,00000000000000000003,2023-11-09,2023-11-17,4,20,545.850980392157,545.850980392157,213158.9788100297,213158.9788100297,100.0
S2,Bosque seco,00000000000000000004,2023-11-09,2023-11-17,4,20,545.3686274509803,545.3686274509803,213163.19644153066,213163.19644153066,100.0
HLS,Pastos limpios,00000000000000000000,2023-11-17,2023-11-25,18,30,243.78431372549025,243.78431372549025,214276.69850116826,214276.69850116826,100.0
HLS,Palma,00000000000000000001,2023-11-17,2023-11-25,18,30,243.80784313725482,243.80784313725482,214323.03965705412,214323.03965705412,100.0
HLS,Bananera,00000000000000000002,2023-11-17,2023-11-25,18,30,243.75686274509803,243.75686274509803,214272.54065539807,214272.54065539807,100.0
HLS,Manglar,00000000000000000003,2023-11-17,2023-11-25,18,30,241.91372549019607,241.91372549019607,212555.60338039036,212555.60338039036,100.0
HLS,Bosque seco,00000000000000000004,2023-11-17,2023-11-25,18,30,243.64705882352945,243.64705882352945,214272.15992838528,214272.15992838528,100.0
S2,Pastos limpios,00000000000000000000,2023-11-17,2023-11-25,4,20,545.6705882352941,545.6705882352941,213165.6486693139,213165.6486693139,100.0
S2,Palma,00000000000000000001,2023-11-17,2023-11-25,4,20,545.6039215686275,545.6039215686275,213165.1321457805,213165.1321457805,100.0
S2,Bananera,00000000000000000002,2023-11-17,2023-11-25,4,20,545.5333333333333,545.5333333333333,213131.89231938383,213131.89231938383,100.0
S2,Manglar,00000000000000000003,2023-11-17,2023-11-25,4,20,545.850980392157,545.850980392157,213158.9788100297,213158.9788100297,100.0
S2,Bosque seco,00000000000000000004,2023-11-17,2023-11-25,4,20,545.3686274509803,545.3686274509803,213163.19644153066,213163.19644153066,100.0
HLS,Pastos limpios,00000000000000000000,2023-11-25,2023-12-03,17,30,243.78431372549025,243.78431372549025,214276.69850116826,214276.69850116826,100.0
HLS,Palma,00000000000000000001,2023-11-25,2023-12-03,17,30,18.52549019607842,243.80784313725482,16285.016884957115,214323.03965705412,7.598351027036266
HLS,Bananera,00000000000000000002,2023-11-25,2023-12-03,17,30,243.75686274509803,243.75686274509803,214272.54065539807,214272.54065539807,100.0
HLS,Manglar,00000000000000000003,2023-11-25,2023-12-03,17,30,241.91372549019607,241.91372549019607,212555.60338039036,212555.60338039036,100.0
HLS,Bosque seco,00000000000000000004,2023-11-25,2023-12-03,17,30,0.0,243.64705882352945,0.0,214272.15992838528,0.0
S2,Pastos limpios,00000000000000000000,2023-11-25,2023-12-03,2,20,545.6705882352941,545.6705882352941,213165.6486693139,213165.6486693139,100.0
S2,Palma,00000000000000000001,2023-11-25,2023-12-03,2,20,476.0901960784314,545.6039215686275,186006.29887551678,213165.1321457805,87.25925154978434
S2,Bananera,00000000000000000002,2023-11-25,2023-12-03,2,20,545.5333333333333,545.5333333333333,213131.89231938383,213131.89231938383,100.0
S2,Manglar,00000000000000000003,2023-11-25,2023-12-03,2,20,545.850980392157,545.850980392157,213158.9788100297,213158.9788100297,100.0
S2,Bosque seco,00000000000000000004,2023-11-25,2023-12-03,2,20,545.3686274509803,545.3686274509803,213163.19644153066,213163.19644153066,100.0
HLS,Pastos limpios,00000000000000000000,2023-12-03,2023-12-11,20,30,243.78431372549025,243.78431372549025,214276.69850116826,214276.69850116826,100.0
HLS,Palma,00000000000000000001,2023-12-03,2023-12-11,20,30,243.80784313725482,243.80784313725482,214323.03965705412,214323.03965705412,100.0
HLS,Bananera,00000000000000000002,2023-12-03,2023-12-11,20,30,243.75686274509803,243.75686274509803,214272.54065539807,214272.54065539807,100.0
HLS,Manglar,00000000000000000003,2023-12-03,2023-12-11,20,30,241.91372549019607,241.91372549019607,212555.60338039036,212555.60338039036,100.0
HLS,Bosque seco,00000000000000000004,2023-12-03,2023-12-11,20,30,243.64705882352945,243.64705882352945,214272.15992838528,214272.15992838528,100.0
S2,Pastos limpios,00000000000000000000,2023-12-03,2023-12-11,2,20,545.6705882352941,545.6705882352941,213165.6486693139,213165.6486693139,100.0
S2,Palma,00000000000000000001,2023-12-03,2023-12-11,2,20,545.6039215686275,545.6039215686275,213165.1321457805,213165.1321457805,100.0
S2,Bananera,00000000000000000002,2023-12-03,2023-12-11,2,20,545.5333333333333,545.5333333333333,213131.89231938383,213131.89231938383,100.0
S2,Manglar,00000000000000000003,2023-12-03,2023-12-11,2,20,545.850980392157,545.850980392157,213158.9788100297,213158.9788100297,100.0
S2,Bosque seco,00000000000000000004,2023-12-03,2023-12-11,2,20,545.3686274509803,545.3686274509803,213163.19644153066,213163.19644153066,100.0
HLS,Pastos limpios,00000000000000000000,2023-12-11,2023-12-19,18,30,243.78431372549025,243.78431372549025,214276.69850116826,214276.69850116826,100.0
HLS,Palma,00000000000000000001,2023-12-11,2023-12-19,18,30,243.80784313725482,243.80784313725482,214323.03965705412,214323.03965705412,100.0
HLS,Bananera,00000000000000000002,2023-12-11,2023-12-19,18,30,243.75686274509803,243.75686274509803,214272.54065539807,214272.54065539807,100.0
HLS,Manglar,00000000000000000003,2023-12-11,2023-12-19,18,30,241.91372549019607,241.91372549019607,212555.60338039036,212555.60338039036,100.0
HLS,Bosque seco,00000000000000000004,2023-12-11,2023-12-19,18,30,243.64705882352945,243.64705882352945,214272.15992838528,214272.15992838528,100.0
S2,Pastos limpios,00000000000000000000,2023-12-11,2023-12-19,2,20,545.6705882352941,545.6705882352941,213165.6486693139,213165.6486693139,100.0
S2,Palma,00000000000000000001,2023-12-11,2023-12-19,2,20,545.6039215686275,545.6039215686275,213165.1321457805,213165.1321457805,100.0
S2,Bananera,00000000000000000002,2023-12-11,2023-12-19,2,20,545.5333333333333,545.5333333333333,213131.89231938383,213131.89231938383,100.0
S2,Manglar,00000000000000000003,2023-12-11,2023-12-19,2,20,545.850980392157,545.850980392157,213158.9788100297,213158.9788100297,100.0
S2,Bosque seco,00000000000000000004,2023-12-11,2023-12-19,2,20,545.3686274509803,545.3686274509803,213163.19644153066,213163.19644153066,100.0
HLS,Pastos limpios,00000000000000000000,2023-12-19,2023-12-27,20,30,243.78431372549025,243.78431372549025,214276.69850116826,214276.69850116826,100.0
HLS,Palma,00000000000000000001,2023-12-19,2023-12-27,20,30,243.80784313725482,243.80784313725482,214323.03965705412,214323.03965705412,100.0
HLS,Bananera,00000000000000000002,2023-12-19,2023-12-27,20,30,243.75686274509803,243.75686274509803,214272.54065539807,214272.54065539807,100.0
HLS,Manglar,00000000000000000003,2023-12-19,2023-12-27,20,30,241.91372549019607,241.91372549019607,212555.60338039036,212555.60338039036,100.0
HLS,Bosque seco,00000000000000000004,2023-12-19,2023-12-27,20,30,243.64705882352945,243.64705882352945,214272.15992838528,214272.15992838528,100.0
S2,Pastos limpios,00000000000000000000,2023-12-19,2023-12-27,4,20,545.6705882352941,545.6705882352941,213165.6486693139,213165.6486693139,100.0
S2,Palma,00000000000000000001,2023-12-19,2023-12-27,4,20,545.6039215686275,545.6039215686275,213165.1321457805,213165.1321457805,100.0
S2,Bananera,00000000000000000002,2023-12-19,2023-12-27,4,20,545.5333333333333,545.5333333333333,213131.89231938383,213131.89231938383,100.0
S2,Manglar,00000000000000000003,2023-12-19,2023-12-27,4,20,545.850980392157,545.850980392157,213158.9788100297,213158.9788100297,100.0
S2,Bosque seco,00000000000000000004,2023-12-19,2023-12-27,4,20,545.3686274509803,545.3686274509803,213163.19644153066,213163.19644153066,100.0
HLS,Pastos limpios,00000000000000000000,2023-12-27,2024-01-01,16,30,77.49803921568628,243.78431372549025,68117.86484351064,214276.69850116826,31.78967443496394
HLS,Palma,00000000000000000001,2023-12-27,2024-01-01,16,30,243.80784313725482,243.80784313725482,214323.03965705412,214323.03965705412,100.0
HLS,Bananera,00000000000000000002,2023-12-27,2024-01-01,16,30,243.75686274509803,243.75686274509803,214272.54065539807,214272.54065539807,100.0
HLS,Manglar,00000000000000000003,2023-12-27,2024-01-01,16,30,227.16078431372546,241.91372549019607,199592.99472057875,212555.60338039036,93.90154460590075
HLS,Bosque seco,00000000000000000004,2023-12-27,2024-01-01,16,30,243.64705882352945,243.64705882352945,214272.15992838528,214272.15992838528,100.0
S2,Pastos limpios,00000000000000000000,2023-12-27,2024-01-01,2,20,545.6705882352941,545.6705882352941,213165.6486693139,213165.6486693139,100.0
S2,Palma,00000000000000000001,2023-12-27,2024-01-01,2,20,545.6039215686275,545.6039215686275,213165.1321457805,213165.1321457805,100.0
S2,Bananera,00000000000000000002,2023-12-27,2024-01-01,2,20,545.5333333333333,545.5333333333333,213131.89231938383,213131.89231938383,100.0
S2,Manglar,00000000000000000003,2023-12-27,2024-01-01,2,20,545.850980392157,545.850980392157,213158.9788100297,213158.9788100297,100.0
S2,Bosque seco,00000000000000000004,2023-12-27,2024-01-01,2,20,545.3686274509803,545.3686274509803,213163.19644153066,213163.19644153066,100.0
