old_path,new_path,path_changed,sha256_before,sha256_after,file_hash_changed,change_reason
data/stations/fundacion_stations.geojson,data/stations/fundacion_stations.geojson,False,8e184172239402d1cd0754fce6ef47de005bf6730dee98fce4d80716bf2e9535,8ece01b4d7c3b1a2b6e6ed0a2c208629af26ab6a0068aa14b280f513ef43f03e,True,"Current identity labels, paths, metadata, workbook packaging, derived output or station pair-key digest; scientific values preserved."
data/field/field_etgage.csv,data/field/field_etgage.csv,False,66c8b924aa9d438735eaa9c347eeeb45d69a9cfc30f99729fbbb9096a0391e74,441b15394236c5c7bf2bda45c8db2cc6c3bad36f7281f2aaceee3ce2ba069436,True,"Current identity labels, paths, metadata, workbook packaging, derived output or station pair-key digest; scientific values preserved."
notebooks/field_validation_analysis.ipynb,notebooks/field_validation_analysis.ipynb,False,fee959dc39750c92b1c549b451a7c4dab32534bb22523f9432cbc97082118f2f,40f3faad4e519c192d0c3b9ae95b670b9b705c199f56d3ddae7c969c5e8c9187,True,"Station analysis migration and original CV reconciliation, followed by explicitly authorized cell 25 and three appended manuscript figure edits; current 30-cell notebook preserved byte-exact. Both reconciliation receipts retained."
outputs/evaluation/field_validation/analysis/analysis_provenance.json,outputs/evaluation/field_validation/analysis/analysis_provenance.json,False,8a5fec1f9a99cdf783478dd43b0af0167b81d2f3af95adc9c06a485ea475025b,6c643f573335e2e8f63a000326a928e4bc952e8355aff579277f7d13fa76854f,True,"Current identity labels, paths, metadata, workbook packaging, derived output or station pair-key digest; scientific values preserved."
outputs/evaluation/field_validation/analysis/common_validation_pairs.csv,outputs/evaluation/field_validation/analysis/common_validation_pairs.csv,False,bac2875f897cbbbae7583c77b542ad1d7f56415a972e160f069f71f348556790,846918f97c45b8797dc7779676bb9fb9774827d45a123837ade597a7588a5b9a,True,"Current identity labels, paths, metadata, workbook packaging, derived output or station pair-key digest; scientific values preserved."
outputs/evaluation/field_validation/analysis/field_data_overview.csv,outputs/evaluation/field_validation/analysis/field_data_overview.csv,False,d0ff153bfa762a987034ffb12069925d4e50e441f1df2330fb3538cbb4397bcd,dcf36809167f9084e7788ff7a7aa516f6299061257a96b5e3d02e65b16c67127,True,"Current identity labels, paths, metadata, workbook packaging, derived output or station pair-key digest; scientific values preserved."
outputs/evaluation/field_validation/analysis/field_proxy_vs_products.png,outputs/evaluation/field_validation/analysis/field_proxy_vs_products.png,False,485dad0880c7356542aace5bce41cb681a8153b949c05dedf2cbaa694e70915f,a81c67d7672bc3557042cb05acbac0d835ed93dda12de738ee9a93e34109ba5a,True,"Current identity labels, paths, metadata, workbook packaging, derived output or station pair-key digest; scientific values preserved."
outputs/evaluation/field_validation/analysis/figure_03_field_derived_et_by_land_cover.png,outputs/evaluation/field_validation/analysis/figure_03_field_derived_et_by_land_cover.png,False,1f19b0b957e460ff8670bd68997c70bd6ed7c2644668f6c9bad0ed77083f2e94,e625c6742a0223112e2ec5429f928d43625c349167ee472ab9f7602503ab9317,True,"Current identity labels, paths, metadata, workbook packaging, derived output or station pair-key digest; scientific values preserved."
outputs/evaluation/field_validation/analysis/figure_03_field_derived_et_by_land_cover_color.png,outputs/evaluation/field_validation/analysis/figure_03_field_derived_et_by_land_cover_color.png,False,b55e1f9a4f41f043363b66fd6a65ebbea226c329b587137ebf6195ccf02efed8,ab38900ed1c84148f1161f0cd5c4527615a484e40c0f95d57a4a60bbd554f7d0,True,"Current identity labels, paths, metadata, workbook packaging, derived output or station pair-key digest; scientific values preserved."
outputs/evaluation/field_validation/analysis/kc_sensitivity_changes.csv,outputs/evaluation/field_validation/analysis/kc_sensitivity_changes.csv,False,7b4e7192aec706a8827b23e2d9216d4fcc0cc63b79a449165389bcba65b40ffd,70c327ea29e2fd9ff461a06157bbe2f348026535f66c8cf166c4809fb0c5d581,True,"Current identity labels, paths, metadata, workbook packaging, derived output or station pair-key digest; scientific values preserved."
outputs/evaluation/field_validation/analysis/kc_sensitivity_metrics.csv,outputs/evaluation/field_validation/analysis/kc_sensitivity_metrics.csv,False,88fc95fc281602479ce10e095cb56af3b779844afdaff144242d83bf1b7e583a,cd3bf83f2404db1b94751db2b8152601a1475f255661aac91ce506b57f852330,True,"Current identity labels, paths, metadata, workbook packaging, derived output or station pair-key digest; scientific values preserved."
outputs/evaluation/field_validation/analysis/main_metrics.csv,outputs/evaluation/field_validation/analysis/main_metrics.csv,False,34c45f60489b713b0aae9d162b2568fdbe9be2a042356403fb31354a38438f0e,7777edb7e7f69040157963571fba008003d74e1fd755fde8056bd784b8d70480,True,"Current identity labels, paths, metadata, workbook packaging, derived output or station pair-key digest; scientific values preserved."
outputs/evaluation/field_validation/analysis/reconciliation_effect.png,outputs/evaluation/field_validation/analysis/reconciliation_effect.png,False,2af4ad841d8eb259dc92372ff002bd96e6ecacc693b5ad9fbe0e3d9e9ce4e449,3b6d79a0e147a7bec68858e7fd70b0f16376511b04843c9258970f83b2f952e4,True,"Current identity labels, paths, metadata, workbook packaging, derived output or station pair-key digest; scientific values preserved."
outputs/evaluation/field_validation/analysis/reconciliation_summary.csv,outputs/evaluation/field_validation/analysis/reconciliation_summary.csv,False,f6efd370991dffe1b40100fc0489c53ff02d690b06556e7dddc6dbd5333413b1,295f124795147266d4962754461fc4f97f189237da4163124c346db42ef42e81,True,"Current identity labels, paths, metadata, workbook packaging, derived output or station pair-key digest; scientific values preserved."
outputs/evaluation/field_validation/analysis/rf25_cv/rf25_cross_validation_performance.pdf,outputs/evaluation/field_validation/analysis/rf25_cv/rf25_cross_validation_performance.pdf,False,304581da9239f763ba79d09a36656ac698a41f945480be2d2c9915b6ff84490e,304581da9239f763ba79d09a36656ac698a41f945480be2d2c9915b6ff84490e,False,Unchanged baseline file.
outputs/evaluation/field_validation/analysis/rf25_cv/rf25_cross_validation_performance.png,outputs/evaluation/field_validation/analysis/rf25_cv/rf25_cross_validation_performance.png,False,e6acaca2d6e8d629adc0d51733764a7fc66d67af9ab33d8e40695753d1407fed,e6acaca2d6e8d629adc0d51733764a7fc66d67af9ab33d8e40695753d1407fed,False,Unchanged baseline file.
outputs/evaluation/field_validation/analysis/rf25_cv/rf25_cross_validation_performance_main_focus.pdf,outputs/evaluation/field_validation/analysis/rf25_cv/rf25_cross_validation_performance_main_focus.pdf,False,e10ba77825c302c6289b1bfbf15f333290b8788d5bab6c560341ef06dc3a5c4e,e10ba77825c302c6289b1bfbf15f333290b8788d5bab6c560341ef06dc3a5c4e,False,Unchanged baseline file.
outputs/evaluation/field_validation/analysis/rf25_cv/rf25_cross_validation_performance_main_focus.png,outputs/evaluation/field_validation/analysis/rf25_cv/rf25_cross_validation_performance_main_focus.png,False,a1ceca0b36f7b2b06fbca94386e460bcecc99823870c8e66a8eb76940f9c7a7e,a1ceca0b36f7b2b06fbca94386e460bcecc99823870c8e66a8eb76940f9c7a7e,False,Unchanged baseline file.
outputs/evaluation/field_validation/analysis/rf25_cv/rf25_cross_validation_performance_v2.pdf,outputs/evaluation/field_validation/analysis/rf25_cv/rf25_cross_validation_performance_v2.pdf,False,d2d48083b88b11891e3ad59f7cd5ff487d86fe96761618968084493b923e7f8b,d2d48083b88b11891e3ad59f7cd5ff487d86fe96761618968084493b923e7f8b,False,Unchanged baseline file.
outputs/evaluation/field_validation/analysis/rf25_cv/rf25_cross_validation_performance_v2.png,outputs/evaluation/field_validation/analysis/rf25_cv/rf25_cross_validation_performance_v2.png,False,d87e4d8b4f295b33ec2adb2b06ad226933d9557cee9b9590d54c0b9ea0dbf26a,d87e4d8b4f295b33ec2adb2b06ad226933d9557cee9b9590d54c0b9ea0dbf26a,False,Unchanged baseline file.
outputs/evaluation/field_validation/analysis/rf25_cv/rf25_cross_validation_performance_vf_supports.pdf,outputs/evaluation/field_validation/analysis/rf25_cv/rf25_cross_validation_performance_vf_supports.pdf,False,e77b2175a83abaa55da0cad97bf582e0548c55e5b5d016a1bc2a4dcd6b59fa3c,e77b2175a83abaa55da0cad97bf582e0548c55e5b5d016a1bc2a4dcd6b59fa3c,False,Unchanged baseline file.
outputs/evaluation/field_validation/analysis/rf25_cv/rf25_cross_validation_performance_vf_supports.png,outputs/evaluation/field_validation/analysis/rf25_cv/rf25_cross_validation_performance_vf_supports.png,False,57d258cc0fdfb3ff7682d94c467eac1b99358e5ac195d86aee816a64f7cfd3a7,57d258cc0fdfb3ff7682d94c467eac1b99358e5ac195d86aee816a64f7cfd3a7,False,Unchanged baseline file.
outputs/evaluation/field_validation/analysis/station_diagnostics.csv,outputs/evaluation/field_validation/analysis/station_diagnostics.csv,False,1a9476e93d2e549c973254c8e8ee00a54a226f58778f3d047368092ee21132fc,8135be28f383d549e26cb1d711fdfea0fba722b608562aa008609814569539f0,True,"Current identity labels, paths, metadata, workbook packaging, derived output or station pair-key digest; scientific values preserved."
outputs/evaluation/field_validation/analysis/support_summary.csv,outputs/evaluation/field_validation/analysis/support_summary.csv,False,fb1b5be48f1f5a92a8eb41e102607cbd01dc58e7d5175c8611eb26b4a603d3c3,8db56cdff5472fdac6196ed53f05a79e9ce63e69e7f42910edbe72084b7ef234,True,"Current identity labels, paths, metadata, workbook packaging, derived output or station pair-key digest; scientific values preserved."
outputs/evaluation/field_validation/analysis/time_series_by_station.png,outputs/evaluation/field_validation/analysis/time_series_by_station.png,False,87b7f6736c4506e6aa60cb8bcf4ef33a67f0b32c4ef7626b1031f009e9e6662a,1b805973fdd043c1ca316727af0ca8a4988eceff382143797090a5d888294b2f,True,"Current identity labels, paths, metadata, workbook packaging, derived output or station pair-key digest; scientific values preserved."
outputs/evaluation/field_validation/audit_support_graph.py,outputs/evaluation/field_validation/audit_support_graph.py,False,de9597b0dcd0f7e67d408c50c7d2fd9476f792f15c77b9f1bd944bb08b8115db,de9597b0dcd0f7e67d408c50c7d2fd9476f792f15c77b9f1bd944bb08b8115db,False,Unchanged baseline file.
outputs/evaluation/field_validation/field_daily_qc.csv,outputs/evaluation/field_validation/field_daily_qc.csv,False,1aa89a2385e70d7824a9a1357967720240dfc8f2644272d771b9e4d6818fef76,495d6bf8bd15d688afe590448e6a3f62fd937a8fb508fc248f2dd95d4b50817e,True,"Current identity labels, paths, metadata, workbook packaging, derived output or station pair-key digest; scientific values preserved."
outputs/evaluation/field_validation/field_period_pairs.csv,outputs/evaluation/field_validation/field_period_pairs.csv,False,877d2819b329c495f6788f9a0cfdf834a94033d04cd24af8787914690c5fcae1,ef37b46f8d2622628a50a4a9a3ef8fe48b28aeaff8c31d31214c5f326282d989,True,"Current identity labels, paths, metadata, workbook packaging, derived output or station pair-key digest; scientific values preserved."
outputs/evaluation/field_validation/field_validation_attrition.csv,outputs/evaluation/field_validation/field_validation_attrition.csv,False,fd729c9381a016f6365aa3985cd56cab2e981e485d1c3101049459281b9380b8,93f2c89de769ea49203873022d1626dd50cd149d54550ca2fd9c2d73bf9eab36,True,"Current identity labels, paths, metadata, workbook packaging, derived output or station pair-key digest; scientific values preserved."
outputs/evaluation/field_validation/field_validation_by_station.csv,outputs/evaluation/field_validation/field_validation_by_station.csv,False,bfa3815538e287febdc8f88e52fef7dbdcb55365ad011160a76f5906fb6877dc,66da430a04b01ddd5897f563d186bdfb7d73957c922aec83e35625044765f71e,True,"Current identity labels, paths, metadata, workbook packaging, derived output or station pair-key digest; scientific values preserved."
outputs/evaluation/field_validation/field_validation_metadata.json,outputs/evaluation/field_validation/field_validation_metadata.json,False,c6e01c1a7e1901fd0004c722871077d91a2b8d7a6cfa2c88d78c71033cd02514,94b1449c388b2b2d62ae6647ad35f357902608fc9bf81dca7cba77c23f23dc24,True,"Current identity labels, paths, metadata, workbook packaging, derived output or station pair-key digest; scientific values preserved."
outputs/evaluation/field_validation/field_validation_metrics.csv,outputs/evaluation/field_validation/field_validation_metrics.csv,False,598404fce0fb63878900b43fce50aecb6eb9b136c008072edb45d19e720dac6d,c9f89a4950737169e951ca23a88dd4377efd595d6befd060da099e66e56de1b3,True,"Current identity labels, paths, metadata, workbook packaging, derived output or station pair-key digest; scientific values preserved."
outputs/evaluation/field_validation/field_validation_review.xlsx,outputs/evaluation/field_validation/field_validation_review.xlsx,False,1afd01a176661810e8a463752552967ab3e78294b4e7e87f330cfdd96532d711,6087ebffca0cd406258e9d9c205ef0fde2f3054ec3376d416633903f8878fe6a,True,"Current identity labels, paths, metadata, workbook packaging, derived output or station pair-key digest; scientific values preserved."
outputs/evaluation/field_validation/local_halo7_products/2022-03-14/ST01/metadata.json,outputs/evaluation/field_validation/local_halo7_products/2022-03-14/ST02/metadata.json,True,aef369b6ce8a4eeeb355e6b7d2ca879f4468355cb174a2250cb428ced69d50ca,6098c8e6af855d58d4dfca07a47d723e4361f69ecbce01e9f0abc54dfb0d42df,True,"Current identity labels, paths, metadata, workbook packaging, derived output or station pair-key digest; scientific values preserved."
outputs/evaluation/field_validation/local_halo7_products/2022-03-14/ST01/MODIS_halo7_ST01_2022-03-14_native.tif,outputs/evaluation/field_validation/local_halo7_products/2022-03-14/ST02/MODIS_halo7_ST02_2022-03-14_native.tif,True,2a4e2bda4b54554c4cc120ec24c66cdedafa7a8adb2c3350c01e7a80aec26b18,2a4e2bda4b54554c4cc120ec24c66cdedafa7a8adb2c3350c01e7a80aec26b18,False,Bytes identical; physical identity path may be renamed.
outputs/evaluation/field_validation/local_halo7_products/2022-03-14/ST01/raw/ST01_halo7.json,outputs/evaluation/field_validation/local_halo7_products/2022-03-14/ST02/raw/ST02_halo7.json,True,59cc948b7d62c645976fcc0240f673130b985b82578d25c106f57b052f500ac6,71e9410169a13b3bd7c970a08d292137849201e41f154f47ffe29ef036e4e85b,True,"Current identity labels, paths, metadata, workbook packaging, derived output or station pair-key digest; scientific values preserved."
outputs/evaluation/field_validation/local_halo7_products/2022-03-14/ST01/raw/ST01_halo7.tif,outputs/evaluation/field_validation/local_halo7_products/2022-03-14/ST02/raw/ST02_halo7.tif,True,31d9fa11041e9426d4c3a32fef59bdc6de91db998a08adc758b49654f481e7c0,31d9fa11041e9426d4c3a32fef59bdc6de91db998a08adc758b49654f481e7c0,False,Bytes identical; physical identity path may be renamed.
outputs/evaluation/field_validation/local_halo7_products/2022-03-14/ST01/RF25_halo7_ST01_2022-03-14_20m.tif,outputs/evaluation/field_validation/local_halo7_products/2022-03-14/ST02/RF25_halo7_ST02_2022-03-14_20m.tif,True,e1600cce3ac243fc1fc659153882d57f1c446316e642389b03cc72fa6d59a248,d3b2f29f3f6147b312188ed15e59c335888557e28ac179b2e3c955a6c05a4fa3,True,"Only embedded station_id metadata changed; arrays, masks and support identical."
outputs/evaluation/field_validation/local_halo7_products/2022-03-14/ST02/metadata.json,outputs/evaluation/field_validation/local_halo7_products/2022-03-14/ST03/metadata.json,True,325b3e6a62f32e0dab7b2e11134f2f7f8a00b69b6cb051c370d9409f69d0e9f7,b589b21d81d285c846090c802d81ed02321e304296601b4a3d0f80d3f9ba0f00,True,"Current identity labels, paths, metadata, workbook packaging, derived output or station pair-key digest; scientific values preserved."
outputs/evaluation/field_validation/local_halo7_products/2022-03-14/ST02/MODIS_halo7_ST02_2022-03-14_native.tif,outputs/evaluation/field_validation/local_halo7_products/2022-03-14/ST03/MODIS_halo7_ST03_2022-03-14_native.tif,True,9a5058e3603042a492d7e2bbbae0e288d316ef0647c2f371c59f29446dbf8cd8,9a5058e3603042a492d7e2bbbae0e288d316ef0647c2f371c59f29446dbf8cd8,False,Bytes identical; physical identity path may be renamed.
outputs/evaluation/field_validation/local_halo7_products/2022-03-14/ST02/raw/ST02_halo7.json,outputs/evaluation/field_validation/local_halo7_products/2022-03-14/ST03/raw/ST03_halo7.json,True,a7459f595f32ad1087cbf972cc7de4ff6ef5b43cc8fb9408bf5d8d1c86b576a2,8fe19660642747f6a3d3915a926eccaadff90b19605e4760fb1cf826f59d231d,True,"Current identity labels, paths, metadata, workbook packaging, derived output or station pair-key digest; scientific values preserved."
outputs/evaluation/field_validation/local_halo7_products/2022-03-14/ST02/raw/ST02_halo7.tif,outputs/evaluation/field_validation/local_halo7_products/2022-03-14/ST03/raw/ST03_halo7.tif,True,4b4eb870bfea1c7e11e169d059dc5582b5d6ca4248619b4bb3277b2a08000f41,4b4eb870bfea1c7e11e169d059dc5582b5d6ca4248619b4bb3277b2a08000f41,False,Bytes identical; physical identity path may be renamed.
outputs/evaluation/field_validation/local_halo7_products/2022-03-14/ST02/RF25_halo7_ST02_2022-03-14_20m.tif,outputs/evaluation/field_validation/local_halo7_products/2022-03-14/ST03/RF25_halo7_ST03_2022-03-14_20m.tif,True,c952fd26f7b9da5923480124409e6ebfd5739e1208fabdebe00ac949e472dbf7,ea3fc639bd88159030325ff57a05fbefd8e24c0bb7ce4121242b12c2de5ebff1,True,"Only embedded station_id metadata changed; arrays, masks and support identical."
outputs/evaluation/field_validation/local_halo7_products/2022-03-14/ST03/metadata.json,outputs/evaluation/field_validation/local_halo7_products/2022-03-14/ST04/metadata.json,True,d10a455e684d8bb90bd0cee743e50f5c000c9a2bbe992625bcbc4f765d6b0030,4dc55326bcabf7a01271e2315aef549b1e70ebb7790299a6ab0d1bd075e69c04,True,"Current identity labels, paths, metadata, workbook packaging, derived output or station pair-key digest; scientific values preserved."
outputs/evaluation/field_validation/local_halo7_products/2022-03-14/ST03/MODIS_halo7_ST03_2022-03-14_native.tif,outputs/evaluation/field_validation/local_halo7_products/2022-03-14/ST04/MODIS_halo7_ST04_2022-03-14_native.tif,True,fbbf39f6f491d98b0ccfe2431193435b8b0f0cb2c2be2ca12648538ab2a3d236,fbbf39f6f491d98b0ccfe2431193435b8b0f0cb2c2be2ca12648538ab2a3d236,False,Bytes identical; physical identity path may be renamed.
outputs/evaluation/field_validation/local_halo7_products/2022-03-14/ST03/raw/ST03_halo7.json,outputs/evaluation/field_validation/local_halo7_products/2022-03-14/ST04/raw/ST04_halo7.json,True,50341fe06e775e06552ec6337ca82b577d0e7d52cc9077c3c6020f3f89b47e94,1a38d570f25ca60793f415cdf8a2c7ddac20b88fe91d46bf34f22691a623517f,True,"Current identity labels, paths, metadata, workbook packaging, derived output or station pair-key digest; scientific values preserved."
outputs/evaluation/field_validation/local_halo7_products/2022-03-14/ST03/raw/ST03_halo7.tif,outputs/evaluation/field_validation/local_halo7_products/2022-03-14/ST04/raw/ST04_halo7.tif,True,61454406524c18808430e7b44b93009106dfa12ed60e255bd23c07e80f2486f8,61454406524c18808430e7b44b93009106dfa12ed60e255bd23c07e80f2486f8,False,Bytes identical; physical identity path may be renamed.
outputs/evaluation/field_validation/local_halo7_products/2022-03-14/ST03/RF25_halo7_ST03_2022-03-14_20m.tif,outputs/evaluation/field_validation/local_halo7_products/2022-03-14/ST04/RF25_halo7_ST04_2022-03-14_20m.tif,True,f6b1ab3c6d013200b83e2863ea6e7d9fed3bedcc6ba9e33eb9a75580ee7ec347,842c47eb7ffb44be516e40b4ca9e9a974459a8d770468819a04b4e63fa45ded2,True,"Only embedded station_id metadata changed; arrays, masks and support identical."
outputs/evaluation/field_validation/local_halo7_products/2022-03-14/ST04/metadata.json,outputs/evaluation/field_validation/local_halo7_products/2022-03-14/ST01/metadata.json,True,1096c918fc286ec5dfe46b724a6bfcbad4dc6c1416fdad6b07dd5bc05c7a2b04,8503ca3e664be20197584d49cf396d0a425fb8c14a9da83743def337f2daa241,True,"Current identity labels, paths, metadata, workbook packaging, derived output or station pair-key digest; scientific values preserved."
outputs/evaluation/field_validation/local_halo7_products/2022-03-14/ST04/MODIS_halo7_ST04_2022-03-14_native.tif,outputs/evaluation/field_validation/local_halo7_products/2022-03-14/ST01/MODIS_halo7_ST01_2022-03-14_native.tif,True,8332dd10f866aaa30f6fe36cdabf0dad66ac2dc4cc67b40814175ad30f73ede8,8332dd10f866aaa30f6fe36cdabf0dad66ac2dc4cc67b40814175ad30f73ede8,False,Bytes identical; physical identity path may be renamed.
outputs/evaluation/field_validation/local_halo7_products/2022-03-14/ST04/raw/ST04_halo7.json,outputs/evaluation/field_validation/local_halo7_products/2022-03-14/ST01/raw/ST01_halo7.json,True,c7a4549723c5210d9d3062ce6e8318df464b6f7ce0b2c78dc016860ba3825d93,98eb5af11749db6e6fadaee0c88fda570a450feb268f14670fe8a686236b62b8,True,"Current identity labels, paths, metadata, workbook packaging, derived output or station pair-key digest; scientific values preserved."
outputs/evaluation/field_validation/local_halo7_products/2022-03-14/ST04/raw/ST04_halo7.tif,outputs/evaluation/field_validation/local_halo7_products/2022-03-14/ST01/raw/ST01_halo7.tif,True,9db5a72bb80e6249ecb4d3085344e16fdc9b70b9d82bf56e9a1bebdbc09c4845,9db5a72bb80e6249ecb4d3085344e16fdc9b70b9d82bf56e9a1bebdbc09c4845,False,Bytes identical; physical identity path may be renamed.
outputs/evaluation/field_validation/local_halo7_products/2022-03-14/ST04/RF25_halo7_ST04_2022-03-14_20m.tif,outputs/evaluation/field_validation/local_halo7_products/2022-03-14/ST01/RF25_halo7_ST01_2022-03-14_20m.tif,True,b28f1c5e30fcce0f5014c92b9e7fcbbaf9658092d45661fa5a49e72dab5b84bf,de893aeda97993a0eae8b1072ffd48b3df713388f755281dce03ccd0a99a483a,True,"Only embedded station_id metadata changed; arrays, masks and support identical."
outputs/evaluation/field_validation/local_halo7_products/2022-03-14/ST05/metadata.json,outputs/evaluation/field_validation/local_halo7_products/2022-03-14/ST05/metadata.json,False,c09585ccfe67397294aa2a5e7157955215fc795deb16549a5fc5c2f915f1d8cc,54fa797d073d0bed81370adcec52f8528e442f4a9bcf094ffefcac9615fc0790,True,"Current identity labels, paths, metadata, workbook packaging, derived output or station pair-key digest; scientific values preserved."
outputs/evaluation/field_validation/local_halo7_products/2022-03-14/ST05/MODIS_halo7_ST05_2022-03-14_native.tif,outputs/evaluation/field_validation/local_halo7_products/2022-03-14/ST05/MODIS_halo7_ST05_2022-03-14_native.tif,False,3e7f8326d4e16162c3558c4bde2f3e15734864e3f446fb01e01bc601f1df06d3,3e7f8326d4e16162c3558c4bde2f3e15734864e3f446fb01e01bc601f1df06d3,False,Bytes identical; physical identity path may be renamed.
outputs/evaluation/field_validation/local_halo7_products/2022-03-14/ST05/raw/ST05_halo7.json,outputs/evaluation/field_validation/local_halo7_products/2022-03-14/ST05/raw/ST05_halo7.json,False,708cb9eba532c558ba5307de92439ab9be71a290a54c2c9b43575005bc912e64,84bc5ad57ede61923bb19e1d9a8811f149daee610f197a0c1eb048bc38253bdd,True,"Current identity labels, paths, metadata, workbook packaging, derived output or station pair-key digest; scientific values preserved."
outputs/evaluation/field_validation/local_halo7_products/2022-03-14/ST05/raw/ST05_halo7.tif,outputs/evaluation/field_validation/local_halo7_products/2022-03-14/ST05/raw/ST05_halo7.tif,False,d19af92e3c9897f49903cef6b55f799b2603ce7688beb6c0f2ead39b8c33c9ae,d19af92e3c9897f49903cef6b55f799b2603ce7688beb6c0f2ead39b8c33c9ae,False,Bytes identical; physical identity path may be renamed.
outputs/evaluation/field_validation/local_halo7_products/2022-03-14/ST05/RF25_halo7_ST05_2022-03-14_20m.tif,outputs/evaluation/field_validation/local_halo7_products/2022-03-14/ST05/RF25_halo7_ST05_2022-03-14_20m.tif,False,4f9e014039cf8f464abe035e22ce5974a70cfc43ae9ace627e0facdccb383739,4f9e014039cf8f464abe035e22ce5974a70cfc43ae9ace627e0facdccb383739,False,Bytes identical; physical identity path may be renamed.
outputs/evaluation/field_validation/local_halo7_products/2022-03-22/ST01/metadata.json,outputs/evaluation/field_validation/local_halo7_products/2022-03-22/ST02/metadata.json,True,b037a2b70ae539f4e1fbc61b2492228712a9dbad93979cb7e485f398a688fff9,375d466089456ac94f16b121808a7965cb615d71ac2a6f50fa2e7fd091e17fe6,True,"Current identity labels, paths, metadata, workbook packaging, derived output or station pair-key digest; scientific values preserved."
outputs/evaluation/field_validation/local_halo7_products/2022-03-22/ST01/MODIS_halo7_ST01_2022-03-22_native.tif,outputs/evaluation/field_validation/local_halo7_products/2022-03-22/ST02/MODIS_halo7_ST02_2022-03-22_native.tif,True,1f2278ab00e0812f249c4ae44e1a001dc7e677ed47d0e4df6b4d17b8183fac78,1f2278ab00e0812f249c4ae44e1a001dc7e677ed47d0e4df6b4d17b8183fac78,False,Bytes identical; physical identity path may be renamed.
outputs/evaluation/field_validation/local_halo7_products/2022-03-22/ST01/raw/ST01_halo7.json,outputs/evaluation/field_validation/local_halo7_products/2022-03-22/ST02/raw/ST02_halo7.json,True,5c57aa3d2d3b8cf93fd255598315f4e3da60e9c21472a835bb18a68f2e0ce00e,cf6bcd7ed9b1f951e97be6f5b2741025fe7e988ee2f1beb9ba16422e0e56c195,True,"Current identity labels, paths, metadata, workbook packaging, derived output or station pair-key digest; scientific values preserved."
outputs/evaluation/field_validation/local_halo7_products/2022-03-22/ST01/raw/ST01_halo7.tif,outputs/evaluation/field_validation/local_halo7_products/2022-03-22/ST02/raw/ST02_halo7.tif,True,7fafbef0c68f54a41286bf8665be7e0ff6897956be77e462d565f326d4446a02,7fafbef0c68f54a41286bf8665be7e0ff6897956be77e462d565f326d4446a02,False,Bytes identical; physical identity path may be renamed.
outputs/evaluation/field_validation/local_halo7_products/2022-03-22/ST01/RF25_halo7_ST01_2022-03-22_20m.tif,outputs/evaluation/field_validation/local_halo7_products/2022-03-22/ST02/RF25_halo7_ST02_2022-03-22_20m.tif,True,e8cca761c02b0c6601e9dcfa15fb9714608efab2d7ca173ed9fa268c669b5323,b527707fccbf25f68f9386045a7cca657c5f9d52872ca2b9ca20722524e76270,True,"Only embedded station_id metadata changed; arrays, masks and support identical."
outputs/evaluation/field_validation/local_halo7_products/2022-03-22/ST02/metadata.json,outputs/evaluation/field_validation/local_halo7_products/2022-03-22/ST03/metadata.json,True,1f32af66adadda9c59e8f569f1c395b8eacd67c956fcb3b4a6e607c0f1836527,ed384dc83e870286e97d2d9b4b511ebbd024e169e918e8abbcb7acf685fb3c85,True,"Current identity labels, paths, metadata, workbook packaging, derived output or station pair-key digest; scientific values preserved."
outputs/evaluation/field_validation/local_halo7_products/2022-03-22/ST02/MODIS_halo7_ST02_2022-03-22_native.tif,outputs/evaluation/field_validation/local_halo7_products/2022-03-22/ST03/MODIS_halo7_ST03_2022-03-22_native.tif,True,3b5f097905ffa940b7f010d698ea82b8b8bf4ae569ba161f23dc8a80391947fd,3b5f097905ffa940b7f010d698ea82b8b8bf4ae569ba161f23dc8a80391947fd,False,Bytes identical; physical identity path may be renamed.
outputs/evaluation/field_validation/local_halo7_products/2022-03-22/ST02/raw/ST02_halo7.json,outputs/evaluation/field_validation/local_halo7_products/2022-03-22/ST03/raw/ST03_halo7.json,True,232e8ffc0333e560a23d9a2a92f6d8c6f1945ee91e280436fbc2b5e6d1afbab4,9502bc8ba87839f1940d0dcbdd84da48765ca3562e825c945d06956afa7db4b6,True,"Current identity labels, paths, metadata, workbook packaging, derived output or station pair-key digest; scientific values preserved."
outputs/evaluation/field_validation/local_halo7_products/2022-03-22/ST02/raw/ST02_halo7.tif,outputs/evaluation/field_validation/local_halo7_products/2022-03-22/ST03/raw/ST03_halo7.tif,True,02a52e0417d916629ada70b339a01f72c29c645b89a97e4f9efe711c418bc05c,02a52e0417d916629ada70b339a01f72c29c645b89a97e4f9efe711c418bc05c,False,Bytes identical; physical identity path may be renamed.
outputs/evaluation/field_validation/local_halo7_products/2022-03-22/ST02/RF25_halo7_ST02_2022-03-22_20m.tif,outputs/evaluation/field_validation/local_halo7_products/2022-03-22/ST03/RF25_halo7_ST03_2022-03-22_20m.tif,True,309de3db56056f9ce82d1d84929ed9085c245c8cd385f0fa4aa3b9b99c40786a,750e39b2b5a6abb2bc0714e1ab7fcfafeefd1b1e10b5676453ae11b49a3e2a4c,True,"Only embedded station_id metadata changed; arrays, masks and support identical."
outputs/evaluation/field_validation/local_halo7_products/2022-03-22/ST03/metadata.json,outputs/evaluation/field_validation/local_halo7_products/2022-03-22/ST04/metadata.json,True,280167c61d1ee3d58f45d9d8118d782953837ef54e29106d3218fb644ab879a7,df67809076218b4013af74debd72c712f16f1d430dedc500a34bd6145757502e,True,"Current identity labels, paths, metadata, workbook packaging, derived output or station pair-key digest; scientific values preserved."
outputs/evaluation/field_validation/local_halo7_products/2022-03-22/ST03/MODIS_halo7_ST03_2022-03-22_native.tif,outputs/evaluation/field_validation/local_halo7_products/2022-03-22/ST04/MODIS_halo7_ST04_2022-03-22_native.tif,True,6621544d3090864131a5d9192d5641090794ad02db50306696965975763bd8dc,6621544d3090864131a5d9192d5641090794ad02db50306696965975763bd8dc,False,Bytes identical; physical identity path may be renamed.
outputs/evaluation/field_validation/local_halo7_products/2022-03-22/ST03/raw/ST03_halo7.json,outputs/evaluation/field_validation/local_halo7_products/2022-03-22/ST04/raw/ST04_halo7.json,True,7072344f374bc7d7d23e98c672f5dbba626c85d2a26c37f3997c7372f7841c9e,070d76e60e9f107e5bb6371de7d38e3b43387f2e4cc646af18984f5c22b6ddec,True,"Current identity labels, paths, metadata, workbook packaging, derived output or station pair-key digest; scientific values preserved."
outputs/evaluation/field_validation/local_halo7_products/2022-03-22/ST03/raw/ST03_halo7.tif,outputs/evaluation/field_validation/local_halo7_products/2022-03-22/ST04/raw/ST04_halo7.tif,True,85d50bee5727a42aadd57e160f351a594be2dee209c9a47b95f2a26e5e49535a,85d50bee5727a42aadd57e160f351a594be2dee209c9a47b95f2a26e5e49535a,False,Bytes identical; physical identity path may be renamed.
outputs/evaluation/field_validation/local_halo7_products/2022-03-22/ST03/RF25_halo7_ST03_2022-03-22_20m.tif,outputs/evaluation/field_validation/local_halo7_products/2022-03-22/ST04/RF25_halo7_ST04_2022-03-22_20m.tif,True,55cb4b633d06ff2d8953efc01dcfc0ccb61a2338623858b48d3b3ab27d1ccc63,f081df1f3d892ddf9441a5f9cdd4981100a0ddca892fe70179ab94cce3e17d93,True,"Only embedded station_id metadata changed; arrays, masks and support identical."
outputs/evaluation/field_validation/local_halo7_products/2022-03-22/ST04/metadata.json,outputs/evaluation/field_validation/local_halo7_products/2022-03-22/ST01/metadata.json,True,75cfcc414556474a77d9d586c9dad670aaf7a87fcedbc81fb4068d97a661373a,db9bd70e8e0f7e9cf6b5ed52366206afb81e7a9c617968cc461ff3b82fc480df,True,"Current identity labels, paths, metadata, workbook packaging, derived output or station pair-key digest; scientific values preserved."
outputs/evaluation/field_validation/local_halo7_products/2022-03-22/ST04/MODIS_halo7_ST04_2022-03-22_native.tif,outputs/evaluation/field_validation/local_halo7_products/2022-03-22/ST01/MODIS_halo7_ST01_2022-03-22_native.tif,True,1bbb18d6355a14185b4a435e8bcc3511563ddce8c32a26b16e15a9bcf2b79b11,1bbb18d6355a14185b4a435e8bcc3511563ddce8c32a26b16e15a9bcf2b79b11,False,Bytes identical; physical identity path may be renamed.
outputs/evaluation/field_validation/local_halo7_products/2022-03-22/ST04/raw/ST04_halo7.json,outputs/evaluation/field_validation/local_halo7_products/2022-03-22/ST01/raw/ST01_halo7.json,True,056c9a28e37b9e26f05de62c8ad7fa91d7521a827643f0d3028ae046e746d258,68a850e9bdad6d1a3d937d2cadc8233f6ed747d49c90f892d38ddbb662d388aa,True,"Current identity labels, paths, metadata, workbook packaging, derived output or station pair-key digest; scientific values preserved."
outputs/evaluation/field_validation/local_halo7_products/2022-03-22/ST04/raw/ST04_halo7.tif,outputs/evaluation/field_validation/local_halo7_products/2022-03-22/ST01/raw/ST01_halo7.tif,True,f02fa000d83e5ea60a589370b9a5739622ee0fd9452331bffaff439eb50884ef,f02fa000d83e5ea60a589370b9a5739622ee0fd9452331bffaff439eb50884ef,False,Bytes identical; physical identity path may be renamed.
outputs/evaluation/field_validation/local_halo7_products/2022-03-22/ST04/RF25_halo7_ST04_2022-03-22_20m.tif,outputs/evaluation/field_validation/local_halo7_products/2022-03-22/ST01/RF25_halo7_ST01_2022-03-22_20m.tif,True,0d2a844db519bb62079cd456af4b7995db5e48404319a2166b70741b0cf7e33c,60c06e1088f23190ab6fb24c557e58f85e853b92603b35d473a57c3131bf17e1,True,"Only embedded station_id metadata changed; arrays, masks and support identical."
outputs/evaluation/field_validation/local_halo7_products/2022-03-22/ST05/metadata.json,outputs/evaluation/field_validation/local_halo7_products/2022-03-22/ST05/metadata.json,False,8dd17987ead0b68346f85a7d42d82a271ba720ac3d9043f50b626e5852095b41,63c2c496e8f06acdce20a028bcca53ca34a7bdf2d893c49be19bd104fbfbb539,True,"Current identity labels, paths, metadata, workbook packaging, derived output or station pair-key digest; scientific values preserved."
outputs/evaluation/field_validation/local_halo7_products/2022-03-22/ST05/MODIS_halo7_ST05_2022-03-22_native.tif,outputs/evaluation/field_validation/local_halo7_products/2022-03-22/ST05/MODIS_halo7_ST05_2022-03-22_native.tif,False,f25dea7e396140a6ec331e9c9a9ca7c9898272d47e452301eb48a0852cdb626f,f25dea7e396140a6ec331e9c9a9ca7c9898272d47e452301eb48a0852cdb626f,False,Bytes identical; physical identity path may be renamed.
outputs/evaluation/field_validation/local_halo7_products/2022-03-22/ST05/raw/ST05_halo7.json,outputs/evaluation/field_validation/local_halo7_products/2022-03-22/ST05/raw/ST05_halo7.json,False,e09a585e3b0e585dfd09903393a05ee379747ac67e683ca82b85e23cdf326ef3,09cefab70a6b722ab2ffdec83ab7cbbc0d5bb1321af70d75e575215c5a1c183f,True,"Current identity labels, paths, metadata, workbook packaging, derived output or station pair-key digest; scientific values preserved."
outputs/evaluation/field_validation/local_halo7_products/2022-03-22/ST05/raw/ST05_halo7.tif,outputs/evaluation/field_validation/local_halo7_products/2022-03-22/ST05/raw/ST05_halo7.tif,False,1a7e349d7354f27bcb33361750fbeed810c5a301f7d85fc85778349f780d9470,1a7e349d7354f27bcb33361750fbeed810c5a301f7d85fc85778349f780d9470,False,Bytes identical; physical identity path may be renamed.
outputs/evaluation/field_validation/local_halo7_products/2022-03-22/ST05/RF25_halo7_ST05_2022-03-22_20m.tif,outputs/evaluation/field_validation/local_halo7_products/2022-03-22/ST05/RF25_halo7_ST05_2022-03-22_20m.tif,False,099ccd3171cf1b96e35b7aefeaa7e3d281857e9067fade6cece155c7e0b416a9,099ccd3171cf1b96e35b7aefeaa7e3d281857e9067fade6cece155c7e0b416a9,False,Bytes identical; physical identity path may be renamed.
outputs/evaluation/field_validation/local_halo7_products/2022-03-30/ST01/metadata.json,outputs/evaluation/field_validation/local_halo7_products/2022-03-30/ST02/metadata.json,True,3af9abfb45f827347d7548231a2f21668e3a2c0ee08a3fbaaa17eba8a9cda9e1,c4c59135a92e42f62adffa43bdb7c81a342660cd6610d63b385298a0a5d1f2d6,True,"Current identity labels, paths, metadata, workbook packaging, derived output or station pair-key digest; scientific values preserved."
outputs/evaluation/field_validation/local_halo7_products/2022-03-30/ST01/MODIS_halo7_ST01_2022-03-30_native.tif,outputs/evaluation/field_validation/local_halo7_products/2022-03-30/ST02/MODIS_halo7_ST02_2022-03-30_native.tif,True,4c9a9243c927aa24d36b2ed21f24703963e2064cee9decb27a1b5cbe88402027,4c9a9243c927aa24d36b2ed21f24703963e2064cee9decb27a1b5cbe88402027,False,Bytes identical; physical identity path may be renamed.
outputs/evaluation/field_validation/local_halo7_products/2022-03-30/ST01/raw/ST01_halo7.json,outputs/evaluation/field_validation/local_halo7_products/2022-03-30/ST02/raw/ST02_halo7.json,True,f0c7ce1a1a2b3fd96b545e1c5c3797e3b9606e96b22e210100f442d75cd63c10,25b8a0719fb655c6f3ab61a86f8caed387b74b2f1257cc11293e839c020901c4,True,"Current identity labels, paths, metadata, workbook packaging, derived output or station pair-key digest; scientific values preserved."
outputs/evaluation/field_validation/local_halo7_products/2022-03-30/ST01/raw/ST01_halo7.tif,outputs/evaluation/field_validation/local_halo7_products/2022-03-30/ST02/raw/ST02_halo7.tif,True,ca0dc562ac03689f27a521b64e5cbe6606afe152e640baf993f9a583a8e69c9d,ca0dc562ac03689f27a521b64e5cbe6606afe152e640baf993f9a583a8e69c9d,False,Bytes identical; physical identity path may be renamed.
outputs/evaluation/field_validation/local_halo7_products/2022-03-30/ST01/RF25_halo7_ST01_2022-03-30_20m.tif,outputs/evaluation/field_validation/local_halo7_products/2022-03-30/ST02/RF25_halo7_ST02_2022-03-30_20m.tif,True,1fdb93b9bbdb12299998572f308099eb7e9983a5603a28afd411396136252f2e,0e113cb5bed4cdea5a1955b1fa1e1d52aac39ac0d804a496c1cb3d75cd46653a,True,"Only embedded station_id metadata changed; arrays, masks and support identical."
outputs/evaluation/field_validation/local_halo7_products/2022-03-30/ST02/metadata.json,outputs/evaluation/field_validation/local_halo7_products/2022-03-30/ST03/metadata.json,True,47a23b2bee1bf3578813c47818e2af6b69b3547e6fc41a131ba88629d1d0314b,8d6601f58eaa5a4afc26aef3d5539a186b25b1549dcfbf1c0ab882d4b5fe4f2c,True,"Current identity labels, paths, metadata, workbook packaging, derived output or station pair-key digest; scientific values preserved."
outputs/evaluation/field_validation/local_halo7_products/2022-03-30/ST02/MODIS_halo7_ST02_2022-03-30_native.tif,outputs/evaluation/field_validation/local_halo7_products/2022-03-30/ST03/MODIS_halo7_ST03_2022-03-30_native.tif,True,4eaba03b28438dae5e46c9f3aeb78ba3967aadb737e350deb2dc94e4aace4120,4eaba03b28438dae5e46c9f3aeb78ba3967aadb737e350deb2dc94e4aace4120,False,Bytes identical; physical identity path may be renamed.
outputs/evaluation/field_validation/local_halo7_products/2022-03-30/ST02/raw/ST02_halo7.json,outputs/evaluation/field_validation/local_halo7_products/2022-03-30/ST03/raw/ST03_halo7.json,True,6b4baf4994f78f22af98d6fe52de34e4c545f8980bd82dc23e76b393424405ee,655a08ae7aaf1280f76e1457f78bdf6c5bdc63f251c9aa2c145c945b91b27a36,True,"Current identity labels, paths, metadata, workbook packaging, derived output or station pair-key digest; scientific values preserved."
outputs/evaluation/field_validation/local_halo7_products/2022-03-30/ST02/raw/ST02_halo7.tif,outputs/evaluation/field_validation/local_halo7_products/2022-03-30/ST03/raw/ST03_halo7.tif,True,30da382ac0a400a1c51f120d9d5da28aabeb5b779f98bc734d304bb18f12066f,30da382ac0a400a1c51f120d9d5da28aabeb5b779f98bc734d304bb18f12066f,False,Bytes identical; physical identity path may be renamed.
outputs/evaluation/field_validation/local_halo7_products/2022-03-30/ST02/RF25_halo7_ST02_2022-03-30_20m.tif,outputs/evaluation/field_validation/local_halo7_products/2022-03-30/ST03/RF25_halo7_ST03_2022-03-30_20m.tif,True,fb11e471f07ed575f2cc7d1001b6a0ce179aa649b12a4cfc35812f7752a58b1e,f15425c5dd503c301858fe0c2d163916f7c7be834be2f0d654f070a83d7c0698,True,"Only embedded station_id metadata changed; arrays, masks and support identical."
outputs/evaluation/field_validation/local_halo7_products/2022-03-30/ST03/metadata.json,outputs/evaluation/field_validation/local_halo7_products/2022-03-30/ST04/metadata.json,True,963a848832a125e1a16aad008c3a9f9c213cb02aba5d639f04533684d0318d5f,35863ef8acf87b8dfb2fd767d9040c6161f8c691bfcba3da721db6067b3378c1,True,"Current identity labels, paths, metadata, workbook packaging, derived output or station pair-key digest; scientific values preserved."
outputs/evaluation/field_validation/local_halo7_products/2022-03-30/ST03/MODIS_halo7_ST03_2022-03-30_native.tif,outputs/evaluation/field_validation/local_halo7_products/2022-03-30/ST04/MODIS_halo7_ST04_2022-03-30_native.tif,True,5a784a017893b16efe5c95273e4b9a34075943efe56f26a6c8c089b68814f046,5a784a017893b16efe5c95273e4b9a34075943efe56f26a6c8c089b68814f046,False,Bytes identical; physical identity path may be renamed.
outputs/evaluation/field_validation/local_halo7_products/2022-03-30/ST03/raw/ST03_halo7.json,outputs/evaluation/field_validation/local_halo7_products/2022-03-30/ST04/raw/ST04_halo7.json,True,605b1d9b0da78afbc11e03399ddd842bbc0aee562efc08c96ac2c8308fab8d01,0b9c0f78995eb14bdda34ae20bd5f5e50d9db77d5cd324f9672623b108894066,True,"Current identity labels, paths, metadata, workbook packaging, derived output or station pair-key digest; scientific values preserved."
outputs/evaluation/field_validation/local_halo7_products/2022-03-30/ST03/raw/ST03_halo7.tif,outputs/evaluation/field_validation/local_halo7_products/2022-03-30/ST04/raw/ST04_halo7.tif,True,957a8e546a7f007513feba9a104dc7e6ec6a679f3cbf653cc8ef6f164941ca1b,957a8e546a7f007513feba9a104dc7e6ec6a679f3cbf653cc8ef6f164941ca1b,False,Bytes identical; physical identity path may be renamed.
outputs/evaluation/field_validation/local_halo7_products/2022-03-30/ST03/RF25_halo7_ST03_2022-03-30_20m.tif,outputs/evaluation/field_validation/local_halo7_products/2022-03-30/ST04/RF25_halo7_ST04_2022-03-30_20m.tif,True,6040c3256683a6ba5132d9c188624cedb4d7394bdf63ba04db0802d045cdc60b,73a52970d460ba0fb0435bb548a05dfbe5f2d1a948529bacf026edb081c0aceb,True,"Only embedded station_id metadata changed; arrays, masks and support identical."
outputs/evaluation/field_validation/local_halo7_products/2022-03-30/ST04/metadata.json,outputs/evaluation/field_validation/local_halo7_products/2022-03-30/ST01/metadata.json,True,bf3b5e9a265ca9e10f89acbaa715afa9b5ffbb9a927d75eaca873fde15799ead,e29784c4f3e71d55ea28e548806636cd29febfb06b631f0f80b8d2a18a18a3b9,True,"Current identity labels, paths, metadata, workbook packaging, derived output or station pair-key digest; scientific values preserved."
outputs/evaluation/field_validation/local_halo7_products/2022-03-30/ST04/MODIS_halo7_ST04_2022-03-30_native.tif,outputs/evaluation/field_validation/local_halo7_products/2022-03-30/ST01/MODIS_halo7_ST01_2022-03-30_native.tif,True,dbdc33a992c59c24dc1336b841c39bdc576da055d57659ff0d3b01fbe45ffc43,dbdc33a992c59c24dc1336b841c39bdc576da055d57659ff0d3b01fbe45ffc43,False,Bytes identical; physical identity path may be renamed.
outputs/evaluation/field_validation/local_halo7_products/2022-03-30/ST04/raw/ST04_halo7.json,outputs/evaluation/field_validation/local_halo7_products/2022-03-30/ST01/raw/ST01_halo7.json,True,2c0d4f000a71c6c204481c0f2d9ad7420ed89d21d9601054e8dc3707bce44828,8b4d21845e7cdf24ebe781a4242033cab24828292dc54820f678815beb461e71,True,"Current identity labels, paths, metadata, workbook packaging, derived output or station pair-key digest; scientific values preserved."
outputs/evaluation/field_validation/local_halo7_products/2022-03-30/ST04/raw/ST04_halo7.tif,outputs/evaluation/field_validation/local_halo7_products/2022-03-30/ST01/raw/ST01_halo7.tif,True,a62c485662a02cb7bf2fd014e56f285b7d29edf42a0936425527b538049dad64,a62c485662a02cb7bf2fd014e56f285b7d29edf42a0936425527b538049dad64,False,Bytes identical; physical identity path may be renamed.
outputs/evaluation/field_validation/local_halo7_products/2022-03-30/ST04/RF25_halo7_ST04_2022-03-30_20m.tif,outputs/evaluation/field_validation/local_halo7_products/2022-03-30/ST01/RF25_halo7_ST01_2022-03-30_20m.tif,True,07a603edcfcfbfdadaf867ad1b19fc3b5aed274a0b40bf3b5bc536b601dcedb8,e2254955ffac01e72feaa580c7f7f3947d86bcf0d261ee235831e5dd9b6f94c5,True,"Only embedded station_id metadata changed; arrays, masks and support identical."
outputs/evaluation/field_validation/local_halo7_products/2022-03-30/ST05/metadata.json,outputs/evaluation/field_validation/local_halo7_products/2022-03-30/ST05/metadata.json,False,7e8103db8233593892d22896a77a77477c0d38b9220c83e7c54301ce80245598,1487cef6f2fb2289e5fa886ea7299e30477693126177a9de4ff1cc8162c0227f,True,"Current identity labels, paths, metadata, workbook packaging, derived output or station pair-key digest; scientific values preserved."
outputs/evaluation/field_validation/local_halo7_products/2022-03-30/ST05/MODIS_halo7_ST05_2022-03-30_native.tif,outputs/evaluation/field_validation/local_halo7_products/2022-03-30/ST05/MODIS_halo7_ST05_2022-03-30_native.tif,False,75ebe08160e8d12e13b14e82b099ad8179dd44a2a6a800e7abc668de92a3c5b8,75ebe08160e8d12e13b14e82b099ad8179dd44a2a6a800e7abc668de92a3c5b8,False,Bytes identical; physical identity path may be renamed.
outputs/evaluation/field_validation/local_halo7_products/2022-03-30/ST05/raw/ST05_halo7.json,outputs/evaluation/field_validation/local_halo7_products/2022-03-30/ST05/raw/ST05_halo7.json,False,f7b19f5454cde89e0c468226f023343b5db0144d327a971e4f7be25774656527,d8cca72cce36efd9e93a1b8046d07c327d2ce6ead043fd2690f8d049e878e4a4,True,"Current identity labels, paths, metadata, workbook packaging, derived output or station pair-key digest; scientific values preserved."
outputs/evaluation/field_validation/local_halo7_products/2022-03-30/ST05/raw/ST05_halo7.tif,outputs/evaluation/field_validation/local_halo7_products/2022-03-30/ST05/raw/ST05_halo7.tif,False,84aca1677c3d9f02e084b63ace23cb339b23b64a0c6e40fac84aeb0800dc3fc7,84aca1677c3d9f02e084b63ace23cb339b23b64a0c6e40fac84aeb0800dc3fc7,False,Bytes identical; physical identity path may be renamed.
outputs/evaluation/field_validation/local_halo7_products/2022-03-30/ST05/RF25_halo7_ST05_2022-03-30_20m.tif,outputs/evaluation/field_validation/local_halo7_products/2022-03-30/ST05/RF25_halo7_ST05_2022-03-30_20m.tif,False,e8b396fc508e09a87a92760d3e3f5254013ba4b4bf3e2f2a7dc85b3623e0c619,e8b396fc508e09a87a92760d3e3f5254013ba4b4bf3e2f2a7dc85b3623e0c619,False,Bytes identical; physical identity path may be renamed.
outputs/evaluation/field_validation/local_halo7_products/2022-04-07/ST01/metadata.json,outputs/evaluation/field_validation/local_halo7_products/2022-04-07/ST02/metadata.json,True,a899ae87bc9af25d4af7a103d474d10866d251bdd988af214165f287c6b8144a,5bdad95aec4f2f7b5db3c5942eaedd461f605f977e194a52771cf10a68c2bf34,True,"Current identity labels, paths, metadata, workbook packaging, derived output or station pair-key digest; scientific values preserved."
outputs/evaluation/field_validation/local_halo7_products/2022-04-07/ST01/MODIS_halo7_ST01_2022-04-07_native.tif,outputs/evaluation/field_validation/local_halo7_products/2022-04-07/ST02/MODIS_halo7_ST02_2022-04-07_native.tif,True,96f4b4058359fbc2e90d3f3cf13ddc3a15861aa244b61689dcad6d9db5e85771,96f4b4058359fbc2e90d3f3cf13ddc3a15861aa244b61689dcad6d9db5e85771,False,Bytes identical; physical identity path may be renamed.
outputs/evaluation/field_validation/local_halo7_products/2022-04-07/ST01/raw/ST01_halo7.json,outputs/evaluation/field_validation/local_halo7_products/2022-04-07/ST02/raw/ST02_halo7.json,True,d66726d2a5fe9540915c8efc23ca18bc04d76d5604c343801615dddaa0fce0dd,5d32f56d1b67e199de7aded8d62bf2ad053c37a85c55d7745947ac4850ef178b,True,"Current identity labels, paths, metadata, workbook packaging, derived output or station pair-key digest; scientific values preserved."
outputs/evaluation/field_validation/local_halo7_products/2022-04-07/ST01/raw/ST01_halo7.tif,outputs/evaluation/field_validation/local_halo7_products/2022-04-07/ST02/raw/ST02_halo7.tif,True,109f7a705bbf3b12587a53fad515e44c31b933505b27f1de92ad44f120749410,109f7a705bbf3b12587a53fad515e44c31b933505b27f1de92ad44f120749410,False,Bytes identical; physical identity path may be renamed.
outputs/evaluation/field_validation/local_halo7_products/2022-04-07/ST01/RF25_halo7_ST01_2022-04-07_20m.tif,outputs/evaluation/field_validation/local_halo7_products/2022-04-07/ST02/RF25_halo7_ST02_2022-04-07_20m.tif,True,745bf267f2f19d71455657bdf89657848b75347ecb87014d206cb0c69b7234ce,710ae98d53c96213a225b3d6a2d05a2e4d0e2de1e5e5b9287af0eb6095f33036,True,"Only embedded station_id metadata changed; arrays, masks and support identical."
outputs/evaluation/field_validation/local_halo7_products/2022-04-07/ST02/metadata.json,outputs/evaluation/field_validation/local_halo7_products/2022-04-07/ST03/metadata.json,True,dd98a9a7e4966d8f811fede047241a50000cfa0b7bf60947c1cc3c11e50dd17e,b54f7b48c0f811ffca28c907de46f5e63f8575d36010316e8acb59c035ae5de9,True,"Current identity labels, paths, metadata, workbook packaging, derived output or station pair-key digest; scientific values preserved."
outputs/evaluation/field_validation/local_halo7_products/2022-04-07/ST02/MODIS_halo7_ST02_2022-04-07_native.tif,outputs/evaluation/field_validation/local_halo7_products/2022-04-07/ST03/MODIS_halo7_ST03_2022-04-07_native.tif,True,1f7d41a4489b4dd2c3c147b4a4946735951e73b028a67bce375bee5b764d3416,1f7d41a4489b4dd2c3c147b4a4946735951e73b028a67bce375bee5b764d3416,False,Bytes identical; physical identity path may be renamed.
outputs/evaluation/field_validation/local_halo7_products/2022-04-07/ST02/raw/ST02_halo7.json,outputs/evaluation/field_validation/local_halo7_products/2022-04-07/ST03/raw/ST03_halo7.json,True,9a333558f61aa025b65b334ab3153b84fb189244d464fb02b1714e0b762b80ef,0453614f7b32674eea6091a1d240bff18b03bb43aa68b0f1a1b3478fbe05d7c4,True,"Current identity labels, paths, metadata, workbook packaging, derived output or station pair-key digest; scientific values preserved."
outputs/evaluation/field_validation/local_halo7_products/2022-04-07/ST02/raw/ST02_halo7.tif,outputs/evaluation/field_validation/local_halo7_products/2022-04-07/ST03/raw/ST03_halo7.tif,True,05ce17f4068ce528775fd797d8b3737b998208e3dfdd7e06095784a0002fc0b6,05ce17f4068ce528775fd797d8b3737b998208e3dfdd7e06095784a0002fc0b6,False,Bytes identical; physical identity path may be renamed.
outputs/evaluation/field_validation/local_halo7_products/2022-04-07/ST02/RF25_halo7_ST02_2022-04-07_20m.tif,outputs/evaluation/field_validation/local_halo7_products/2022-04-07/ST03/RF25_halo7_ST03_2022-04-07_20m.tif,True,bda5fb94ebc927ebee5d5a155228ef93bbb63bd10145b8b192b0a0566d8e7b8c,ed3711c8b962b0dad45149df064b1fadcf0043beee3c70f2e4de9c6497b908a7,True,"Only embedded station_id metadata changed; arrays, masks and support identical."
outputs/evaluation/field_validation/local_halo7_products/2022-04-07/ST03/metadata.json,outputs/evaluation/field_validation/local_halo7_products/2022-04-07/ST04/metadata.json,True,5dbcc72366fcbbefffcc49b1c3326f4247dcfe367862f1f2d61b2171ed604ba2,bef1774ca7ab011ebf787aa745aabc619ccb0f4e9cfc1cfac43fbd97a22ce943,True,"Current identity labels, paths, metadata, workbook packaging, derived output or station pair-key digest; scientific values preserved."
outputs/evaluation/field_validation/local_halo7_products/2022-04-07/ST03/MODIS_halo7_ST03_2022-04-07_native.tif,outputs/evaluation/field_validation/local_halo7_products/2022-04-07/ST04/MODIS_halo7_ST04_2022-04-07_native.tif,True,3fbbc96deee6cf29c5061d47a547b958a6b1bcc5faa8c14cd5ae9eeb6a408e46,3fbbc96deee6cf29c5061d47a547b958a6b1bcc5faa8c14cd5ae9eeb6a408e46,False,Bytes identical; physical identity path may be renamed.
outputs/evaluation/field_validation/local_halo7_products/2022-04-07/ST03/raw/ST03_halo7.json,outputs/evaluation/field_validation/local_halo7_products/2022-04-07/ST04/raw/ST04_halo7.json,True,ecf5b817bf233dc9559da59fdca0b922e9ec6e18c83857766ef0bffc24d7bbda,6e69a80d953afd591014f6aa078d727e1221967a031a87f0f6e428d3dabc2216,True,"Current identity labels, paths, metadata, workbook packaging, derived output or station pair-key digest; scientific values preserved."
outputs/evaluation/field_validation/local_halo7_products/2022-04-07/ST03/raw/ST03_halo7.tif,outputs/evaluation/field_validation/local_halo7_products/2022-04-07/ST04/raw/ST04_halo7.tif,True,ddd3cba2aaa202e85a09f142a7f28235e6e07162972052a39179309c843bb3d5,ddd3cba2aaa202e85a09f142a7f28235e6e07162972052a39179309c843bb3d5,False,Bytes identical; physical identity path may be renamed.
outputs/evaluation/field_validation/local_halo7_products/2022-04-07/ST03/RF25_halo7_ST03_2022-04-07_20m.tif,outputs/evaluation/field_validation/local_halo7_products/2022-04-07/ST04/RF25_halo7_ST04_2022-04-07_20m.tif,True,062783631688af84f7ba8dc30899af2f01f2d797460237f2bef7b1174b9593a4,0a506cb55f391b481e43fa2534162b8b24a9d937e74ba68cb2ef4bdc4920211f,True,"Only embedded station_id metadata changed; arrays, masks and support identical."
outputs/evaluation/field_validation/local_halo7_products/2022-04-07/ST04/metadata.json,outputs/evaluation/field_validation/local_halo7_products/2022-04-07/ST01/metadata.json,True,be837cbf5d3a383f711c65ca3345ca9676b2e405f1783e2f2619ae6095ecc652,8d6c92eec86b4322f43b27c3ddb22a6b605ae7131acc6952d6ec5ceeab8a00bb,True,"Current identity labels, paths, metadata, workbook packaging, derived output or station pair-key digest; scientific values preserved."
outputs/evaluation/field_validation/local_halo7_products/2022-04-07/ST04/MODIS_halo7_ST04_2022-04-07_native.tif,outputs/evaluation/field_validation/local_halo7_products/2022-04-07/ST01/MODIS_halo7_ST01_2022-04-07_native.tif,True,803cb4e6fe815c7fad72e5105b8f6bbad6c57042d2684e0c66ced7c878730f86,803cb4e6fe815c7fad72e5105b8f6bbad6c57042d2684e0c66ced7c878730f86,False,Bytes identical; physical identity path may be renamed.
outputs/evaluation/field_validation/local_halo7_products/2022-04-07/ST04/raw/ST04_halo7.json,outputs/evaluation/field_validation/local_halo7_products/2022-04-07/ST01/raw/ST01_halo7.json,True,2cf646dc36a49e8808d5a2948ada0a6c6ddedd502a546b197e4da54fc96e52d4,e1b85a2a065e23b3f91b15c94e8b75a64f04477440f9f3c7badf85507e7c5a33,True,"Current identity labels, paths, metadata, workbook packaging, derived output or station pair-key digest; scientific values preserved."
outputs/evaluation/field_validation/local_halo7_products/2022-04-07/ST04/raw/ST04_halo7.tif,outputs/evaluation/field_validation/local_halo7_products/2022-04-07/ST01/raw/ST01_halo7.tif,True,82797219675ecdde2bb74db5380cd61f17138743bf19ee2e08d4ecbf6bbf5ab5,82797219675ecdde2bb74db5380cd61f17138743bf19ee2e08d4ecbf6bbf5ab5,False,Bytes identical; physical identity path may be renamed.
outputs/evaluation/field_validation/local_halo7_products/2022-04-07/ST04/RF25_halo7_ST04_2022-04-07_20m.tif,outputs/evaluation/field_validation/local_halo7_products/2022-04-07/ST01/RF25_halo7_ST01_2022-04-07_20m.tif,True,73f0d7cfe72701c08bf72338a6f747ccdf2550046ba8e94a28bb3313fae365db,8c7a6477512902b2c73c719af6ec2686581de6264b0bffa75042254511ff63d1,True,"Only embedded station_id metadata changed; arrays, masks and support identical."
outputs/evaluation/field_validation/local_halo7_products/2022-04-07/ST05/metadata.json,outputs/evaluation/field_validation/local_halo7_products/2022-04-07/ST05/metadata.json,False,b21ec93e71adb0e171c6c551f331f618a64cbc0286e6bb7402d05009c32f0b89,409bc7b0edf4053a4b4dd33ca6dd429ee3a69d389e4e39c6a341f4e7646abafd,True,"Current identity labels, paths, metadata, workbook packaging, derived output or station pair-key digest; scientific values preserved."
outputs/evaluation/field_validation/local_halo7_products/2022-04-07/ST05/MODIS_halo7_ST05_2022-04-07_native.tif,outputs/evaluation/field_validation/local_halo7_products/2022-04-07/ST05/MODIS_halo7_ST05_2022-04-07_native.tif,False,d5d85069b9e941e516f5b78b27a992f1da5d8482f2f32300ebd0b2405a2bbec7,d5d85069b9e941e516f5b78b27a992f1da5d8482f2f32300ebd0b2405a2bbec7,False,Bytes identical; physical identity path may be renamed.
outputs/evaluation/field_validation/local_halo7_products/2022-04-07/ST05/raw/ST05_halo7.json,outputs/evaluation/field_validation/local_halo7_products/2022-04-07/ST05/raw/ST05_halo7.json,False,fdc1e2400ef08fb4d4e9bf4bf5386d0460ed95756283dc9bba3bbdf94a76c9fd,b96defc28f5485f3c83fdd32d1357a2b3af19dc483bab46f823da216e27622e0,True,"Current identity labels, paths, metadata, workbook packaging, derived output or station pair-key digest; scientific values preserved."
outputs/evaluation/field_validation/local_halo7_products/2022-04-07/ST05/raw/ST05_halo7.tif,outputs/evaluation/field_validation/local_halo7_products/2022-04-07/ST05/raw/ST05_halo7.tif,False,7cca977d49bf6508239532ca5f722009b3753826d9e33ee6d14066debdfc315d,7cca977d49bf6508239532ca5f722009b3753826d9e33ee6d14066debdfc315d,False,Bytes identical; physical identity path may be renamed.
outputs/evaluation/field_validation/local_halo7_products/2022-04-07/ST05/RF25_halo7_ST05_2022-04-07_20m.tif,outputs/evaluation/field_validation/local_halo7_products/2022-04-07/ST05/RF25_halo7_ST05_2022-04-07_20m.tif,False,af69df7a165447b3f5667d1179d28b2188ee0b5e5c2c17ccfcc49607f2293571,af69df7a165447b3f5667d1179d28b2188ee0b5e5c2c17ccfcc49607f2293571,False,Bytes identical; physical identity path may be renamed.
outputs/evaluation/field_validation/local_halo7_products/2022-04-15/ST01/metadata.json,outputs/evaluation/field_validation/local_halo7_products/2022-04-15/ST02/metadata.json,True,57fb2e1994c24be18044d655f75f40087e10bdf3a5fc4087dfb67062429fd451,33f4e68a9c739546ac12f6770cdf8c5c8ca283f0802e0b005aaa780f06454b3a,True,"Current identity labels, paths, metadata, workbook packaging, derived output or station pair-key digest; scientific values preserved."
outputs/evaluation/field_validation/local_halo7_products/2022-04-15/ST01/MODIS_halo7_ST01_2022-04-15_native.tif,outputs/evaluation/field_validation/local_halo7_products/2022-04-15/ST02/MODIS_halo7_ST02_2022-04-15_native.tif,True,d41bd97b3dbafa807383407d306525020d6438d272d1270a48acaebb2300e2ab,d41bd97b3dbafa807383407d306525020d6438d272d1270a48acaebb2300e2ab,False,Bytes identical; physical identity path may be renamed.
outputs/evaluation/field_validation/local_halo7_products/2022-04-15/ST01/raw/ST01_halo7.json,outputs/evaluation/field_validation/local_halo7_products/2022-04-15/ST02/raw/ST02_halo7.json,True,add533f3f2e064697346299cbe05847e335c75696ab86a2eecfaed8b151325c8,38bc0b3161954aced1b04b23f0be5dd2f398bcbbcc4582bb7f70ad0f217fa657,True,"Current identity labels, paths, metadata, workbook packaging, derived output or station pair-key digest; scientific values preserved."
outputs/evaluation/field_validation/local_halo7_products/2022-04-15/ST01/raw/ST01_halo7.tif,outputs/evaluation/field_validation/local_halo7_products/2022-04-15/ST02/raw/ST02_halo7.tif,True,8855d38347e63254ad65c585a264ec2649f0ef501369027a9381b8e7dc557a77,8855d38347e63254ad65c585a264ec2649f0ef501369027a9381b8e7dc557a77,False,Bytes identical; physical identity path may be renamed.
outputs/evaluation/field_validation/local_halo7_products/2022-04-15/ST01/RF25_halo7_ST01_2022-04-15_20m.tif,outputs/evaluation/field_validation/local_halo7_products/2022-04-15/ST02/RF25_halo7_ST02_2022-04-15_20m.tif,True,a519fe2b9de56671c782412c77c90accb00555539169e6aafedbac5300e29048,3264d3b17d181f43cc231b2224aca4a94c14dc786143e5a7ebe7eaea12eebc74,True,"Only embedded station_id metadata changed; arrays, masks and support identical."
outputs/evaluation/field_validation/local_halo7_products/2022-04-15/ST02/metadata.json,outputs/evaluation/field_validation/local_halo7_products/2022-04-15/ST03/metadata.json,True,49edea8b58c5aee09b6d10a7310c7bc8bcbef79d3b64f7f76154e48d5a3df655,57f3011f5f93ff14f07fcd567bd057d61124f7917e56abf220f18948dd027f91,True,"Current identity labels, paths, metadata, workbook packaging, derived output or station pair-key digest; scientific values preserved."
outputs/evaluation/field_validation/local_halo7_products/2022-04-15/ST02/MODIS_halo7_ST02_2022-04-15_native.tif,outputs/evaluation/field_validation/local_halo7_products/2022-04-15/ST03/MODIS_halo7_ST03_2022-04-15_native.tif,True,2cc84648cfba79029be7386b9f7642864e4b4686f082b5d5371ae03ea3fa5854,2cc84648cfba79029be7386b9f7642864e4b4686f082b5d5371ae03ea3fa5854,False,Bytes identical; physical identity path may be renamed.
outputs/evaluation/field_validation/local_halo7_products/2022-04-15/ST02/raw/ST02_halo7.json,outputs/evaluation/field_validation/local_halo7_products/2022-04-15/ST03/raw/ST03_halo7.json,True,3b075c035882551b9530d8dce0d2754b30793bdb14a8c5f3d36de19cfab331cd,ab84d1ca55a158fb07fcf104a5af8b26437489adc4f138a00ecf75d8fa8087b3,True,"Current identity labels, paths, metadata, workbook packaging, derived output or station pair-key digest; scientific values preserved."
outputs/evaluation/field_validation/local_halo7_products/2022-04-15/ST02/raw/ST02_halo7.tif,outputs/evaluation/field_validation/local_halo7_products/2022-04-15/ST03/raw/ST03_halo7.tif,True,0bb08dc9a8aa23e9158eadbfdc127c40bd2c3e810a1971f0dd4fdb65adc8957f,0bb08dc9a8aa23e9158eadbfdc127c40bd2c3e810a1971f0dd4fdb65adc8957f,False,Bytes identical; physical identity path may be renamed.
outputs/evaluation/field_validation/local_halo7_products/2022-04-15/ST02/RF25_halo7_ST02_2022-04-15_20m.tif,outputs/evaluation/field_validation/local_halo7_products/2022-04-15/ST03/RF25_halo7_ST03_2022-04-15_20m.tif,True,1f837ab1dd2660d3c9844e8810e88b6d8b42d7f801f4a9e514e094fee7a5c246,6f10571e8f9015d43063d77d1b3ed231962cde173ba123fa862b74f5f23c6daf,True,"Only embedded station_id metadata changed; arrays, masks and support identical."
outputs/evaluation/field_validation/local_halo7_products/2022-04-15/ST03/metadata.json,outputs/evaluation/field_validation/local_halo7_products/2022-04-15/ST04/metadata.json,True,fe66720066b9847f69cfa9c9bc3b6636e080e8a53e6f39732a56ad6d9f62f90b,063adc870862661cacbe5eb8312b2cccf8d2e537bffbeac16ed485752c304b07,True,"Current identity labels, paths, metadata, workbook packaging, derived output or station pair-key digest; scientific values preserved."
outputs/evaluation/field_validation/local_halo7_products/2022-04-15/ST03/MODIS_halo7_ST03_2022-04-15_native.tif,outputs/evaluation/field_validation/local_halo7_products/2022-04-15/ST04/MODIS_halo7_ST04_2022-04-15_native.tif,True,4df95f85bd2cac2b2e2e7471377496f7bbf33a19f87699b4a0dd05db7306c2ff,4df95f85bd2cac2b2e2e7471377496f7bbf33a19f87699b4a0dd05db7306c2ff,False,Bytes identical; physical identity path may be renamed.
outputs/evaluation/field_validation/local_halo7_products/2022-04-15/ST03/raw/ST03_halo7.json,outputs/evaluation/field_validation/local_halo7_products/2022-04-15/ST04/raw/ST04_halo7.json,True,01db707747a5e7e8c2da83f9e9325d0612e32db181264e90162aaa1cb3c1be81,b3af2183bbd967f6ed7ff54511a328455abcc0f8c13d7ab628eaa36f52796818,True,"Current identity labels, paths, metadata, workbook packaging, derived output or station pair-key digest; scientific values preserved."
outputs/evaluation/field_validation/local_halo7_products/2022-04-15/ST03/raw/ST03_halo7.tif,outputs/evaluation/field_validation/local_halo7_products/2022-04-15/ST04/raw/ST04_halo7.tif,True,e8bcaa2998b3a6962a805378cd06691d633daceb04e653c50cf99b8289ef231c,e8bcaa2998b3a6962a805378cd06691d633daceb04e653c50cf99b8289ef231c,False,Bytes identical; physical identity path may be renamed.
outputs/evaluation/field_validation/local_halo7_products/2022-04-15/ST03/RF25_halo7_ST03_2022-04-15_20m.tif,outputs/evaluation/field_validation/local_halo7_products/2022-04-15/ST04/RF25_halo7_ST04_2022-04-15_20m.tif,True,6078f2c3d93e52ecec3cd8276b6ae7186d1c6438abcf8282a4ece6494b83aae9,527aecfbcc666e5b85e1b6389e9811787b16f7441c443782defc62b0b541d105,True,"Only embedded station_id metadata changed; arrays, masks and support identical."
outputs/evaluation/field_validation/local_halo7_products/2022-04-15/ST04/metadata.json,outputs/evaluation/field_validation/local_halo7_products/2022-04-15/ST01/metadata.json,True,ff73ff08987be7cade600540b47eb8bee4bec257c48f7b6db4011a9d7f3a3b07,d47fe57245c36f31b895fdfa4611dc2a30d38868627f097c495423b1ccff9ade,True,"Current identity labels, paths, metadata, workbook packaging, derived output or station pair-key digest; scientific values preserved."
outputs/evaluation/field_validation/local_halo7_products/2022-04-15/ST04/MODIS_halo7_ST04_2022-04-15_native.tif,outputs/evaluation/field_validation/local_halo7_products/2022-04-15/ST01/MODIS_halo7_ST01_2022-04-15_native.tif,True,0d7f3e565d52b5f87fd22125ceb4469e733dd17ee75081054af257d8ea287a67,0d7f3e565d52b5f87fd22125ceb4469e733dd17ee75081054af257d8ea287a67,False,Bytes identical; physical identity path may be renamed.
outputs/evaluation/field_validation/local_halo7_products/2022-04-15/ST04/raw/ST04_halo7.json,outputs/evaluation/field_validation/local_halo7_products/2022-04-15/ST01/raw/ST01_halo7.json,True,a641f9733b6a9328661d098b78a7c36bbdf1faa63c1b437a732a908285d9445c,c311ee1b3e66af3560aeb62fd4f011fc5fde165c04b4acc86add984b898d23f4,True,"Current identity labels, paths, metadata, workbook packaging, derived output or station pair-key digest; scientific values preserved."
outputs/evaluation/field_validation/local_halo7_products/2022-04-15/ST04/raw/ST04_halo7.tif,outputs/evaluation/field_validation/local_halo7_products/2022-04-15/ST01/raw/ST01_halo7.tif,True,29955c4aa3435df2e7ecc35b2d3d9c5b68dfacd0ab3542deec9c596aa9d56d36,29955c4aa3435df2e7ecc35b2d3d9c5b68dfacd0ab3542deec9c596aa9d56d36,False,Bytes identical; physical identity path may be renamed.
outputs/evaluation/field_validation/local_halo7_products/2022-04-15/ST04/RF25_halo7_ST04_2022-04-15_20m.tif,outputs/evaluation/field_validation/local_halo7_products/2022-04-15/ST01/RF25_halo7_ST01_2022-04-15_20m.tif,True,4661ddf2a024e976343d4f6dd377d6514ace55290328bd553f0211155bf256f5,a9ab20b2183ca8bfed43f67012de3da93b6750b3dcc1d0bffc61ec3304fd2a36,True,"Only embedded station_id metadata changed; arrays, masks and support identical."
outputs/evaluation/field_validation/local_halo7_products/2022-04-15/ST05/metadata.json,outputs/evaluation/field_validation/local_halo7_products/2022-04-15/ST05/metadata.json,False,9f79244d8a84141b71219421a92ed631e54d3257a19759012dce745eec11b24f,f5d5b55d403e451500ebc89ac26ee01b86b8eb184bb8e77ecd842875c3fa9ef5,True,"Current identity labels, paths, metadata, workbook packaging, derived output or station pair-key digest; scientific values preserved."
outputs/evaluation/field_validation/local_halo7_products/2022-04-15/ST05/MODIS_halo7_ST05_2022-04-15_native.tif,outputs/evaluation/field_validation/local_halo7_products/2022-04-15/ST05/MODIS_halo7_ST05_2022-04-15_native.tif,False,8c3f1e34eb023cee09fbd8ec0d4f23ab33ad3e15ad40592dc09cac515ea344b9,8c3f1e34eb023cee09fbd8ec0d4f23ab33ad3e15ad40592dc09cac515ea344b9,False,Bytes identical; physical identity path may be renamed.
outputs/evaluation/field_validation/local_halo7_products/2022-04-15/ST05/raw/ST05_halo7.json,outputs/evaluation/field_validation/local_halo7_products/2022-04-15/ST05/raw/ST05_halo7.json,False,7aab4a2bd14e36ecd094518eba666cb1b20de3f046f1d5856577840f4745b158,7e60d970d477a830c616e730ee5baac5d95af10d5cd58ab84340bf9ffbff34e0,True,"Current identity labels, paths, metadata, workbook packaging, derived output or station pair-key digest; scientific values preserved."
outputs/evaluation/field_validation/local_halo7_products/2022-04-15/ST05/raw/ST05_halo7.tif,outputs/evaluation/field_validation/local_halo7_products/2022-04-15/ST05/raw/ST05_halo7.tif,False,3692e726c512eefc631d0a90d214f6e8ba2f80c7c90451f6623dfae94f72433d,3692e726c512eefc631d0a90d214f6e8ba2f80c7c90451f6623dfae94f72433d,False,Bytes identical; physical identity path may be renamed.
outputs/evaluation/field_validation/local_halo7_products/2022-04-15/ST05/RF25_halo7_ST05_2022-04-15_20m.tif,outputs/evaluation/field_validation/local_halo7_products/2022-04-15/ST05/RF25_halo7_ST05_2022-04-15_20m.tif,False,34a009ef513f33c17802e03bd8b9a7423f79f209a2a6df79244e2f69b7b52609,34a009ef513f33c17802e03bd8b9a7423f79f209a2a6df79244e2f69b7b52609,False,Bytes identical; physical identity path may be renamed.
outputs/evaluation/field_validation/local_halo7_products/2022-04-23/ST01/metadata.json,outputs/evaluation/field_validation/local_halo7_products/2022-04-23/ST02/metadata.json,True,f1a66f05636ad99579abc0df9fa1eb5661497546babb9b3e9e1be74f439d9c38,c1c0431560f45a6dafb04eccb4ff5956f14b79895fc84b46c2e15b061f801eb3,True,"Current identity labels, paths, metadata, workbook packaging, derived output or station pair-key digest; scientific values preserved."
outputs/evaluation/field_validation/local_halo7_products/2022-04-23/ST01/MODIS_halo7_ST01_2022-04-23_native.tif,outputs/evaluation/field_validation/local_halo7_products/2022-04-23/ST02/MODIS_halo7_ST02_2022-04-23_native.tif,True,76ba00b36d6a3cd4161ad6b09e76f13edb50ec76cffc1fac1cf540c033e16ad8,76ba00b36d6a3cd4161ad6b09e76f13edb50ec76cffc1fac1cf540c033e16ad8,False,Bytes identical; physical identity path may be renamed.
outputs/evaluation/field_validation/local_halo7_products/2022-04-23/ST01/raw/ST01_halo7.json,outputs/evaluation/field_validation/local_halo7_products/2022-04-23/ST02/raw/ST02_halo7.json,True,238a468270f56988bbb4762479cd5af946371370ee9d3b5f0125cc7d21cad0e1,00c94b69930393a8d68a8e625c662190f0283a8946c26bfdd2af40cd30d71ee7,True,"Current identity labels, paths, metadata, workbook packaging, derived output or station pair-key digest; scientific values preserved."
outputs/evaluation/field_validation/local_halo7_products/2022-04-23/ST01/raw/ST01_halo7.tif,outputs/evaluation/field_validation/local_halo7_products/2022-04-23/ST02/raw/ST02_halo7.tif,True,9f852714bcfab4fbc80e5e8d80fce82f6b1d632d2297fbf1060f327bbc19d087,9f852714bcfab4fbc80e5e8d80fce82f6b1d632d2297fbf1060f327bbc19d087,False,Bytes identical; physical identity path may be renamed.
outputs/evaluation/field_validation/local_halo7_products/2022-04-23/ST01/RF25_halo7_ST01_2022-04-23_20m.tif,outputs/evaluation/field_validation/local_halo7_products/2022-04-23/ST02/RF25_halo7_ST02_2022-04-23_20m.tif,True,4a3c10726d33f4ee98146b84b54f9d9ec85ab99fe0b864b9f35035d65f4cbb1f,58fa93bf542aa96c262627a4e4a315605b728ed1161eb801ffa399a8ed30fe4e,True,"Only embedded station_id metadata changed; arrays, masks and support identical."
outputs/evaluation/field_validation/local_halo7_products/2022-04-23/ST02/metadata.json,outputs/evaluation/field_validation/local_halo7_products/2022-04-23/ST03/metadata.json,True,a5187eff32cd054c3c91c80a943fc4dc9a4327e05152a6c2d068af5d8b83c286,856092396eef4ba7ab6d74892e52983e429763d08f582810d74b956d06b70ae8,True,"Current identity labels, paths, metadata, workbook packaging, derived output or station pair-key digest; scientific values preserved."
outputs/evaluation/field_validation/local_halo7_products/2022-04-23/ST02/MODIS_halo7_ST02_2022-04-23_native.tif,outputs/evaluation/field_validation/local_halo7_products/2022-04-23/ST03/MODIS_halo7_ST03_2022-04-23_native.tif,True,7bd84156ce2f0ffc99dcec78d45445327179a6b35310d5e56e0d2816d70b1147,7bd84156ce2f0ffc99dcec78d45445327179a6b35310d5e56e0d2816d70b1147,False,Bytes identical; physical identity path may be renamed.
outputs/evaluation/field_validation/local_halo7_products/2022-04-23/ST02/raw/ST02_halo7.json,outputs/evaluation/field_validation/local_halo7_products/2022-04-23/ST03/raw/ST03_halo7.json,True,78d4f8686d244541df95a0c6974efdc8a7786d501caeabb683bbbc66f7c58d50,3b409bc04a7c264d1d7f54b3fbb3fb2df358ed6c3df63cbfdce19ad494a41d88,True,"Current identity labels, paths, metadata, workbook packaging, derived output or station pair-key digest; scientific values preserved."
outputs/evaluation/field_validation/local_halo7_products/2022-04-23/ST02/raw/ST02_halo7.tif,outputs/evaluation/field_validation/local_halo7_products/2022-04-23/ST03/raw/ST03_halo7.tif,True,7226a1c1bb32b97376387a8c29e414605a77a7853e75841fc94e813685606f25,7226a1c1bb32b97376387a8c29e414605a77a7853e75841fc94e813685606f25,False,Bytes identical; physical identity path may be renamed.
outputs/evaluation/field_validation/local_halo7_products/2022-04-23/ST02/RF25_halo7_ST02_2022-04-23_20m.tif,outputs/evaluation/field_validation/local_halo7_products/2022-04-23/ST03/RF25_halo7_ST03_2022-04-23_20m.tif,True,def8167d427207ecb87c775938adc7cf8058447d2c7cf54f52fe4c298424b000,dc3d9fcad8a8dfaadffe2c089ca7c32708ea16989d0f9cd46d9adf85b286ea88,True,"Only embedded station_id metadata changed; arrays, masks and support identical."
outputs/evaluation/field_validation/local_halo7_products/2022-04-23/ST03/metadata.json,outputs/evaluation/field_validation/local_halo7_products/2022-04-23/ST04/metadata.json,True,d6828956bded85a741f02c5a42b934875ff10eac18f6e10bd57e865246c11e37,7012f5a31921b37da0a5750182788c48f2fc8108f5185818c6880706b5233c25,True,"Current identity labels, paths, metadata, workbook packaging, derived output or station pair-key digest; scientific values preserved."
outputs/evaluation/field_validation/local_halo7_products/2022-04-23/ST03/MODIS_halo7_ST03_2022-04-23_native.tif,outputs/evaluation/field_validation/local_halo7_products/2022-04-23/ST04/MODIS_halo7_ST04_2022-04-23_native.tif,True,d98e6033622e49021f735682f1078dad93365fbac679a66f4ab2a4961345910a,d98e6033622e49021f735682f1078dad93365fbac679a66f4ab2a4961345910a,False,Bytes identical; physical identity path may be renamed.
outputs/evaluation/field_validation/local_halo7_products/2022-04-23/ST03/raw/ST03_halo7.json,outputs/evaluation/field_validation/local_halo7_products/2022-04-23/ST04/raw/ST04_halo7.json,True,17cca58821adb27c8ea34cc6b9a985fc0ac12c42d1a772f97bf39496a1b98973,86fbe024e0aabf5575babcc6a11dd59ce7848d1aae38fe1b7aaced96d8a57478,True,"Current identity labels, paths, metadata, workbook packaging, derived output or station pair-key digest; scientific values preserved."
outputs/evaluation/field_validation/local_halo7_products/2022-04-23/ST03/raw/ST03_halo7.tif,outputs/evaluation/field_validation/local_halo7_products/2022-04-23/ST04/raw/ST04_halo7.tif,True,6b21eb078072f864b9cd765094a6d2e9c8968e5be3aa6ff15d399500c3b9bf54,6b21eb078072f864b9cd765094a6d2e9c8968e5be3aa6ff15d399500c3b9bf54,False,Bytes identical; physical identity path may be renamed.
outputs/evaluation/field_validation/local_halo7_products/2022-04-23/ST03/RF25_halo7_ST03_2022-04-23_20m.tif,outputs/evaluation/field_validation/local_halo7_products/2022-04-23/ST04/RF25_halo7_ST04_2022-04-23_20m.tif,True,153dd33847bd9f49472fc6e733a9cc26bf956455190c98bf3eeb7d857ba47eb2,5146ae7bf1222b4309b9d4f06600ef8e044362e4383471c7909ef9ced8b67938,True,"Only embedded station_id metadata changed; arrays, masks and support identical."
outputs/evaluation/field_validation/local_halo7_products/2022-04-23/ST04/metadata.json,outputs/evaluation/field_validation/local_halo7_products/2022-04-23/ST01/metadata.json,True,655c8ca3b5dce3fa47ace9af0945c427848b42ab1989c1b0ffc0c4023e5695fb,0ea7370089581eff47ed395646417191b0924adc6047b78b8ba3f941396b0210,True,"Current identity labels, paths, metadata, workbook packaging, derived output or station pair-key digest; scientific values preserved."
outputs/evaluation/field_validation/local_halo7_products/2022-04-23/ST04/MODIS_halo7_ST04_2022-04-23_native.tif,outputs/evaluation/field_validation/local_halo7_products/2022-04-23/ST01/MODIS_halo7_ST01_2022-04-23_native.tif,True,84892b695a9327bb382952d8171a896abcf30e9a964c65a24e79bf2e8fe94ee2,84892b695a9327bb382952d8171a896abcf30e9a964c65a24e79bf2e8fe94ee2,False,Bytes identical; physical identity path may be renamed.
outputs/evaluation/field_validation/local_halo7_products/2022-04-23/ST04/raw/ST04_halo7.json,outputs/evaluation/field_validation/local_halo7_products/2022-04-23/ST01/raw/ST01_halo7.json,True,238b072b0081fccf43f75f567d8e82ad6996e7291f40a04ad6c60fdd0fbee2e0,4535f30068bb051440a85bb0c69cddfe5ee1bf604125bfcab5829aa614812354,True,"Current identity labels, paths, metadata, workbook packaging, derived output or station pair-key digest; scientific values preserved."
outputs/evaluation/field_validation/local_halo7_products/2022-04-23/ST04/raw/ST04_halo7.tif,outputs/evaluation/field_validation/local_halo7_products/2022-04-23/ST01/raw/ST01_halo7.tif,True,f6d900089391fd75666922d127631e80e5ea22263ec731b82c62d9cd489c8cf2,f6d900089391fd75666922d127631e80e5ea22263ec731b82c62d9cd489c8cf2,False,Bytes identical; physical identity path may be renamed.
outputs/evaluation/field_validation/local_halo7_products/2022-04-23/ST04/RF25_halo7_ST04_2022-04-23_20m.tif,outputs/evaluation/field_validation/local_halo7_products/2022-04-23/ST01/RF25_halo7_ST01_2022-04-23_20m.tif,True,03e6f3f1ef2d1788559c83d6b66e33830b43ae6f740b20eb8c41d8f469abefa2,369d732797f1c929de0eab9e43c8c180414d89cd62c7c2ba2e4011389a9b100a,True,"Only embedded station_id metadata changed; arrays, masks and support identical."
outputs/evaluation/field_validation/local_halo7_products/2022-04-23/ST05/metadata.json,outputs/evaluation/field_validation/local_halo7_products/2022-04-23/ST05/metadata.json,False,baf6ce640f85081b98f84707a58e6d1ae56b4c522bd95406dfdc9d2648a59b72,8b1a52fe8b2d986b2a85c1ba2b1e456f19761de4230aae0c925cc419cafa125c,True,"Current identity labels, paths, metadata, workbook packaging, derived output or station pair-key digest; scientific values preserved."
outputs/evaluation/field_validation/local_halo7_products/2022-04-23/ST05/MODIS_halo7_ST05_2022-04-23_native.tif,outputs/evaluation/field_validation/local_halo7_products/2022-04-23/ST05/MODIS_halo7_ST05_2022-04-23_native.tif,False,fae2edfbb3df6b92a4c14726a3b2cc08cd4120c38cfcc6701036669a901e6e3c,fae2edfbb3df6b92a4c14726a3b2cc08cd4120c38cfcc6701036669a901e6e3c,False,Bytes identical; physical identity path may be renamed.
outputs/evaluation/field_validation/local_halo7_products/2022-04-23/ST05/raw/ST05_halo7.json,outputs/evaluation/field_validation/local_halo7_products/2022-04-23/ST05/raw/ST05_halo7.json,False,61f7ba06d93cabb2d684099167fc12b65538a35c3ffbb2a95ddfb73f6beeb05f,55b1b2f9fe4ba204df02f496b59eddca5fa8c5767469a25adc0e6fc36606e4fb,True,"Current identity labels, paths, metadata, workbook packaging, derived output or station pair-key digest; scientific values preserved."
outputs/evaluation/field_validation/local_halo7_products/2022-04-23/ST05/raw/ST05_halo7.tif,outputs/evaluation/field_validation/local_halo7_products/2022-04-23/ST05/raw/ST05_halo7.tif,False,ce54875ee4d3b55a59d5711ff78569841739190d8fced476a283ff3c59a77e78,ce54875ee4d3b55a59d5711ff78569841739190d8fced476a283ff3c59a77e78,False,Bytes identical; physical identity path may be renamed.
outputs/evaluation/field_validation/local_halo7_products/2022-04-23/ST05/RF25_halo7_ST05_2022-04-23_20m.tif,outputs/evaluation/field_validation/local_halo7_products/2022-04-23/ST05/RF25_halo7_ST05_2022-04-23_20m.tif,False,0df54aaec9eb3f3b8d9a4e04cad5e4447697ac2e55e2670b99a32e367b4bd52e,0df54aaec9eb3f3b8d9a4e04cad5e4447697ac2e55e2670b99a32e367b4bd52e,False,Bytes identical; physical identity path may be renamed.
outputs/evaluation/field_validation/local_halo7_products/2022-05-01/ST01/metadata.json,outputs/evaluation/field_validation/local_halo7_products/2022-05-01/ST02/metadata.json,True,c55144efbf2c5ee2445af564c1b78edda83e162ff3e93bd57be51c6405d49474,d3bd691d1f18669ab552b5035589dc3b10ac17f79d51e1bc7ce7840aa55f85f0,True,"Current identity labels, paths, metadata, workbook packaging, derived output or station pair-key digest; scientific values preserved."
outputs/evaluation/field_validation/local_halo7_products/2022-05-01/ST01/MODIS_halo7_ST01_2022-05-01_native.tif,outputs/evaluation/field_validation/local_halo7_products/2022-05-01/ST02/MODIS_halo7_ST02_2022-05-01_native.tif,True,517dede92f928f8efb6bfe3e9e2adb244ff7f1268d864b44e01212e82eea4420,517dede92f928f8efb6bfe3e9e2adb244ff7f1268d864b44e01212e82eea4420,False,Bytes identical; physical identity path may be renamed.
outputs/evaluation/field_validation/local_halo7_products/2022-05-01/ST01/raw/ST01_halo7.json,outputs/evaluation/field_validation/local_halo7_products/2022-05-01/ST02/raw/ST02_halo7.json,True,14e86004bcc345f4a0bda0d3e9dccc7f27e6e10955a123d5537a73609b4f238c,3b4d6a6baa48db9213f7fc168b4b1541b19e4708ce42f1742ed0fb7529b22f93,True,"Current identity labels, paths, metadata, workbook packaging, derived output or station pair-key digest; scientific values preserved."
outputs/evaluation/field_validation/local_halo7_products/2022-05-01/ST01/raw/ST01_halo7.tif,outputs/evaluation/field_validation/local_halo7_products/2022-05-01/ST02/raw/ST02_halo7.tif,True,56932862261237fbfb5cb6047471178fe3615aecd70d92812bdd4d8ab519b99c,56932862261237fbfb5cb6047471178fe3615aecd70d92812bdd4d8ab519b99c,False,Bytes identical; physical identity path may be renamed.
outputs/evaluation/field_validation/local_halo7_products/2022-05-01/ST01/RF25_halo7_ST01_2022-05-01_20m.tif,outputs/evaluation/field_validation/local_halo7_products/2022-05-01/ST02/RF25_halo7_ST02_2022-05-01_20m.tif,True,330da84148c4cf84637366b7f6ad79e03b278e14b207618e8fa6a5ef5b749dab,7f70a0b1fffe0120937309ee4dad1d4b8c2bb89cfe4fa96ef0fdef16532a6538,True,"Only embedded station_id metadata changed; arrays, masks and support identical."
outputs/evaluation/field_validation/local_halo7_products/2022-05-01/ST02/metadata.json,outputs/evaluation/field_validation/local_halo7_products/2022-05-01/ST03/metadata.json,True,5466d3b4415e2da6527ce97146c7a91b68dc3141d2407ae44da7bfa2e3c4abc0,e9a32d33983c2fb9f49e6a90676264b2a1deb9c5a4671186057eda9b78c451e6,True,"Current identity labels, paths, metadata, workbook packaging, derived output or station pair-key digest; scientific values preserved."
outputs/evaluation/field_validation/local_halo7_products/2022-05-01/ST02/MODIS_halo7_ST02_2022-05-01_native.tif,outputs/evaluation/field_validation/local_halo7_products/2022-05-01/ST03/MODIS_halo7_ST03_2022-05-01_native.tif,True,7a1169c262d14a21117ded944d38c55c47b130b83b6d47388f049e15b9fb96df,7a1169c262d14a21117ded944d38c55c47b130b83b6d47388f049e15b9fb96df,False,Bytes identical; physical identity path may be renamed.
outputs/evaluation/field_validation/local_halo7_products/2022-05-01/ST02/raw/ST02_halo7.json,outputs/evaluation/field_validation/local_halo7_products/2022-05-01/ST03/raw/ST03_halo7.json,True,a9ea3a9b74b308450e81aa25cde4a4f5a194df22a58c53d60dd3ea220151d42a,82b913ed0c2c2e2896fb7d609c2fc43ae76ec64c5857b93dac56b3b2483077c9,True,"Current identity labels, paths, metadata, workbook packaging, derived output or station pair-key digest; scientific values preserved."
outputs/evaluation/field_validation/local_halo7_products/2022-05-01/ST02/raw/ST02_halo7.tif,outputs/evaluation/field_validation/local_halo7_products/2022-05-01/ST03/raw/ST03_halo7.tif,True,79aa1dc860e696771afc3f1c083852d1c2eacf1a2051600161cebce845125517,79aa1dc860e696771afc3f1c083852d1c2eacf1a2051600161cebce845125517,False,Bytes identical; physical identity path may be renamed.
outputs/evaluation/field_validation/local_halo7_products/2022-05-01/ST02/RF25_halo7_ST02_2022-05-01_20m.tif,outputs/evaluation/field_validation/local_halo7_products/2022-05-01/ST03/RF25_halo7_ST03_2022-05-01_20m.tif,True,62bc95f535412a5e2e3498d79c5acb68f2274846fbda82af8d1bc7f36a331ff1,31d703ab47cba749b3c57429ae61779debe4750758bca1708c45e4ac7f919dc5,True,"Only embedded station_id metadata changed; arrays, masks and support identical."
outputs/evaluation/field_validation/local_halo7_products/2022-05-01/ST03/metadata.json,outputs/evaluation/field_validation/local_halo7_products/2022-05-01/ST04/metadata.json,True,109056b80d53824a14548bc035d029e03b611cb5071beedce115990bf2376626,457ff4fc4be59851f468e31d685ceb680a4aa6358085e92c55575ddfe4d0c287,True,"Current identity labels, paths, metadata, workbook packaging, derived output or station pair-key digest; scientific values preserved."
outputs/evaluation/field_validation/local_halo7_products/2022-05-01/ST03/MODIS_halo7_ST03_2022-05-01_native.tif,outputs/evaluation/field_validation/local_halo7_products/2022-05-01/ST04/MODIS_halo7_ST04_2022-05-01_native.tif,True,aa8a6e9bb7da374c6276d69c2ec35cba9687e6f4ae3b7860a6d2800b100da486,aa8a6e9bb7da374c6276d69c2ec35cba9687e6f4ae3b7860a6d2800b100da486,False,Bytes identical; physical identity path may be renamed.
outputs/evaluation/field_validation/local_halo7_products/2022-05-01/ST03/raw/ST03_halo7.json,outputs/evaluation/field_validation/local_halo7_products/2022-05-01/ST04/raw/ST04_halo7.json,True,af6d32c975d37ae927e6f83b491d36d36e0e2c936d94015f60c2ec8d3eee799a,f0852198d233f75fcca86d2e4f8d497b8cf5ecc51958740d26cea058e277a602,True,"Current identity labels, paths, metadata, workbook packaging, derived output or station pair-key digest; scientific values preserved."
outputs/evaluation/field_validation/local_halo7_products/2022-05-01/ST03/raw/ST03_halo7.tif,outputs/evaluation/field_validation/local_halo7_products/2022-05-01/ST04/raw/ST04_halo7.tif,True,767561315bef8743f974b9e47cece0e88a69468ec8d9183d5567e72584069b11,767561315bef8743f974b9e47cece0e88a69468ec8d9183d5567e72584069b11,False,Bytes identical; physical identity path may be renamed.
outputs/evaluation/field_validation/local_halo7_products/2022-05-01/ST03/RF25_halo7_ST03_2022-05-01_20m.tif,outputs/evaluation/field_validation/local_halo7_products/2022-05-01/ST04/RF25_halo7_ST04_2022-05-01_20m.tif,True,4dbcf62650de42927905ff68c25833069a4ebb40a0443799939d6389e34724b4,89b459ef47fc1889a25bbce25c33e60f3bf9a0099ad4adabe65bb30fae00e879,True,"Only embedded station_id metadata changed; arrays, masks and support identical."
outputs/evaluation/field_validation/local_halo7_products/2022-05-01/ST04/metadata.json,outputs/evaluation/field_validation/local_halo7_products/2022-05-01/ST01/metadata.json,True,49142419dc54534610c1a4161deeb660b2992e8af91426c5f4e9c632ce59f49b,990e1f1b8b56f956c6d8f257ae548f710ae8e5032ded577c14c53d3876d572ab,True,"Current identity labels, paths, metadata, workbook packaging, derived output or station pair-key digest; scientific values preserved."
outputs/evaluation/field_validation/local_halo7_products/2022-05-01/ST04/MODIS_halo7_ST04_2022-05-01_native.tif,outputs/evaluation/field_validation/local_halo7_products/2022-05-01/ST01/MODIS_halo7_ST01_2022-05-01_native.tif,True,cf3e94aceaef5517a5f246cde1e8f02bc50b418e7a72ec5cc183fe40082ea456,cf3e94aceaef5517a5f246cde1e8f02bc50b418e7a72ec5cc183fe40082ea456,False,Bytes identical; physical identity path may be renamed.
outputs/evaluation/field_validation/local_halo7_products/2022-05-01/ST04/raw/ST04_halo7.json,outputs/evaluation/field_validation/local_halo7_products/2022-05-01/ST01/raw/ST01_halo7.json,True,7c1ce35a5b01213260fbc842484f4bb3cf8956068be3b55db85f6c67abff3f9c,c078aeccdf752199cf9acf89603a103d920ac253b204b2136cf2eec7ff8a3f4d,True,"Current identity labels, paths, metadata, workbook packaging, derived output or station pair-key digest; scientific values preserved."
outputs/evaluation/field_validation/local_halo7_products/2022-05-01/ST04/raw/ST04_halo7.tif,outputs/evaluation/field_validation/local_halo7_products/2022-05-01/ST01/raw/ST01_halo7.tif,True,3d96c7d75d3b05429deeb053ce5a00995c757227c57d00047fcdd6bf9f78571e,3d96c7d75d3b05429deeb053ce5a00995c757227c57d00047fcdd6bf9f78571e,False,Bytes identical; physical identity path may be renamed.
outputs/evaluation/field_validation/local_halo7_products/2022-05-01/ST04/RF25_halo7_ST04_2022-05-01_20m.tif,outputs/evaluation/field_validation/local_halo7_products/2022-05-01/ST01/RF25_halo7_ST01_2022-05-01_20m.tif,True,5d7e3279ecc3e91cc759b9cc922decd6e4ea26e777f2a97561110cf2c4ff0cf3,a39ab18debed18f7e4a6912cf86b5922076e471eb5fe598ef31d6ebb93307f97,True,"Only embedded station_id metadata changed; arrays, masks and support identical."
outputs/evaluation/field_validation/local_halo7_products/2022-05-01/ST05/metadata.json,outputs/evaluation/field_validation/local_halo7_products/2022-05-01/ST05/metadata.json,False,4282f0b2c8ee37ceb68b06984c243d23913f128045909e8009408fe8f5c24491,eb4d14d660a256e723a16c92bd41f31f8b7b1470eddfa1d51b0a33604be52dd6,True,"Current identity labels, paths, metadata, workbook packaging, derived output or station pair-key digest; scientific values preserved."
outputs/evaluation/field_validation/local_halo7_products/2022-05-01/ST05/MODIS_halo7_ST05_2022-05-01_native.tif,outputs/evaluation/field_validation/local_halo7_products/2022-05-01/ST05/MODIS_halo7_ST05_2022-05-01_native.tif,False,c47f5cb745ccb75252cac465845e49242e66ef4864838a8da352a1769d688e8c,c47f5cb745ccb75252cac465845e49242e66ef4864838a8da352a1769d688e8c,False,Bytes identical; physical identity path may be renamed.
outputs/evaluation/field_validation/local_halo7_products/2022-05-01/ST05/raw/ST05_halo7.json,outputs/evaluation/field_validation/local_halo7_products/2022-05-01/ST05/raw/ST05_halo7.json,False,2edb8ebb9ab7872fecb37387a71d2053596a6b3fc2d20c497c7d5dbe30cbf2e2,4a6083d8513cb3b4e77622b2068655bb558a544eb8796d6a527254ca94b514d0,True,"Current identity labels, paths, metadata, workbook packaging, derived output or station pair-key digest; scientific values preserved."
outputs/evaluation/field_validation/local_halo7_products/2022-05-01/ST05/raw/ST05_halo7.tif,outputs/evaluation/field_validation/local_halo7_products/2022-05-01/ST05/raw/ST05_halo7.tif,False,20d0b7f292f9a59dfc35c7dd033a363dea39df3fa9864696b9e0abedaa7b3b33,20d0b7f292f9a59dfc35c7dd033a363dea39df3fa9864696b9e0abedaa7b3b33,False,Bytes identical; physical identity path may be renamed.
outputs/evaluation/field_validation/local_halo7_products/2022-05-01/ST05/RF25_halo7_ST05_2022-05-01_20m.tif,outputs/evaluation/field_validation/local_halo7_products/2022-05-01/ST05/RF25_halo7_ST05_2022-05-01_20m.tif,False,b8dcda47b47101b680ea3926f6cec30f6c947b49f7e814443e9baae984ba2327,b8dcda47b47101b680ea3926f6cec30f6c947b49f7e814443e9baae984ba2327,False,Bytes identical; physical identity path may be renamed.
outputs/evaluation/field_validation/local_halo7_products/2022-05-09/ST01/metadata.json,outputs/evaluation/field_validation/local_halo7_products/2022-05-09/ST02/metadata.json,True,aef03e4dfde521fa06a5ac1f7bb9e9e0660a5726ce60cc7e60f7e6c3ecfd9ce2,d71b164864a50395267772a20c82ce41ddca26ce980711c9140704aeee27de75,True,"Current identity labels, paths, metadata, workbook packaging, derived output or station pair-key digest; scientific values preserved."
outputs/evaluation/field_validation/local_halo7_products/2022-05-09/ST01/MODIS_halo7_ST01_2022-05-09_native.tif,outputs/evaluation/field_validation/local_halo7_products/2022-05-09/ST02/MODIS_halo7_ST02_2022-05-09_native.tif,True,2115af240ef8bc4fadb47747837a40c218060e020d11a823619f5f482d5b03c5,2115af240ef8bc4fadb47747837a40c218060e020d11a823619f5f482d5b03c5,False,Bytes identical; physical identity path may be renamed.
outputs/evaluation/field_validation/local_halo7_products/2022-05-09/ST01/raw/ST01_halo7.json,outputs/evaluation/field_validation/local_halo7_products/2022-05-09/ST02/raw/ST02_halo7.json,True,13ebd2478c78c5ade6fbfea3a7149b6c8b0a52bd69af1ac274eae73eae92ee5c,41e01d6e71a06f4718179c6f7cd0f00634af024deadb2a9d09bf37e7d9b2bf82,True,"Current identity labels, paths, metadata, workbook packaging, derived output or station pair-key digest; scientific values preserved."
outputs/evaluation/field_validation/local_halo7_products/2022-05-09/ST01/raw/ST01_halo7.tif,outputs/evaluation/field_validation/local_halo7_products/2022-05-09/ST02/raw/ST02_halo7.tif,True,540a42bc24c3be5c80b28d5270185266e71c0fb27979252a0f320ad8a506e9e4,540a42bc24c3be5c80b28d5270185266e71c0fb27979252a0f320ad8a506e9e4,False,Bytes identical; physical identity path may be renamed.
outputs/evaluation/field_validation/local_halo7_products/2022-05-09/ST01/RF25_halo7_ST01_2022-05-09_20m.tif,outputs/evaluation/field_validation/local_halo7_products/2022-05-09/ST02/RF25_halo7_ST02_2022-05-09_20m.tif,True,9ccf9d16a3760db1cfe1121d46b62394c69e394eb221c5c4cc7f4e49ff5693f6,edb8bd601b4ba95dea8ea42af689d5a8f36be9ce0650086fbaae7d8dcabb5a69,True,"Only embedded station_id metadata changed; arrays, masks and support identical."
outputs/evaluation/field_validation/local_halo7_products/2022-05-09/ST02/metadata.json,outputs/evaluation/field_validation/local_halo7_products/2022-05-09/ST03/metadata.json,True,8d689661edf44618a76c80ea62153490a6a444116e3d515bff36aaf20e138094,b8eb8da2809ec0dd1b1e67941c136a9893d615f738ffe348b3beb1d1f065f11a,True,"Current identity labels, paths, metadata, workbook packaging, derived output or station pair-key digest; scientific values preserved."
outputs/evaluation/field_validation/local_halo7_products/2022-05-09/ST02/MODIS_halo7_ST02_2022-05-09_native.tif,outputs/evaluation/field_validation/local_halo7_products/2022-05-09/ST03/MODIS_halo7_ST03_2022-05-09_native.tif,True,54ac8206b4fa438c72a40dced8a953aa4a8019c69e8d7332345d0ea1385d2f26,54ac8206b4fa438c72a40dced8a953aa4a8019c69e8d7332345d0ea1385d2f26,False,Bytes identical; physical identity path may be renamed.
outputs/evaluation/field_validation/local_halo7_products/2022-05-09/ST02/raw/ST02_halo7.json,outputs/evaluation/field_validation/local_halo7_products/2022-05-09/ST03/raw/ST03_halo7.json,True,daa059e3b831d6b8876e153640aef4f254e3adf1930ee2698c9260c8ab53c7fe,39910ac154d749392a7ed9fa7a70b904778095abb459c80438ec41a23b500dbf,True,"Current identity labels, paths, metadata, workbook packaging, derived output or station pair-key digest; scientific values preserved."
outputs/evaluation/field_validation/local_halo7_products/2022-05-09/ST02/raw/ST02_halo7.tif,outputs/evaluation/field_validation/local_halo7_products/2022-05-09/ST03/raw/ST03_halo7.tif,True,2a4c7e2c9e3f470398477f27adea3c3e594ba229fc69a8e9e546a9b2c26df79e,2a4c7e2c9e3f470398477f27adea3c3e594ba229fc69a8e9e546a9b2c26df79e,False,Bytes identical; physical identity path may be renamed.
outputs/evaluation/field_validation/local_halo7_products/2022-05-09/ST02/RF25_halo7_ST02_2022-05-09_20m.tif,outputs/evaluation/field_validation/local_halo7_products/2022-05-09/ST03/RF25_halo7_ST03_2022-05-09_20m.tif,True,0f3941f0baccbd84ebf8f9c128f797e8d0319346f04e014588f2bda995afc28c,8db1efe80d589dd7f8db68c462d3af698b69e1334b9672c050db43971c9a3643,True,"Only embedded station_id metadata changed; arrays, masks and support identical."
outputs/evaluation/field_validation/local_halo7_products/2022-05-09/ST03/metadata.json,outputs/evaluation/field_validation/local_halo7_products/2022-05-09/ST04/metadata.json,True,259e23e9d61121bdd6811db246df1d011ba588058e373dd304b7fa4cbac328a9,8de44b05d4b7a4e8599060194ae069468dd1eda63e6220887d62ca68b78bcbef,True,"Current identity labels, paths, metadata, workbook packaging, derived output or station pair-key digest; scientific values preserved."
outputs/evaluation/field_validation/local_halo7_products/2022-05-09/ST03/MODIS_halo7_ST03_2022-05-09_native.tif,outputs/evaluation/field_validation/local_halo7_products/2022-05-09/ST04/MODIS_halo7_ST04_2022-05-09_native.tif,True,e63158845746a65a0a282df55e1a4d798c53f5d73bc32aeac4675cba1ece466c,e63158845746a65a0a282df55e1a4d798c53f5d73bc32aeac4675cba1ece466c,False,Bytes identical; physical identity path may be renamed.
outputs/evaluation/field_validation/local_halo7_products/2022-05-09/ST03/raw/ST03_halo7.json,outputs/evaluation/field_validation/local_halo7_products/2022-05-09/ST04/raw/ST04_halo7.json,True,412829aae7dd38c0d54f534de0ce091b6aec6bfb6bcbd5cd298918ba07b34d1d,6d67660b6f6c0cf6a5615a806cb6073a1275a330ac038fc7abe614e30978d71f,True,"Current identity labels, paths, metadata, workbook packaging, derived output or station pair-key digest; scientific values preserved."
outputs/evaluation/field_validation/local_halo7_products/2022-05-09/ST03/raw/ST03_halo7.tif,outputs/evaluation/field_validation/local_halo7_products/2022-05-09/ST04/raw/ST04_halo7.tif,True,6af7057661f6653d7377ccc5a859834de0c8df9757542fc053be2df9dd6c2c92,6af7057661f6653d7377ccc5a859834de0c8df9757542fc053be2df9dd6c2c92,False,Bytes identical; physical identity path may be renamed.
outputs/evaluation/field_validation/local_halo7_products/2022-05-09/ST03/RF25_halo7_ST03_2022-05-09_20m.tif,outputs/evaluation/field_validation/local_halo7_products/2022-05-09/ST04/RF25_halo7_ST04_2022-05-09_20m.tif,True,95e7693e60644f706af9a1fa1b2f91918261438dc1d1bf36e585f372b60c5663,e0b1a1055992b5b73a88b2588e3e5162898644821729c0abbf6f047c80b2921b,True,"Only embedded station_id metadata changed; arrays, masks and support identical."
outputs/evaluation/field_validation/local_halo7_products/2022-05-09/ST04/metadata.json,outputs/evaluation/field_validation/local_halo7_products/2022-05-09/ST01/metadata.json,True,45129da5a9aa7563fc1e29fe24ea9b2138ab27c85fab60c1ab427575d2a744c6,52870e286e98e5cd03dd83218574421ecd48be1b252adc66ee37d424a1642e36,True,"Current identity labels, paths, metadata, workbook packaging, derived output or station pair-key digest; scientific values preserved."
outputs/evaluation/field_validation/local_halo7_products/2022-05-09/ST04/MODIS_halo7_ST04_2022-05-09_native.tif,outputs/evaluation/field_validation/local_halo7_products/2022-05-09/ST01/MODIS_halo7_ST01_2022-05-09_native.tif,True,a09bd860154958e6cf58ab9608b0cb88a27ea24060e317f2f0defa41963496b8,a09bd860154958e6cf58ab9608b0cb88a27ea24060e317f2f0defa41963496b8,False,Bytes identical; physical identity path may be renamed.
outputs/evaluation/field_validation/local_halo7_products/2022-05-09/ST04/raw/ST04_halo7.json,outputs/evaluation/field_validation/local_halo7_products/2022-05-09/ST01/raw/ST01_halo7.json,True,37490f95d2a11da4518220ff817103f59337cb9928a1505aa135ac9b8e7afe88,6020dca1bce069c8d95794a1354f81b165442eaa9df74e952a06b3a3a251663a,True,"Current identity labels, paths, metadata, workbook packaging, derived output or station pair-key digest; scientific values preserved."
outputs/evaluation/field_validation/local_halo7_products/2022-05-09/ST04/raw/ST04_halo7.tif,outputs/evaluation/field_validation/local_halo7_products/2022-05-09/ST01/raw/ST01_halo7.tif,True,616b4c0ee8e763735e56ae2e9bb68ed25ab4fe0698b0b25dd4c508f93498f8ec,616b4c0ee8e763735e56ae2e9bb68ed25ab4fe0698b0b25dd4c508f93498f8ec,False,Bytes identical; physical identity path may be renamed.
outputs/evaluation/field_validation/local_halo7_products/2022-05-09/ST04/RF25_halo7_ST04_2022-05-09_20m.tif,outputs/evaluation/field_validation/local_halo7_products/2022-05-09/ST01/RF25_halo7_ST01_2022-05-09_20m.tif,True,9b850319abeb6dff78d6c541af16583e5f83722b3fd1365c7e1f6a5b18539e61,5e879e4fa49b3dd888b52d9c9cdc25faa0a519c9d52422c176d06cb31249ee45,True,"Only embedded station_id metadata changed; arrays, masks and support identical."
outputs/evaluation/field_validation/local_halo7_products/2022-05-09/ST05/metadata.json,outputs/evaluation/field_validation/local_halo7_products/2022-05-09/ST05/metadata.json,False,68d94e8915ce8ec869af39fb3e3051d1193c73dd7b4a3355d85f3452e0236373,c78bed663171e8f4702bc20e78fc5b43d86f7600139422d043212c8fb1dacb02,True,"Current identity labels, paths, metadata, workbook packaging, derived output or station pair-key digest; scientific values preserved."
outputs/evaluation/field_validation/local_halo7_products/2022-05-09/ST05/MODIS_halo7_ST05_2022-05-09_native.tif,outputs/evaluation/field_validation/local_halo7_products/2022-05-09/ST05/MODIS_halo7_ST05_2022-05-09_native.tif,False,7ca2448195c5b28c6508656d88d76a7dfd55c4b3f7f8f0ee956e53218d18d402,7ca2448195c5b28c6508656d88d76a7dfd55c4b3f7f8f0ee956e53218d18d402,False,Bytes identical; physical identity path may be renamed.
outputs/evaluation/field_validation/local_halo7_products/2022-05-09/ST05/raw/ST05_halo7.json,outputs/evaluation/field_validation/local_halo7_products/2022-05-09/ST05/raw/ST05_halo7.json,False,51cf3789b723e84f58b2333e7a26f6a0f678274e11c1e59f74108145df5e3559,7abef632537596530710e556ec8b799bc8c9651cc97fea51a1a26bb328e0276e,True,"Current identity labels, paths, metadata, workbook packaging, derived output or station pair-key digest; scientific values preserved."
outputs/evaluation/field_validation/local_halo7_products/2022-05-09/ST05/raw/ST05_halo7.tif,outputs/evaluation/field_validation/local_halo7_products/2022-05-09/ST05/raw/ST05_halo7.tif,False,e010dcbf048cb9493dba9d9095b55909fdb8e75aa0fdbdc7d71a76bdc0f3f7c0,e010dcbf048cb9493dba9d9095b55909fdb8e75aa0fdbdc7d71a76bdc0f3f7c0,False,Bytes identical; physical identity path may be renamed.
outputs/evaluation/field_validation/local_halo7_products/2022-05-09/ST05/RF25_halo7_ST05_2022-05-09_20m.tif,outputs/evaluation/field_validation/local_halo7_products/2022-05-09/ST05/RF25_halo7_ST05_2022-05-09_20m.tif,False,417b9c6453258104d88fece73c322c52d428feeffc3f775364d4043522dfdf58,417b9c6453258104d88fece73c322c52d428feeffc3f775364d4043522dfdf58,False,Bytes identical; physical identity path may be renamed.
outputs/evaluation/field_validation/local_halo7_products/2022-05-17/ST01/metadata.json,outputs/evaluation/field_validation/local_halo7_products/2022-05-17/ST02/metadata.json,True,76d503cf5bba958ca55aea863e34d73bff3910280a8cf91cb364801a11aaf167,98f543d1d5e228a81b5f8e8294d1a23a68ebdba099f86db034d5a4d90deb94d8,True,"Current identity labels, paths, metadata, workbook packaging, derived output or station pair-key digest; scientific values preserved."
outputs/evaluation/field_validation/local_halo7_products/2022-05-17/ST01/MODIS_halo7_ST01_2022-05-17_native.tif,outputs/evaluation/field_validation/local_halo7_products/2022-05-17/ST02/MODIS_halo7_ST02_2022-05-17_native.tif,True,0fccc7c02f87b9766b7f5f0d98d619dca21f5cfed4ed3cb43474d91d0e865ffb,0fccc7c02f87b9766b7f5f0d98d619dca21f5cfed4ed3cb43474d91d0e865ffb,False,Bytes identical; physical identity path may be renamed.
outputs/evaluation/field_validation/local_halo7_products/2022-05-17/ST01/raw/ST01_halo7.json,outputs/evaluation/field_validation/local_halo7_products/2022-05-17/ST02/raw/ST02_halo7.json,True,51486cc6cf2f5210d117476e2ffa0529241579dc9f84bde7e6af95820a71ae68,4b1e408020ee8c0d159bcc99bb96b4aa8022461dd998a1822bf57e1dbd16319d,True,"Current identity labels, paths, metadata, workbook packaging, derived output or station pair-key digest; scientific values preserved."
outputs/evaluation/field_validation/local_halo7_products/2022-05-17/ST01/raw/ST01_halo7.tif,outputs/evaluation/field_validation/local_halo7_products/2022-05-17/ST02/raw/ST02_halo7.tif,True,34a4e975a74686db663e7a84f3d13fbe6ef0fcab63515e38dbbecbd8ec231fee,34a4e975a74686db663e7a84f3d13fbe6ef0fcab63515e38dbbecbd8ec231fee,False,Bytes identical; physical identity path may be renamed.
outputs/evaluation/field_validation/local_halo7_products/2022-05-17/ST01/RF25_halo7_ST01_2022-05-17_20m.tif,outputs/evaluation/field_validation/local_halo7_products/2022-05-17/ST02/RF25_halo7_ST02_2022-05-17_20m.tif,True,503b293196f313ec5c4e278249559d992c99e7dffe53db98ef5acfd4406a83e0,4b05e4fc66bdd5f8e3c497476a0de985746351db57d6531fd9fd5382fe488b41,True,"Only embedded station_id metadata changed; arrays, masks and support identical."
outputs/evaluation/field_validation/local_halo7_products/2022-05-17/ST02/metadata.json,outputs/evaluation/field_validation/local_halo7_products/2022-05-17/ST03/metadata.json,True,6291e5383e83fcad3c41cdda5c16cc2b15a9ff9922cd0630c20be4cf59104d72,acde5179d0b7c897ff09041f681e66c63a3856ac9cd505b119c28be25c2d4339,True,"Current identity labels, paths, metadata, workbook packaging, derived output or station pair-key digest; scientific values preserved."
outputs/evaluation/field_validation/local_halo7_products/2022-05-17/ST02/MODIS_halo7_ST02_2022-05-17_native.tif,outputs/evaluation/field_validation/local_halo7_products/2022-05-17/ST03/MODIS_halo7_ST03_2022-05-17_native.tif,True,e541bfaa6a8ad64e2aa623408b05f4c2f600bc5b8783049fdaecce1fe65cec5d,e541bfaa6a8ad64e2aa623408b05f4c2f600bc5b8783049fdaecce1fe65cec5d,False,Bytes identical; physical identity path may be renamed.
outputs/evaluation/field_validation/local_halo7_products/2022-05-17/ST02/raw/ST02_halo7.json,outputs/evaluation/field_validation/local_halo7_products/2022-05-17/ST03/raw/ST03_halo7.json,True,adbe952516c2b3aec71ec863826b0eb5fc662502c0207d375f922fcf31b8e568,af12cfc319052d3b194526e0a2166efc3fb93b634949d106ffa9256e7f521437,True,"Current identity labels, paths, metadata, workbook packaging, derived output or station pair-key digest; scientific values preserved."
outputs/evaluation/field_validation/local_halo7_products/2022-05-17/ST02/raw/ST02_halo7.tif,outputs/evaluation/field_validation/local_halo7_products/2022-05-17/ST03/raw/ST03_halo7.tif,True,6295d8b63439f6bfa5691df697dd10175f6ce7ab23570e8246fb92aa2a0223dc,6295d8b63439f6bfa5691df697dd10175f6ce7ab23570e8246fb92aa2a0223dc,False,Bytes identical; physical identity path may be renamed.
outputs/evaluation/field_validation/local_halo7_products/2022-05-17/ST02/RF25_halo7_ST02_2022-05-17_20m.tif,outputs/evaluation/field_validation/local_halo7_products/2022-05-17/ST03/RF25_halo7_ST03_2022-05-17_20m.tif,True,6a5fedd4a1668e41c1860d52acc8b37633c0847896181814dba42d9f2ee18e72,2f3062b39ca1ea4334378a4d55f8ec3f4a550f4f90e5f3e97fadb7658c26d052,True,"Only embedded station_id metadata changed; arrays, masks and support identical."
outputs/evaluation/field_validation/local_halo7_products/2022-05-17/ST03/metadata.json,outputs/evaluation/field_validation/local_halo7_products/2022-05-17/ST04/metadata.json,True,7dd1bb939e3621ea9848a5a0f073f46ba88f55622481304f4610fadbbf74a6ff,0f4d4aa4916b312249190525c0598d94baa3f6a31d6b09d4980fba4ea53731f3,True,"Current identity labels, paths, metadata, workbook packaging, derived output or station pair-key digest; scientific values preserved."
outputs/evaluation/field_validation/local_halo7_products/2022-05-17/ST03/MODIS_halo7_ST03_2022-05-17_native.tif,outputs/evaluation/field_validation/local_halo7_products/2022-05-17/ST04/MODIS_halo7_ST04_2022-05-17_native.tif,True,1fb6ecbdab5727220d32eac4752a985d866d0e873b9647ede140c91bc7549083,1fb6ecbdab5727220d32eac4752a985d866d0e873b9647ede140c91bc7549083,False,Bytes identical; physical identity path may be renamed.
outputs/evaluation/field_validation/local_halo7_products/2022-05-17/ST03/raw/ST03_halo7.json,outputs/evaluation/field_validation/local_halo7_products/2022-05-17/ST04/raw/ST04_halo7.json,True,2dfafb26eb37b2358c56457ad2eef2cc979e5e1f2dc59a887840ec1e747984b1,f3f84b9d51a733db302ef6e978191f43ea02746127b1a3079e956b8fd035be0b,True,"Current identity labels, paths, metadata, workbook packaging, derived output or station pair-key digest; scientific values preserved."
outputs/evaluation/field_validation/local_halo7_products/2022-05-17/ST03/raw/ST03_halo7.tif,outputs/evaluation/field_validation/local_halo7_products/2022-05-17/ST04/raw/ST04_halo7.tif,True,2e91f2b3ef0dabbbebf21f2489c3690c10f40325c2e37aa42a690ceae559642d,2e91f2b3ef0dabbbebf21f2489c3690c10f40325c2e37aa42a690ceae559642d,False,Bytes identical; physical identity path may be renamed.
outputs/evaluation/field_validation/local_halo7_products/2022-05-17/ST03/RF25_halo7_ST03_2022-05-17_20m.tif,outputs/evaluation/field_validation/local_halo7_products/2022-05-17/ST04/RF25_halo7_ST04_2022-05-17_20m.tif,True,dbf1e9a68c41352679f7f19369dbe1111208f129257b3c559d68727c2fcf5d30,ce4d34dc2fc5f89b6c8a12dc10a82033037881691a765a3c1f7c75fb097229e6,True,"Only embedded station_id metadata changed; arrays, masks and support identical."
outputs/evaluation/field_validation/local_halo7_products/2022-05-17/ST04/metadata.json,outputs/evaluation/field_validation/local_halo7_products/2022-05-17/ST01/metadata.json,True,02b6a152452fb331419bfb113b40bb18479a705b8b3530060f57ba3204b1fab4,6c3788a8507fe80d20e8c43a5d8bbaffb329b8ae43e168d9a55eb31c7b9be754,True,"Current identity labels, paths, metadata, workbook packaging, derived output or station pair-key digest; scientific values preserved."
outputs/evaluation/field_validation/local_halo7_products/2022-05-17/ST04/MODIS_halo7_ST04_2022-05-17_native.tif,outputs/evaluation/field_validation/local_halo7_products/2022-05-17/ST01/MODIS_halo7_ST01_2022-05-17_native.tif,True,e1c99b8af2061185f0445913bc3a46319980965240ebfe44550bbc60b36bc0d9,e1c99b8af2061185f0445913bc3a46319980965240ebfe44550bbc60b36bc0d9,False,Bytes identical; physical identity path may be renamed.
outputs/evaluation/field_validation/local_halo7_products/2022-05-17/ST04/raw/ST04_halo7.json,outputs/evaluation/field_validation/local_halo7_products/2022-05-17/ST01/raw/ST01_halo7.json,True,0c3c0ea53ce8e25e59cdae410af1c21e021d56297db5fafbfb91317a9118f060,82171b527e87cfee4555d40d2fef5f7203444bbf3abbe3b41265eab7bf46621b,True,"Current identity labels, paths, metadata, workbook packaging, derived output or station pair-key digest; scientific values preserved."
outputs/evaluation/field_validation/local_halo7_products/2022-05-17/ST04/raw/ST04_halo7.tif,outputs/evaluation/field_validation/local_halo7_products/2022-05-17/ST01/raw/ST01_halo7.tif,True,bc40475b5b5ab1c8eb4c8f511d62da236c0d445af291ea78db0c261ec8b4f832,bc40475b5b5ab1c8eb4c8f511d62da236c0d445af291ea78db0c261ec8b4f832,False,Bytes identical; physical identity path may be renamed.
outputs/evaluation/field_validation/local_halo7_products/2022-05-17/ST04/RF25_halo7_ST04_2022-05-17_20m.tif,outputs/evaluation/field_validation/local_halo7_products/2022-05-17/ST01/RF25_halo7_ST01_2022-05-17_20m.tif,True,7efb35848d226802771dab9b70cda0e8ee68e859459ed2ad579402995da8f65f,b6bfa7b9e524c4448fc02721524e000e00531dbb06833433f204e50f9a05c4d1,True,"Only embedded station_id metadata changed; arrays, masks and support identical."
outputs/evaluation/field_validation/local_halo7_products/2022-05-17/ST05/metadata.json,outputs/evaluation/field_validation/local_halo7_products/2022-05-17/ST05/metadata.json,False,c928e04f5d9eb17a69d8134da2ff6236a4fbaf11af470e7b19ceade7117c62cc,8e224f4c1d953f2c654a5815eb7b4c7435e5c88da77e8427d969c1c918cd9aec,True,"Current identity labels, paths, metadata, workbook packaging, derived output or station pair-key digest; scientific values preserved."
outputs/evaluation/field_validation/local_halo7_products/2022-05-17/ST05/MODIS_halo7_ST05_2022-05-17_native.tif,outputs/evaluation/field_validation/local_halo7_products/2022-05-17/ST05/MODIS_halo7_ST05_2022-05-17_native.tif,False,5495fc128ccf0bfea6c7fcb58373f2a181a6516e47662c91e7744fe583c3edfe,5495fc128ccf0bfea6c7fcb58373f2a181a6516e47662c91e7744fe583c3edfe,False,Bytes identical; physical identity path may be renamed.
outputs/evaluation/field_validation/local_halo7_products/2022-05-17/ST05/raw/ST05_halo7.json,outputs/evaluation/field_validation/local_halo7_products/2022-05-17/ST05/raw/ST05_halo7.json,False,c5d724f52cffedd07ca25207ad9b0d4c66c6db98ed8d9846d2be8df4da23b47a,101edbcd67b2fe702dc9b5a06e4616711a96f79894a0d0f1105da0f3101ff35a,True,"Current identity labels, paths, metadata, workbook packaging, derived output or station pair-key digest; scientific values preserved."
outputs/evaluation/field_validation/local_halo7_products/2022-05-17/ST05/raw/ST05_halo7.tif,outputs/evaluation/field_validation/local_halo7_products/2022-05-17/ST05/raw/ST05_halo7.tif,False,4e11bcc4218465dae89fd4b65f5d18298a59c9e0d203ad3f6b36113ea25bc0a4,4e11bcc4218465dae89fd4b65f5d18298a59c9e0d203ad3f6b36113ea25bc0a4,False,Bytes identical; physical identity path may be renamed.
outputs/evaluation/field_validation/local_halo7_products/2022-05-17/ST05/RF25_halo7_ST05_2022-05-17_20m.tif,outputs/evaluation/field_validation/local_halo7_products/2022-05-17/ST05/RF25_halo7_ST05_2022-05-17_20m.tif,False,2319397e8ef9893cb3337beb8d384adda157b0b677cadf7ef49267e57e133b74,2319397e8ef9893cb3337beb8d384adda157b0b677cadf7ef49267e57e133b74,False,Bytes identical; physical identity path may be renamed.
outputs/evaluation/field_validation/local_halo7_products/2022-05-25/ST01/metadata.json,outputs/evaluation/field_validation/local_halo7_products/2022-05-25/ST02/metadata.json,True,715dd30afc4f9568b9541d48636e53217adfe0bab4f201ce7dda761d7621263f,a795c7af7f523fefe4034637c0370a8ab4e969d173c88dd6341c7bc895bfc27d,True,"Current identity labels, paths, metadata, workbook packaging, derived output or station pair-key digest; scientific values preserved."
outputs/evaluation/field_validation/local_halo7_products/2022-05-25/ST01/MODIS_halo7_ST01_2022-05-25_native.tif,outputs/evaluation/field_validation/local_halo7_products/2022-05-25/ST02/MODIS_halo7_ST02_2022-05-25_native.tif,True,443f85266d64eebbafc7afb58069115be55982e0f1b742ddbe293168b302df0c,443f85266d64eebbafc7afb58069115be55982e0f1b742ddbe293168b302df0c,False,Bytes identical; physical identity path may be renamed.
outputs/evaluation/field_validation/local_halo7_products/2022-05-25/ST01/raw/ST01_halo7.json,outputs/evaluation/field_validation/local_halo7_products/2022-05-25/ST02/raw/ST02_halo7.json,True,2a2313cfe86b0a64ec94825196e8494f11122a45a0acdd22d8800a5ff5ecdcaa,c79dde8b84e4d7f0c4ca8580f82f867c26574727238cda5f95d6219707b8b6b3,True,"Current identity labels, paths, metadata, workbook packaging, derived output or station pair-key digest; scientific values preserved."
outputs/evaluation/field_validation/local_halo7_products/2022-05-25/ST01/raw/ST01_halo7.tif,outputs/evaluation/field_validation/local_halo7_products/2022-05-25/ST02/raw/ST02_halo7.tif,True,5a6c6a7f442a36bb0d6a4ca2601c04f71ce1f0dcb3434c389fdc75a98c5ee0ea,5a6c6a7f442a36bb0d6a4ca2601c04f71ce1f0dcb3434c389fdc75a98c5ee0ea,False,Bytes identical; physical identity path may be renamed.
outputs/evaluation/field_validation/local_halo7_products/2022-05-25/ST01/RF25_halo7_ST01_2022-05-25_20m.tif,outputs/evaluation/field_validation/local_halo7_products/2022-05-25/ST02/RF25_halo7_ST02_2022-05-25_20m.tif,True,7617896b3730088576321cffc6d0f5a857c343d89e0ec991137fac31d0bf1029,cce5d7f64c9d8356aebfb312ad0cb9538a6136e75ff4bbc1d5830af8fa4643cc,True,"Only embedded station_id metadata changed; arrays, masks and support identical."
outputs/evaluation/field_validation/local_halo7_products/2022-05-25/ST02/metadata.json,outputs/evaluation/field_validation/local_halo7_products/2022-05-25/ST03/metadata.json,True,61668c9a905e36e52e5503fedbc1ae19b961adfeede9e2f379f4812e331e33a7,f51cf2c98c758122aeb6f3226d244061970738d78c8557e5fdf68f9098b77da9,True,"Current identity labels, paths, metadata, workbook packaging, derived output or station pair-key digest; scientific values preserved."
outputs/evaluation/field_validation/local_halo7_products/2022-05-25/ST02/MODIS_halo7_ST02_2022-05-25_native.tif,outputs/evaluation/field_validation/local_halo7_products/2022-05-25/ST03/MODIS_halo7_ST03_2022-05-25_native.tif,True,f0ac037f6c56d55546e83411b1a6368f88aca3f1dc6e385f4a8231fef1d6eaab,f0ac037f6c56d55546e83411b1a6368f88aca3f1dc6e385f4a8231fef1d6eaab,False,Bytes identical; physical identity path may be renamed.
outputs/evaluation/field_validation/local_halo7_products/2022-05-25/ST02/raw/ST02_halo7.json,outputs/evaluation/field_validation/local_halo7_products/2022-05-25/ST03/raw/ST03_halo7.json,True,1345a64101ef676242ccb3179b3bf29daacbf687cbe0ab08e771da2c52a4df3f,b8a60d15f14b968bfc47a09c89997a364b6f23f7604d1af223dfb36efe548421,True,"Current identity labels, paths, metadata, workbook packaging, derived output or station pair-key digest; scientific values preserved."
outputs/evaluation/field_validation/local_halo7_products/2022-05-25/ST02/raw/ST02_halo7.tif,outputs/evaluation/field_validation/local_halo7_products/2022-05-25/ST03/raw/ST03_halo7.tif,True,306f1931e69302597d09455dff1739d2999e8d5e5ce46914acdfaf9233d4f0fa,306f1931e69302597d09455dff1739d2999e8d5e5ce46914acdfaf9233d4f0fa,False,Bytes identical; physical identity path may be renamed.
outputs/evaluation/field_validation/local_halo7_products/2022-05-25/ST02/RF25_halo7_ST02_2022-05-25_20m.tif,outputs/evaluation/field_validation/local_halo7_products/2022-05-25/ST03/RF25_halo7_ST03_2022-05-25_20m.tif,True,e2bd7ef6df406da871015aaadd39428cf267cc7e8ba29f7d05940ffd87ec832d,478ea3ee4675cc129827935851f9648086ba842cdbf0c35daa5ac296f2316d9b,True,"Only embedded station_id metadata changed; arrays, masks and support identical."
outputs/evaluation/field_validation/local_halo7_products/2022-05-25/ST03/metadata.json,outputs/evaluation/field_validation/local_halo7_products/2022-05-25/ST04/metadata.json,True,7b5580e744c9d6365187f83dc208f923ca115ad78a2f2c41d64555d7117a527c,746b1e7303a55db9ed7561ceeea65ae4f1f624ffe4ae1b60cd7fb00afdc7556a,True,"Current identity labels, paths, metadata, workbook packaging, derived output or station pair-key digest; scientific values preserved."
outputs/evaluation/field_validation/local_halo7_products/2022-05-25/ST03/MODIS_halo7_ST03_2022-05-25_native.tif,outputs/evaluation/field_validation/local_halo7_products/2022-05-25/ST04/MODIS_halo7_ST04_2022-05-25_native.tif,True,ebfd0f51a635cd9d4a8cdd94e1c25ab0cd501299050462240d50231884728958,ebfd0f51a635cd9d4a8cdd94e1c25ab0cd501299050462240d50231884728958,False,Bytes identical; physical identity path may be renamed.
outputs/evaluation/field_validation/local_halo7_products/2022-05-25/ST03/raw/ST03_halo7.json,outputs/evaluation/field_validation/local_halo7_products/2022-05-25/ST04/raw/ST04_halo7.json,True,6c945af216115c457bbc138003345e20ed63a6985708d5612a0dd271d6898f09,6bcac6f3ff0413d9f0c0384080190fb05c0759c88fec4445753f573762ace559,True,"Current identity labels, paths, metadata, workbook packaging, derived output or station pair-key digest; scientific values preserved."
outputs/evaluation/field_validation/local_halo7_products/2022-05-25/ST03/raw/ST03_halo7.tif,outputs/evaluation/field_validation/local_halo7_products/2022-05-25/ST04/raw/ST04_halo7.tif,True,87f10d1891a4ac9555e2e9dccf05b689bcc698aab55849711feb3dfdda0455ce,87f10d1891a4ac9555e2e9dccf05b689bcc698aab55849711feb3dfdda0455ce,False,Bytes identical; physical identity path may be renamed.
outputs/evaluation/field_validation/local_halo7_products/2022-05-25/ST03/RF25_halo7_ST03_2022-05-25_20m.tif,outputs/evaluation/field_validation/local_halo7_products/2022-05-25/ST04/RF25_halo7_ST04_2022-05-25_20m.tif,True,e89000800ca7a2120a377ad973a26c0943ae860c46402474283c188cc2f0c62f,4c7e1152e998641e1c497240eca23528bef49be30337fc873be50b069ef99b2a,True,"Only embedded station_id metadata changed; arrays, masks and support identical."
outputs/evaluation/field_validation/local_halo7_products/2022-05-25/ST04/metadata.json,outputs/evaluation/field_validation/local_halo7_products/2022-05-25/ST01/metadata.json,True,50c62d09993cbbeb9b83543b238736f98cea36e275e4863e78a921a9de9b1c2a,6816be5f4ce5ccd2c3e05317878c1b38b6dffc80f06a1cd4fdc18a86ebefec67,True,"Current identity labels, paths, metadata, workbook packaging, derived output or station pair-key digest; scientific values preserved."
outputs/evaluation/field_validation/local_halo7_products/2022-05-25/ST04/MODIS_halo7_ST04_2022-05-25_native.tif,outputs/evaluation/field_validation/local_halo7_products/2022-05-25/ST01/MODIS_halo7_ST01_2022-05-25_native.tif,True,8b0a110b9a22c072854322fbe071429b46efc7706145e4c2d190c999059f5e9e,8b0a110b9a22c072854322fbe071429b46efc7706145e4c2d190c999059f5e9e,False,Bytes identical; physical identity path may be renamed.
outputs/evaluation/field_validation/local_halo7_products/2022-05-25/ST04/raw/ST04_halo7.json,outputs/evaluation/field_validation/local_halo7_products/2022-05-25/ST01/raw/ST01_halo7.json,True,faf772dd0b55b8b3c5695b5f32cd917c7361703d0904f5c16165a988bde9328f,0545a65bcd8974a90102c42254b925a2a84affce37dc188d565db73d8c0ce09e,True,"Current identity labels, paths, metadata, workbook packaging, derived output or station pair-key digest; scientific values preserved."
outputs/evaluation/field_validation/local_halo7_products/2022-05-25/ST04/raw/ST04_halo7.tif,outputs/evaluation/field_validation/local_halo7_products/2022-05-25/ST01/raw/ST01_halo7.tif,True,e2f74acc842161da59ac29b9e8370c7ab0277de16f96fb7c3a63ce84ec124820,e2f74acc842161da59ac29b9e8370c7ab0277de16f96fb7c3a63ce84ec124820,False,Bytes identical; physical identity path may be renamed.
outputs/evaluation/field_validation/local_halo7_products/2022-05-25/ST04/RF25_halo7_ST04_2022-05-25_20m.tif,outputs/evaluation/field_validation/local_halo7_products/2022-05-25/ST01/RF25_halo7_ST01_2022-05-25_20m.tif,True,671f22dda76cf3ac266e7bb33eb35a1b4b54290b43bdde39dbc5fae9440650f3,2753324117245080e89d0125acae6cf238fc2253c76880f0672bde63e06ba7f4,True,"Only embedded station_id metadata changed; arrays, masks and support identical."
outputs/evaluation/field_validation/local_halo7_products/2022-05-25/ST05/metadata.json,outputs/evaluation/field_validation/local_halo7_products/2022-05-25/ST05/metadata.json,False,605adacabc0e966af53ba64a78fc07d4bb50f9e8310f335f263ab65e0ed993cd,88ef08a6172e28bc2c89e9a11129dedb7d848cb408192d5757b7455a22f12fa3,True,"Current identity labels, paths, metadata, workbook packaging, derived output or station pair-key digest; scientific values preserved."
outputs/evaluation/field_validation/local_halo7_products/2022-05-25/ST05/MODIS_halo7_ST05_2022-05-25_native.tif,outputs/evaluation/field_validation/local_halo7_products/2022-05-25/ST05/MODIS_halo7_ST05_2022-05-25_native.tif,False,be25baff6d20be7d9f3c501f3fe6b6b6b10cdd356de3060e9440b81590103f6c,be25baff6d20be7d9f3c501f3fe6b6b6b10cdd356de3060e9440b81590103f6c,False,Bytes identical; physical identity path may be renamed.
outputs/evaluation/field_validation/local_halo7_products/2022-05-25/ST05/raw/ST05_halo7.json,outputs/evaluation/field_validation/local_halo7_products/2022-05-25/ST05/raw/ST05_halo7.json,False,df183bed08d159ddd6ea175d56e08b9a8197cb6639041ff5e5a041b9b488d755,fe3b60f01db773e0f3d838ec6091a970ad3d0a9277f59004b0d98d31fda5e4b3,True,"Current identity labels, paths, metadata, workbook packaging, derived output or station pair-key digest; scientific values preserved."
outputs/evaluation/field_validation/local_halo7_products/2022-05-25/ST05/raw/ST05_halo7.tif,outputs/evaluation/field_validation/local_halo7_products/2022-05-25/ST05/raw/ST05_halo7.tif,False,e9e478ccec9e28b0af2dd3c0cca12fbb02a7a6b85ec6723a78f58d84ef6b46fb,e9e478ccec9e28b0af2dd3c0cca12fbb02a7a6b85ec6723a78f58d84ef6b46fb,False,Bytes identical; physical identity path may be renamed.
outputs/evaluation/field_validation/local_halo7_products/2022-05-25/ST05/RF25_halo7_ST05_2022-05-25_20m.tif,outputs/evaluation/field_validation/local_halo7_products/2022-05-25/ST05/RF25_halo7_ST05_2022-05-25_20m.tif,False,56bd4475f4ba8270c3642974dada7a9feef730ff13136c19c450e3c32fece302,56bd4475f4ba8270c3642974dada7a9feef730ff13136c19c450e3c32fece302,False,Bytes identical; physical identity path may be renamed.
outputs/evaluation/field_validation/local_halo7_products/2022-06-02/ST01/metadata.json,outputs/evaluation/field_validation/local_halo7_products/2022-06-02/ST02/metadata.json,True,f8eab0f06aded4f82e395119e8e78b0c81576faaf74bf00716f1422699a0abcc,1bafd337bee12640e8818d35044e0dd0eaeba23275564c11b947e30e8c88ee92,True,"Current identity labels, paths, metadata, workbook packaging, derived output or station pair-key digest; scientific values preserved."
outputs/evaluation/field_validation/local_halo7_products/2022-06-02/ST01/MODIS_halo7_ST01_2022-06-02_native.tif,outputs/evaluation/field_validation/local_halo7_products/2022-06-02/ST02/MODIS_halo7_ST02_2022-06-02_native.tif,True,529f84e60ee662164925c3e9053cab9ce45301b5def3a0627afe4da579b4a4a8,529f84e60ee662164925c3e9053cab9ce45301b5def3a0627afe4da579b4a4a8,False,Bytes identical; physical identity path may be renamed.
outputs/evaluation/field_validation/local_halo7_products/2022-06-02/ST01/raw/ST01_halo7.json,outputs/evaluation/field_validation/local_halo7_products/2022-06-02/ST02/raw/ST02_halo7.json,True,5b88acc3b3c795c6339cb13278cbd3178c7ffc630d7ac09d8c7f456e8c7439e7,cec8a95f7a27f4ec47bae5c74228778cff227596db55a0a5691d1465f0a397e5,True,"Current identity labels, paths, metadata, workbook packaging, derived output or station pair-key digest; scientific values preserved."
outputs/evaluation/field_validation/local_halo7_products/2022-06-02/ST01/raw/ST01_halo7.tif,outputs/evaluation/field_validation/local_halo7_products/2022-06-02/ST02/raw/ST02_halo7.tif,True,8bcc4bb1b1f358eda7be9dcb2815959ccee12bd2f65814435d17df86a6c01829,8bcc4bb1b1f358eda7be9dcb2815959ccee12bd2f65814435d17df86a6c01829,False,Bytes identical; physical identity path may be renamed.
outputs/evaluation/field_validation/local_halo7_products/2022-06-02/ST01/RF25_halo7_ST01_2022-06-02_20m.tif,outputs/evaluation/field_validation/local_halo7_products/2022-06-02/ST02/RF25_halo7_ST02_2022-06-02_20m.tif,True,a77ca21a3722c1d36bef4efc6676aed91c68a70b241730023977aacfdd76a5b8,fae2e6d78e3802272d1eb4ee01c2015e25e9e2e824667825ac854fd4d02852e6,True,"Only embedded station_id metadata changed; arrays, masks and support identical."
outputs/evaluation/field_validation/local_halo7_products/2022-06-02/ST02/metadata.json,outputs/evaluation/field_validation/local_halo7_products/2022-06-02/ST03/metadata.json,True,77157c988629f8a14450728981acf7e89fb4f42c0ab3e50ae4fb04089bc6a09c,828dd609301318fe1dec54bab9d1d6bdaf9bbaf70df1f0fb891c5867c4d8bff5,True,"Current identity labels, paths, metadata, workbook packaging, derived output or station pair-key digest; scientific values preserved."
outputs/evaluation/field_validation/local_halo7_products/2022-06-02/ST02/MODIS_halo7_ST02_2022-06-02_native.tif,outputs/evaluation/field_validation/local_halo7_products/2022-06-02/ST03/MODIS_halo7_ST03_2022-06-02_native.tif,True,1410abe9bcf149428f8cd97384bd83e3e475c088c44cd07ff8a195c0c6b174ee,1410abe9bcf149428f8cd97384bd83e3e475c088c44cd07ff8a195c0c6b174ee,False,Bytes identical; physical identity path may be renamed.
outputs/evaluation/field_validation/local_halo7_products/2022-06-02/ST02/raw/ST02_halo7.json,outputs/evaluation/field_validation/local_halo7_products/2022-06-02/ST03/raw/ST03_halo7.json,True,3c1d1d4bbf0571923aafc4fba34c41b13319050c9e2c8548d86606176352241a,36617c833a3841c0e642f2ebcedfdea11a134b1afeafc59e4062aaf2897d6cd6,True,"Current identity labels, paths, metadata, workbook packaging, derived output or station pair-key digest; scientific values preserved."
outputs/evaluation/field_validation/local_halo7_products/2022-06-02/ST02/raw/ST02_halo7.tif,outputs/evaluation/field_validation/local_halo7_products/2022-06-02/ST03/raw/ST03_halo7.tif,True,be302ff7666f120cb58ba29a82d1a94818e18739a149ed26ccb7ee936dc5f578,be302ff7666f120cb58ba29a82d1a94818e18739a149ed26ccb7ee936dc5f578,False,Bytes identical; physical identity path may be renamed.
outputs/evaluation/field_validation/local_halo7_products/2022-06-02/ST02/RF25_halo7_ST02_2022-06-02_20m.tif,outputs/evaluation/field_validation/local_halo7_products/2022-06-02/ST03/RF25_halo7_ST03_2022-06-02_20m.tif,True,936e67b17ff95675263d1fbbdadfac27970992a08606eaefd4a006a514fdf91a,d63763a1a3477f81b42854a0198cc1494606f654e86b92b2cee554f3296f5349,True,"Only embedded station_id metadata changed; arrays, masks and support identical."
outputs/evaluation/field_validation/local_halo7_products/2022-06-02/ST03/metadata.json,outputs/evaluation/field_validation/local_halo7_products/2022-06-02/ST04/metadata.json,True,c79e2edd047b60b465472062957c8f96c1a9a774b7a9b024a3acfdc7e8eb25ec,267669ba746eff7872a803bb11184b7a56b82e812e15fb3662ed1cb2d852219b,True,"Current identity labels, paths, metadata, workbook packaging, derived output or station pair-key digest; scientific values preserved."
outputs/evaluation/field_validation/local_halo7_products/2022-06-02/ST03/MODIS_halo7_ST03_2022-06-02_native.tif,outputs/evaluation/field_validation/local_halo7_products/2022-06-02/ST04/MODIS_halo7_ST04_2022-06-02_native.tif,True,54f057f7874b6fec98a2dda38c7beb00082e8ed856e650eaaf2bd2e0fba079d6,54f057f7874b6fec98a2dda38c7beb00082e8ed856e650eaaf2bd2e0fba079d6,False,Bytes identical; physical identity path may be renamed.
outputs/evaluation/field_validation/local_halo7_products/2022-06-02/ST03/raw/ST03_halo7.json,outputs/evaluation/field_validation/local_halo7_products/2022-06-02/ST04/raw/ST04_halo7.json,True,30459ada4bed3bf0d87b8a8fee65ec25259b52ec2635b54c6877d95d6d6e8381,8ff20859d4d1e7cf97f7cbe050d058052ef1fc832ab1f2920f6d28c5672b4784,True,"Current identity labels, paths, metadata, workbook packaging, derived output or station pair-key digest; scientific values preserved."
outputs/evaluation/field_validation/local_halo7_products/2022-06-02/ST03/raw/ST03_halo7.tif,outputs/evaluation/field_validation/local_halo7_products/2022-06-02/ST04/raw/ST04_halo7.tif,True,3b8444f405635ab30e233704d9f816744728f38a7daa9f9c625d10b149a96e0c,3b8444f405635ab30e233704d9f816744728f38a7daa9f9c625d10b149a96e0c,False,Bytes identical; physical identity path may be renamed.
outputs/evaluation/field_validation/local_halo7_products/2022-06-02/ST03/RF25_halo7_ST03_2022-06-02_20m.tif,outputs/evaluation/field_validation/local_halo7_products/2022-06-02/ST04/RF25_halo7_ST04_2022-06-02_20m.tif,True,2b4a87709b6657603b8dcb077207e80fde0507a4617215cbf769bf67df85c5a0,0889bf98242c88ec78dd369db4bd6faa083b4744dc4c41ff6ea13658ddc07636,True,"Only embedded station_id metadata changed; arrays, masks and support identical."
outputs/evaluation/field_validation/local_halo7_products/2022-06-02/ST04/metadata.json,outputs/evaluation/field_validation/local_halo7_products/2022-06-02/ST01/metadata.json,True,1d542d850a1808ef6267482fb015d462664482644f293b23e34110fa7ae035b7,8c3286bddbd4d1c376376ddc0515ad62b743bc11c8c0a5158e867e3d88eed2fd,True,"Current identity labels, paths, metadata, workbook packaging, derived output or station pair-key digest; scientific values preserved."
outputs/evaluation/field_validation/local_halo7_products/2022-06-02/ST04/MODIS_halo7_ST04_2022-06-02_native.tif,outputs/evaluation/field_validation/local_halo7_products/2022-06-02/ST01/MODIS_halo7_ST01_2022-06-02_native.tif,True,fd08c19b015b6a67ac2469229dc9dbaba98c093f68a7959a46c9acb143d43ac7,fd08c19b015b6a67ac2469229dc9dbaba98c093f68a7959a46c9acb143d43ac7,False,Bytes identical; physical identity path may be renamed.
outputs/evaluation/field_validation/local_halo7_products/2022-06-02/ST04/raw/ST04_halo7.json,outputs/evaluation/field_validation/local_halo7_products/2022-06-02/ST01/raw/ST01_halo7.json,True,540a464626ef239c074671ba727608fb9423beb2b0b94db936bd6143eb071ee2,e143b5b2173735229437d6897689054570b1c262ab1cf41b617965cb51f074cc,True,"Current identity labels, paths, metadata, workbook packaging, derived output or station pair-key digest; scientific values preserved."
outputs/evaluation/field_validation/local_halo7_products/2022-06-02/ST04/raw/ST04_halo7.tif,outputs/evaluation/field_validation/local_halo7_products/2022-06-02/ST01/raw/ST01_halo7.tif,True,7330e1a9e061eff85a4f0092feb1b1330b6a1db00472d11ad5d73edab4b0a5a5,7330e1a9e061eff85a4f0092feb1b1330b6a1db00472d11ad5d73edab4b0a5a5,False,Bytes identical; physical identity path may be renamed.
outputs/evaluation/field_validation/local_halo7_products/2022-06-02/ST04/RF25_halo7_ST04_2022-06-02_20m.tif,outputs/evaluation/field_validation/local_halo7_products/2022-06-02/ST01/RF25_halo7_ST01_2022-06-02_20m.tif,True,923184a2c50c7319cf97144b17f91345e61655c80afbb527df4089ab4ae7f4f9,233d0134349a1238fd6494ced5e58efbe899cdf2211227bb4b8100ec54e0115c,True,"Only embedded station_id metadata changed; arrays, masks and support identical."
outputs/evaluation/field_validation/local_halo7_products/2022-06-02/ST05/metadata.json,outputs/evaluation/field_validation/local_halo7_products/2022-06-02/ST05/metadata.json,False,64dbadcf5e9d80949bc291a88f01d17d05d472dd2a4a700b64245cc4e769ea30,5169f0b6cabe6d4d7340e182ab9008ebd519cad8463b1ebb61a08df9a62daa5a,True,"Current identity labels, paths, metadata, workbook packaging, derived output or station pair-key digest; scientific values preserved."
outputs/evaluation/field_validation/local_halo7_products/2022-06-02/ST05/MODIS_halo7_ST05_2022-06-02_native.tif,outputs/evaluation/field_validation/local_halo7_products/2022-06-02/ST05/MODIS_halo7_ST05_2022-06-02_native.tif,False,081f7c2c4cdca50815b9d7224ef02e0e9b99cb8f66c0f4fcb8d7ed642770abae,081f7c2c4cdca50815b9d7224ef02e0e9b99cb8f66c0f4fcb8d7ed642770abae,False,Bytes identical; physical identity path may be renamed.
outputs/evaluation/field_validation/local_halo7_products/2022-06-02/ST05/raw/ST05_halo7.json,outputs/evaluation/field_validation/local_halo7_products/2022-06-02/ST05/raw/ST05_halo7.json,False,20f85230bb3add214d40e7e65902a1badcb2147ada263149a76dc58e32178e8f,d932dbcd636acbc80346b28740f4f3a16fbdf3dba7cf78732c8c29b2e749b7ff,True,"Current identity labels, paths, metadata, workbook packaging, derived output or station pair-key digest; scientific values preserved."
outputs/evaluation/field_validation/local_halo7_products/2022-06-02/ST05/raw/ST05_halo7.tif,outputs/evaluation/field_validation/local_halo7_products/2022-06-02/ST05/raw/ST05_halo7.tif,False,22fe43c823b407e85494dc542220a0b18a23a388bd53a41801b4d470b1e6404d,22fe43c823b407e85494dc542220a0b18a23a388bd53a41801b4d470b1e6404d,False,Bytes identical; physical identity path may be renamed.
outputs/evaluation/field_validation/local_halo7_products/2022-06-02/ST05/RF25_halo7_ST05_2022-06-02_20m.tif,outputs/evaluation/field_validation/local_halo7_products/2022-06-02/ST05/RF25_halo7_ST05_2022-06-02_20m.tif,False,feea3d999986f04fc05dc72a1bfd9e5be4c421ade1bf29aabe6fbf4257b47424,feea3d999986f04fc05dc72a1bfd9e5be4c421ade1bf29aabe6fbf4257b47424,False,Bytes identical; physical identity path may be renamed.
outputs/evaluation/field_validation/local_halo7_products/2022-06-10/ST01/metadata.json,outputs/evaluation/field_validation/local_halo7_products/2022-06-10/ST02/metadata.json,True,b9485c373da10b90ed13f0fb3abed288814173c3e0f4fcab620959330c58f569,f968750f1f64f908a4957c35ce7002ef37b67fd944bcf26a19515bab1c9fb05f,True,"Current identity labels, paths, metadata, workbook packaging, derived output or station pair-key digest; scientific values preserved."
outputs/evaluation/field_validation/local_halo7_products/2022-06-10/ST01/MODIS_halo7_ST01_2022-06-10_native.tif,outputs/evaluation/field_validation/local_halo7_products/2022-06-10/ST02/MODIS_halo7_ST02_2022-06-10_native.tif,True,d1a3f082e60d50b7c5070ea34f90c90b79a7e4a297a4c36914f3244193362b2f,d1a3f082e60d50b7c5070ea34f90c90b79a7e4a297a4c36914f3244193362b2f,False,Bytes identical; physical identity path may be renamed.
outputs/evaluation/field_validation/local_halo7_products/2022-06-10/ST01/raw/ST01_halo7.json,outputs/evaluation/field_validation/local_halo7_products/2022-06-10/ST02/raw/ST02_halo7.json,True,785bdb002907e27c3404e97707968e82105e8babc653e7b1baf1f0e6c9e9aaa1,9f8843f729a1fce39b4b57daf9206ec84970dfe4e5b1ffbefca591abcda7d84b,True,"Current identity labels, paths, metadata, workbook packaging, derived output or station pair-key digest; scientific values preserved."
outputs/evaluation/field_validation/local_halo7_products/2022-06-10/ST01/raw/ST01_halo7.tif,outputs/evaluation/field_validation/local_halo7_products/2022-06-10/ST02/raw/ST02_halo7.tif,True,2324cb82a28bac4df7d72b1305d3d3d6b22ddc3f2acd5d92f8e5202e07336be4,2324cb82a28bac4df7d72b1305d3d3d6b22ddc3f2acd5d92f8e5202e07336be4,False,Bytes identical; physical identity path may be renamed.
outputs/evaluation/field_validation/local_halo7_products/2022-06-10/ST01/RF25_halo7_ST01_2022-06-10_20m.tif,outputs/evaluation/field_validation/local_halo7_products/2022-06-10/ST02/RF25_halo7_ST02_2022-06-10_20m.tif,True,4818f7e9f288eb30d2d30096cd360243430438cf3da40f9f4f1e2b282052be40,6ddfa85814eadf1e3fb5855b2f020cd0822b67229187133aae338b0d3255fe09,True,"Only embedded station_id metadata changed; arrays, masks and support identical."
outputs/evaluation/field_validation/local_halo7_products/2022-06-10/ST02/metadata.json,outputs/evaluation/field_validation/local_halo7_products/2022-06-10/ST03/metadata.json,True,f7ca973a7aa1dbb5234abd23acf6691239ac072276cd80db380bf43f488a4888,e5182f8982db0fcc0bcfc91bf222d3a5a01ca1f4a7586f0176590296a9d389b2,True,"Current identity labels, paths, metadata, workbook packaging, derived output or station pair-key digest; scientific values preserved."
outputs/evaluation/field_validation/local_halo7_products/2022-06-10/ST02/MODIS_halo7_ST02_2022-06-10_native.tif,outputs/evaluation/field_validation/local_halo7_products/2022-06-10/ST03/MODIS_halo7_ST03_2022-06-10_native.tif,True,9d1e1583c24e06f988224a0703af6969516637f6c944400c9bbc2f3a4f7adc40,9d1e1583c24e06f988224a0703af6969516637f6c944400c9bbc2f3a4f7adc40,False,Bytes identical; physical identity path may be renamed.
outputs/evaluation/field_validation/local_halo7_products/2022-06-10/ST02/raw/ST02_halo7.json,outputs/evaluation/field_validation/local_halo7_products/2022-06-10/ST03/raw/ST03_halo7.json,True,a5a22a1ce9b11cfdb3c82a99f66e5717e24fb10e9e2f8a10d34f753daa108e66,c5b200feeec3cfc10ba72ab15187fb7c82022f1c963cd533535ee726744e045c,True,"Current identity labels, paths, metadata, workbook packaging, derived output or station pair-key digest; scientific values preserved."
outputs/evaluation/field_validation/local_halo7_products/2022-06-10/ST02/raw/ST02_halo7.tif,outputs/evaluation/field_validation/local_halo7_products/2022-06-10/ST03/raw/ST03_halo7.tif,True,2a4c7e2c9e3f470398477f27adea3c3e594ba229fc69a8e9e546a9b2c26df79e,2a4c7e2c9e3f470398477f27adea3c3e594ba229fc69a8e9e546a9b2c26df79e,False,Bytes identical; physical identity path may be renamed.
outputs/evaluation/field_validation/local_halo7_products/2022-06-10/ST02/RF25_halo7_ST02_2022-06-10_20m.tif,outputs/evaluation/field_validation/local_halo7_products/2022-06-10/ST03/RF25_halo7_ST03_2022-06-10_20m.tif,True,80abc0f14a0aa7741e7b4c6b0aee5bb2b1bc8a2fc25b48d34cb7ed5680bb52b5,1a58e169c7cf49d1f6b30e59eed62fab03857ea40b4c9cb8cf5fa265b2790693,True,"Only embedded station_id metadata changed; arrays, masks and support identical."
outputs/evaluation/field_validation/local_halo7_products/2022-06-10/ST03/metadata.json,outputs/evaluation/field_validation/local_halo7_products/2022-06-10/ST04/metadata.json,True,a50a34cd37f818b795dde60462fd6c3510dbda29c743d6f45332988d6a0bc23b,cd1d7f2618f14243707bdba601bbbc656001ad01afef237cb8eb63da5f25bdc3,True,"Current identity labels, paths, metadata, workbook packaging, derived output or station pair-key digest; scientific values preserved."
outputs/evaluation/field_validation/local_halo7_products/2022-06-10/ST03/MODIS_halo7_ST03_2022-06-10_native.tif,outputs/evaluation/field_validation/local_halo7_products/2022-06-10/ST04/MODIS_halo7_ST04_2022-06-10_native.tif,True,dd7586c636b760965d3ae4175aaf9a6fef9e4dc893008ccb917f265a27c3bb9b,dd7586c636b760965d3ae4175aaf9a6fef9e4dc893008ccb917f265a27c3bb9b,False,Bytes identical; physical identity path may be renamed.
outputs/evaluation/field_validation/local_halo7_products/2022-06-10/ST03/raw/ST03_halo7.json,outputs/evaluation/field_validation/local_halo7_products/2022-06-10/ST04/raw/ST04_halo7.json,True,47bd54eb4e3fb3a8d9d8cc487297563f220c8c0e88f7e4af56e2fe23cb9b9e85,b89c868a25ca0c698239d9c0e905bd1ee08e2b1e5645e2982903ff27e56451f3,True,"Current identity labels, paths, metadata, workbook packaging, derived output or station pair-key digest; scientific values preserved."
outputs/evaluation/field_validation/local_halo7_products/2022-06-10/ST03/raw/ST03_halo7.tif,outputs/evaluation/field_validation/local_halo7_products/2022-06-10/ST04/raw/ST04_halo7.tif,True,fe91e599cd5276a05916abf6577d1f56c8c9289c85e00bea5bc064663044cbaf,fe91e599cd5276a05916abf6577d1f56c8c9289c85e00bea5bc064663044cbaf,False,Bytes identical; physical identity path may be renamed.
outputs/evaluation/field_validation/local_halo7_products/2022-06-10/ST03/RF25_halo7_ST03_2022-06-10_20m.tif,outputs/evaluation/field_validation/local_halo7_products/2022-06-10/ST04/RF25_halo7_ST04_2022-06-10_20m.tif,True,1d17ac89739d9b7919b38e827629dc4d6fccae1158e0e3a776b6454bf6cf5b33,0eee77fc60195f92b3d9ddf269deb7ff45e772c0b6811dd0fcf3ce1038e8b46c,True,"Only embedded station_id metadata changed; arrays, masks and support identical."
outputs/evaluation/field_validation/local_halo7_products/2022-06-10/ST04/metadata.json,outputs/evaluation/field_validation/local_halo7_products/2022-06-10/ST01/metadata.json,True,a561a5e47d0865443a0ee4275a1b5c58ffd770b892a5708a1cc505e44947df0c,a5accf8b107abaee98449ce7dea0ed6506cd6ece384a8f6afe0cf8f8767194ec,True,"Current identity labels, paths, metadata, workbook packaging, derived output or station pair-key digest; scientific values preserved."
outputs/evaluation/field_validation/local_halo7_products/2022-06-10/ST04/MODIS_halo7_ST04_2022-06-10_native.tif,outputs/evaluation/field_validation/local_halo7_products/2022-06-10/ST01/MODIS_halo7_ST01_2022-06-10_native.tif,True,94a79ee238480bacb58a7aac6f58c7b8a7c4087a6c4dc9c284cf8966d2c0ce8e,94a79ee238480bacb58a7aac6f58c7b8a7c4087a6c4dc9c284cf8966d2c0ce8e,False,Bytes identical; physical identity path may be renamed.
outputs/evaluation/field_validation/local_halo7_products/2022-06-10/ST04/raw/ST04_halo7.json,outputs/evaluation/field_validation/local_halo7_products/2022-06-10/ST01/raw/ST01_halo7.json,True,2aa0bab9e0c6d93fb18de2d311ba3e120f4c7dd0b6904e50cfa44f81d8ff7295,77be7ee5d97ea5d01a5834e2b255d018b3ca78acd5d6a51cc15f7347b6153d6b,True,"Current identity labels, paths, metadata, workbook packaging, derived output or station pair-key digest; scientific values preserved."
outputs/evaluation/field_validation/local_halo7_products/2022-06-10/ST04/raw/ST04_halo7.tif,outputs/evaluation/field_validation/local_halo7_products/2022-06-10/ST01/raw/ST01_halo7.tif,True,3505a65d6268e112ec787b90289162cdb1d15c9440a9fde7af6d96f25a794454,3505a65d6268e112ec787b90289162cdb1d15c9440a9fde7af6d96f25a794454,False,Bytes identical; physical identity path may be renamed.
outputs/evaluation/field_validation/local_halo7_products/2022-06-10/ST04/RF25_halo7_ST04_2022-06-10_20m.tif,outputs/evaluation/field_validation/local_halo7_products/2022-06-10/ST01/RF25_halo7_ST01_2022-06-10_20m.tif,True,4b024b7e93b10923fe8e9b18da6a804892274a934234b0393c1b38edce0ef816,40b8c28eed3f760615eb58a5f858fc9f68597a2159e8ea26f7006f547c3b3e0b,True,"Only embedded station_id metadata changed; arrays, masks and support identical."
outputs/evaluation/field_validation/local_halo7_products/2022-06-10/ST05/metadata.json,outputs/evaluation/field_validation/local_halo7_products/2022-06-10/ST05/metadata.json,False,ad15fb670fcff2071dbbf86b217ebd3cc97159956b6078412d93de200fdcc889,508b6ca855ac13ddfca9e1310c443b18d5be8c4304c3297634a20a191a7310af,True,"Current identity labels, paths, metadata, workbook packaging, derived output or station pair-key digest; scientific values preserved."
outputs/evaluation/field_validation/local_halo7_products/2022-06-10/ST05/MODIS_halo7_ST05_2022-06-10_native.tif,outputs/evaluation/field_validation/local_halo7_products/2022-06-10/ST05/MODIS_halo7_ST05_2022-06-10_native.tif,False,ec3f7081937e73ae4a2292ae01270d34c2bf53dd05bdd42add3d30f5ea35281c,ec3f7081937e73ae4a2292ae01270d34c2bf53dd05bdd42add3d30f5ea35281c,False,Bytes identical; physical identity path may be renamed.
outputs/evaluation/field_validation/local_halo7_products/2022-06-10/ST05/raw/ST05_halo7.json,outputs/evaluation/field_validation/local_halo7_products/2022-06-10/ST05/raw/ST05_halo7.json,False,0b8ee33ec99078889135d0e211138db98a57b76e7438443239b982feacc6b9e0,ecbc8fc55e1373b902c0ba1750ef18b416cdf3efe46d2c72f55aec34069b97ba,True,"Current identity labels, paths, metadata, workbook packaging, derived output or station pair-key digest; scientific values preserved."
outputs/evaluation/field_validation/local_halo7_products/2022-06-10/ST05/raw/ST05_halo7.tif,outputs/evaluation/field_validation/local_halo7_products/2022-06-10/ST05/raw/ST05_halo7.tif,False,ec4e17cdb2c9cf1fa1da187719b496d744893f85461da496f90d2af907b9d0fc,ec4e17cdb2c9cf1fa1da187719b496d744893f85461da496f90d2af907b9d0fc,False,Bytes identical; physical identity path may be renamed.
outputs/evaluation/field_validation/local_halo7_products/2022-06-10/ST05/RF25_halo7_ST05_2022-06-10_20m.tif,outputs/evaluation/field_validation/local_halo7_products/2022-06-10/ST05/RF25_halo7_ST05_2022-06-10_20m.tif,False,463d71ce9f3283a9ca4c94c47f62033b906731953fcd4d289253b1be4d3a4426,463d71ce9f3283a9ca4c94c47f62033b906731953fcd4d289253b1be4d3a4426,False,Bytes identical; physical identity path may be renamed.
outputs/evaluation/field_validation/local_halo7_products/2022-06-18/ST01/metadata.json,outputs/evaluation/field_validation/local_halo7_products/2022-06-18/ST02/metadata.json,True,8e8208c2277b93d49fa542976f065b50e6531c8f38189e37b9fa4423f8fdb38c,fef50abbd68467811d69e28f639d8b52d34da796fa44446bd7fecd537e616a7e,True,"Current identity labels, paths, metadata, workbook packaging, derived output or station pair-key digest; scientific values preserved."
outputs/evaluation/field_validation/local_halo7_products/2022-06-18/ST01/MODIS_halo7_ST01_2022-06-18_native.tif,outputs/evaluation/field_validation/local_halo7_products/2022-06-18/ST02/MODIS_halo7_ST02_2022-06-18_native.tif,True,a7f31ebf80e6b5943976485e9edc8e7c7132624c474f45d0f67373dca88032eb,a7f31ebf80e6b5943976485e9edc8e7c7132624c474f45d0f67373dca88032eb,False,Bytes identical; physical identity path may be renamed.
outputs/evaluation/field_validation/local_halo7_products/2022-06-18/ST01/raw/ST01_halo7.json,outputs/evaluation/field_validation/local_halo7_products/2022-06-18/ST02/raw/ST02_halo7.json,True,d63a2c7869bb58892813e54eb2f414a4aae412e79b9a02f2e64e6fb9d3cfd643,205ff916b381a10f87ab22f878dbb2c84c373d4b922c7fe4406e84859c485c1b,True,"Current identity labels, paths, metadata, workbook packaging, derived output or station pair-key digest; scientific values preserved."
outputs/evaluation/field_validation/local_halo7_products/2022-06-18/ST01/raw/ST01_halo7.tif,outputs/evaluation/field_validation/local_halo7_products/2022-06-18/ST02/raw/ST02_halo7.tif,True,54ac05206a6037fd2885aba01fe378c94af3c7c12e03b0dfd1ba69081ad1c49e,54ac05206a6037fd2885aba01fe378c94af3c7c12e03b0dfd1ba69081ad1c49e,False,Bytes identical; physical identity path may be renamed.
outputs/evaluation/field_validation/local_halo7_products/2022-06-18/ST01/RF25_halo7_ST01_2022-06-18_20m.tif,outputs/evaluation/field_validation/local_halo7_products/2022-06-18/ST02/RF25_halo7_ST02_2022-06-18_20m.tif,True,caf75a428516e857b71a9e27175a62e30db83aab2e1578dd45aefa4bd60b513a,d3ce855f9888632fccc39a89ddfe796c3345fbcdd8c49049690e84eab10ba4f5,True,"Only embedded station_id metadata changed; arrays, masks and support identical."
outputs/evaluation/field_validation/local_halo7_products/2022-06-18/ST02/metadata.json,outputs/evaluation/field_validation/local_halo7_products/2022-06-18/ST03/metadata.json,True,73dea59f8ec0e0a70d8bb75f93939c22aade7e9c963968a685a59a38f4b3e1a0,db55dbd24301ec105959fbccbd6a3b64ba9b3337520f484372ef8600f8abc2fe,True,"Current identity labels, paths, metadata, workbook packaging, derived output or station pair-key digest; scientific values preserved."
outputs/evaluation/field_validation/local_halo7_products/2022-06-18/ST02/MODIS_halo7_ST02_2022-06-18_native.tif,outputs/evaluation/field_validation/local_halo7_products/2022-06-18/ST03/MODIS_halo7_ST03_2022-06-18_native.tif,True,07f1df85f5452cf4018b9773b8f40b1fc8775e8491a480f8fca03a9a420088d5,07f1df85f5452cf4018b9773b8f40b1fc8775e8491a480f8fca03a9a420088d5,False,Bytes identical; physical identity path may be renamed.
outputs/evaluation/field_validation/local_halo7_products/2022-06-18/ST02/raw/ST02_halo7.json,outputs/evaluation/field_validation/local_halo7_products/2022-06-18/ST03/raw/ST03_halo7.json,True,f889ecd5f8bbce8f86aa7d6093a089a84ad895575f28e643454273f6e3929571,5d7ffb5ebc0e99faee0f7e38060d973b7b5b7a21eb3850f2b2d1f42d65f4ebf3,True,"Current identity labels, paths, metadata, workbook packaging, derived output or station pair-key digest; scientific values preserved."
outputs/evaluation/field_validation/local_halo7_products/2022-06-18/ST02/raw/ST02_halo7.tif,outputs/evaluation/field_validation/local_halo7_products/2022-06-18/ST03/raw/ST03_halo7.tif,True,b82720ab5c844d9cc6c44fe265ce65166af738517fe03fd3862d8cbca801a824,b82720ab5c844d9cc6c44fe265ce65166af738517fe03fd3862d8cbca801a824,False,Bytes identical; physical identity path may be renamed.
outputs/evaluation/field_validation/local_halo7_products/2022-06-18/ST02/RF25_halo7_ST02_2022-06-18_20m.tif,outputs/evaluation/field_validation/local_halo7_products/2022-06-18/ST03/RF25_halo7_ST03_2022-06-18_20m.tif,True,00dbdc7451ba3c2dd4b665fb3f9b5d8af151ac10b2004d5edd68f59e5d8279b1,419e9b0201643d38f061906d125e1c95cd6f5e1a7c8efb7f29e12b70494f30f8,True,"Only embedded station_id metadata changed; arrays, masks and support identical."
outputs/evaluation/field_validation/local_halo7_products/2022-06-18/ST03/metadata.json,outputs/evaluation/field_validation/local_halo7_products/2022-06-18/ST04/metadata.json,True,afca1024ca864b28bea1f17853dda9440a0aeff3717a616a9e1b33adc61c5c16,7172e222ca3892d09fd5be7aee3186e3cf7fb3ec6d07a336c65be6295ed516e8,True,"Current identity labels, paths, metadata, workbook packaging, derived output or station pair-key digest; scientific values preserved."
outputs/evaluation/field_validation/local_halo7_products/2022-06-18/ST03/MODIS_halo7_ST03_2022-06-18_native.tif,outputs/evaluation/field_validation/local_halo7_products/2022-06-18/ST04/MODIS_halo7_ST04_2022-06-18_native.tif,True,ba1a5fc7244740afb9faa9bd33e5f92dd0ae1594097ba697a39e88c71a12b5d2,ba1a5fc7244740afb9faa9bd33e5f92dd0ae1594097ba697a39e88c71a12b5d2,False,Bytes identical; physical identity path may be renamed.
outputs/evaluation/field_validation/local_halo7_products/2022-06-18/ST03/raw/ST03_halo7.json,outputs/evaluation/field_validation/local_halo7_products/2022-06-18/ST04/raw/ST04_halo7.json,True,4d8b2116054db67693cbf6834a1e7f58fc0616a78fb9ce3025ded16c69f863be,a580dbe669d35490a7829f0278e2213342752f80b74b92bdf752e5ef8e5df8ce,True,"Current identity labels, paths, metadata, workbook packaging, derived output or station pair-key digest; scientific values preserved."
outputs/evaluation/field_validation/local_halo7_products/2022-06-18/ST03/raw/ST03_halo7.tif,outputs/evaluation/field_validation/local_halo7_products/2022-06-18/ST04/raw/ST04_halo7.tif,True,6493cfbb9819d2dfbb060158738ba6fccc667da68a62251560f4ef1ef1497a99,6493cfbb9819d2dfbb060158738ba6fccc667da68a62251560f4ef1ef1497a99,False,Bytes identical; physical identity path may be renamed.
outputs/evaluation/field_validation/local_halo7_products/2022-06-18/ST03/RF25_halo7_ST03_2022-06-18_20m.tif,outputs/evaluation/field_validation/local_halo7_products/2022-06-18/ST04/RF25_halo7_ST04_2022-06-18_20m.tif,True,21b0fc35647075b97a3c31848c506ae84594da8832449baf809e739e0e2fbf05,e2c6e1bf0d10454d11ab49042342b1b4c7fe6e8b6ddd834f454d8853f416125c,True,"Only embedded station_id metadata changed; arrays, masks and support identical."
outputs/evaluation/field_validation/local_halo7_products/2022-06-18/ST04/metadata.json,outputs/evaluation/field_validation/local_halo7_products/2022-06-18/ST01/metadata.json,True,ccdad4f8cdca11b339800581211053ff35e8f5cf481b3ac7e352bd60c7af9d10,3192b478472e69ad018dd96eadcf8f33c0fa3a399b4501f31a4219ebe894aff4,True,"Current identity labels, paths, metadata, workbook packaging, derived output or station pair-key digest; scientific values preserved."
outputs/evaluation/field_validation/local_halo7_products/2022-06-18/ST04/MODIS_halo7_ST04_2022-06-18_native.tif,outputs/evaluation/field_validation/local_halo7_products/2022-06-18/ST01/MODIS_halo7_ST01_2022-06-18_native.tif,True,b9a25e2fcb148b1a69759113863fe3dc453788a011f14a6461112d63e7a57a34,b9a25e2fcb148b1a69759113863fe3dc453788a011f14a6461112d63e7a57a34,False,Bytes identical; physical identity path may be renamed.
outputs/evaluation/field_validation/local_halo7_products/2022-06-18/ST04/raw/ST04_halo7.json,outputs/evaluation/field_validation/local_halo7_products/2022-06-18/ST01/raw/ST01_halo7.json,True,58a799ea3e69179b42522a1ef1529f73693e3ac307785c9a2bdc6c81fbf42827,d082ce8dd40937517c559b26bf425c39b4339fdee957ae2e594cb992ab3d7023,True,"Current identity labels, paths, metadata, workbook packaging, derived output or station pair-key digest; scientific values preserved."
outputs/evaluation/field_validation/local_halo7_products/2022-06-18/ST04/raw/ST04_halo7.tif,outputs/evaluation/field_validation/local_halo7_products/2022-06-18/ST01/raw/ST01_halo7.tif,True,11d4a101b9f60101440465376c4c0952111df4f4216eef38e84a0a8b3c5baae6,11d4a101b9f60101440465376c4c0952111df4f4216eef38e84a0a8b3c5baae6,False,Bytes identical; physical identity path may be renamed.
outputs/evaluation/field_validation/local_halo7_products/2022-06-18/ST04/RF25_halo7_ST04_2022-06-18_20m.tif,outputs/evaluation/field_validation/local_halo7_products/2022-06-18/ST01/RF25_halo7_ST01_2022-06-18_20m.tif,True,8487e3ff88029e3156d37cc985e82ef9170b7ad8b746e3e3d95bba051f0f4e0d,5058b8443cbbca480dcd51009ce15ae037ad9d8103d74990f55deb770b1138ea,True,"Only embedded station_id metadata changed; arrays, masks and support identical."
outputs/evaluation/field_validation/local_halo7_products/2022-06-18/ST05/metadata.json,outputs/evaluation/field_validation/local_halo7_products/2022-06-18/ST05/metadata.json,False,4c3bb9bfbd58663d941ca231ea306e86038a52e6d71062161c19f54b3c1a1402,409f869124df03ac823f84e87d6a22f90641f7a7f1ef3df0d6b9efebbf82e601,True,"Current identity labels, paths, metadata, workbook packaging, derived output or station pair-key digest; scientific values preserved."
outputs/evaluation/field_validation/local_halo7_products/2022-06-18/ST05/MODIS_halo7_ST05_2022-06-18_native.tif,outputs/evaluation/field_validation/local_halo7_products/2022-06-18/ST05/MODIS_halo7_ST05_2022-06-18_native.tif,False,96046588706d4b3b8b647e3d2db1c85973792f7c5ed611994be33535680dbab2,96046588706d4b3b8b647e3d2db1c85973792f7c5ed611994be33535680dbab2,False,Bytes identical; physical identity path may be renamed.
outputs/evaluation/field_validation/local_halo7_products/2022-06-18/ST05/raw/ST05_halo7.json,outputs/evaluation/field_validation/local_halo7_products/2022-06-18/ST05/raw/ST05_halo7.json,False,704a3e737a714e6ca7b9d4b09034b4a593ec78fb774a006730d588b0b9d10c7b,0dee5cf0e85591a0fd1c01fc4c201970bcd06b560b5b057d87a0d9869a132711,True,"Current identity labels, paths, metadata, workbook packaging, derived output or station pair-key digest; scientific values preserved."
outputs/evaluation/field_validation/local_halo7_products/2022-06-18/ST05/raw/ST05_halo7.tif,outputs/evaluation/field_validation/local_halo7_products/2022-06-18/ST05/raw/ST05_halo7.tif,False,08dfb74ae61d4f33d6f72639aa9c17e3e9e3a7789ea3ed0148448b846574284a,08dfb74ae61d4f33d6f72639aa9c17e3e9e3a7789ea3ed0148448b846574284a,False,Bytes identical; physical identity path may be renamed.
outputs/evaluation/field_validation/local_halo7_products/2022-06-18/ST05/RF25_halo7_ST05_2022-06-18_20m.tif,outputs/evaluation/field_validation/local_halo7_products/2022-06-18/ST05/RF25_halo7_ST05_2022-06-18_20m.tif,False,f6b19391febcd31dbcf0d2af89c8c4c36147a806fff2358d954dbbea7538ebf7,f6b19391febcd31dbcf0d2af89c8c4c36147a806fff2358d954dbbea7538ebf7,False,Bytes identical; physical identity path may be renamed.
outputs/evaluation/field_validation/local_halo7_products/2022-06-26/ST01/metadata.json,outputs/evaluation/field_validation/local_halo7_products/2022-06-26/ST02/metadata.json,True,80f6ad57885494d57ba89187bafe473234f46e944e8020c6de8853ed521ba61e,7ae358803e77be3876840ba1a3beb2c8db7bb9b3452f651bcd1a74ab4b0963fb,True,"Current identity labels, paths, metadata, workbook packaging, derived output or station pair-key digest; scientific values preserved."
outputs/evaluation/field_validation/local_halo7_products/2022-06-26/ST01/MODIS_halo7_ST01_2022-06-26_native.tif,outputs/evaluation/field_validation/local_halo7_products/2022-06-26/ST02/MODIS_halo7_ST02_2022-06-26_native.tif,True,2dba3af9703fe3e945e8186e9d337916118ce18bff6d080c071ec74fc8ffe25f,2dba3af9703fe3e945e8186e9d337916118ce18bff6d080c071ec74fc8ffe25f,False,Bytes identical; physical identity path may be renamed.
outputs/evaluation/field_validation/local_halo7_products/2022-06-26/ST01/raw/ST01_halo7.json,outputs/evaluation/field_validation/local_halo7_products/2022-06-26/ST02/raw/ST02_halo7.json,True,6fc237125eebc9bdb526b0faa53598c1cd2b76aca9a5ac24c581c8a2ae70935b,63d5403c9cdd2b39410a5f78bb96341b21f3e5a63ea2ec3f837275cfb21e407d,True,"Current identity labels, paths, metadata, workbook packaging, derived output or station pair-key digest; scientific values preserved."
outputs/evaluation/field_validation/local_halo7_products/2022-06-26/ST01/raw/ST01_halo7.tif,outputs/evaluation/field_validation/local_halo7_products/2022-06-26/ST02/raw/ST02_halo7.tif,True,61fae4c9a329c9a4148f729872696b3682141097e0fb26c5e981947b5920fdfe,61fae4c9a329c9a4148f729872696b3682141097e0fb26c5e981947b5920fdfe,False,Bytes identical; physical identity path may be renamed.
outputs/evaluation/field_validation/local_halo7_products/2022-06-26/ST01/RF25_halo7_ST01_2022-06-26_20m.tif,outputs/evaluation/field_validation/local_halo7_products/2022-06-26/ST02/RF25_halo7_ST02_2022-06-26_20m.tif,True,95bc23c6d19eda9afde81165162be79bac1e174eba9dc65260c686dd106f3b25,35f2776ca8dfae2c7d06977b3de0d82f4841be41ed07601cb0031660efe76881,True,"Only embedded station_id metadata changed; arrays, masks and support identical."
outputs/evaluation/field_validation/local_halo7_products/2022-06-26/ST02/metadata.json,outputs/evaluation/field_validation/local_halo7_products/2022-06-26/ST03/metadata.json,True,4bfe2122b9280bde5f57613cddd5281fc6b3358eb3c14dfd2882dcd1d8742ef1,edaccfd1659213e4882dd3b6ef82aac90e01f58a5fa253c981914a118990f819,True,"Current identity labels, paths, metadata, workbook packaging, derived output or station pair-key digest; scientific values preserved."
outputs/evaluation/field_validation/local_halo7_products/2022-06-26/ST02/MODIS_halo7_ST02_2022-06-26_native.tif,outputs/evaluation/field_validation/local_halo7_products/2022-06-26/ST03/MODIS_halo7_ST03_2022-06-26_native.tif,True,0ce0466c748afe84eafa3064c364e86c622e9902e5ab401d33e85b05de220ea1,0ce0466c748afe84eafa3064c364e86c622e9902e5ab401d33e85b05de220ea1,False,Bytes identical; physical identity path may be renamed.
outputs/evaluation/field_validation/local_halo7_products/2022-06-26/ST02/raw/ST02_halo7.json,outputs/evaluation/field_validation/local_halo7_products/2022-06-26/ST03/raw/ST03_halo7.json,True,20530663d37767e799fd51005e4ce8407c2d1d9e4bc23d2d3a68f5dfb2db9b26,274e4cf251025c20b1b58f1bab680fd3bcb9e1d26d801bb72f50b8197d9c1187,True,"Current identity labels, paths, metadata, workbook packaging, derived output or station pair-key digest; scientific values preserved."
outputs/evaluation/field_validation/local_halo7_products/2022-06-26/ST02/raw/ST02_halo7.tif,outputs/evaluation/field_validation/local_halo7_products/2022-06-26/ST03/raw/ST03_halo7.tif,True,0af2c876ae29d999cd6660b9b5eb5790c75aa2095c2305ea88ef9cd33da1bdb2,0af2c876ae29d999cd6660b9b5eb5790c75aa2095c2305ea88ef9cd33da1bdb2,False,Bytes identical; physical identity path may be renamed.
outputs/evaluation/field_validation/local_halo7_products/2022-06-26/ST02/RF25_halo7_ST02_2022-06-26_20m.tif,outputs/evaluation/field_validation/local_halo7_products/2022-06-26/ST03/RF25_halo7_ST03_2022-06-26_20m.tif,True,83a30ad28cea5cead5a551e94d8d75db5d6fe5691ac6da72962477370dc39dff,2ab61372bf0748201f8ca8d3af14a7096daac656a5e7d4142159fb278e2d60d0,True,"Only embedded station_id metadata changed; arrays, masks and support identical."
outputs/evaluation/field_validation/local_halo7_products/2022-06-26/ST03/metadata.json,outputs/evaluation/field_validation/local_halo7_products/2022-06-26/ST04/metadata.json,True,97fc0bf6ebbe3f48c182abc3f63227af948b1b153c3ecbda4b8a865eb1d295c4,c0dfb8d969fdfe233f3bc6f3e8c21118a448e416144b2771af1825f4392909b4,True,"Current identity labels, paths, metadata, workbook packaging, derived output or station pair-key digest; scientific values preserved."
outputs/evaluation/field_validation/local_halo7_products/2022-06-26/ST03/MODIS_halo7_ST03_2022-06-26_native.tif,outputs/evaluation/field_validation/local_halo7_products/2022-06-26/ST04/MODIS_halo7_ST04_2022-06-26_native.tif,True,4ea44693150fad436fe92bdd693d725ecdc21d3d8d48276ec20d3e13c8442443,4ea44693150fad436fe92bdd693d725ecdc21d3d8d48276ec20d3e13c8442443,False,Bytes identical; physical identity path may be renamed.
outputs/evaluation/field_validation/local_halo7_products/2022-06-26/ST03/raw/ST03_halo7.json,outputs/evaluation/field_validation/local_halo7_products/2022-06-26/ST04/raw/ST04_halo7.json,True,ef1c0265ac5ecd1f64ac008a89f22fd954e2fd07aee60b6b534d59bce75a3d18,c0495d863be718deaa3dd393be135d0ef68bcfda1eafaf99e32c6c0cad9703cb,True,"Current identity labels, paths, metadata, workbook packaging, derived output or station pair-key digest; scientific values preserved."
outputs/evaluation/field_validation/local_halo7_products/2022-06-26/ST03/raw/ST03_halo7.tif,outputs/evaluation/field_validation/local_halo7_products/2022-06-26/ST04/raw/ST04_halo7.tif,True,2dd60a4620240c2c8c5da2deeda2005eced6269ea4dd1c03b77bea5e7b36a5fa,2dd60a4620240c2c8c5da2deeda2005eced6269ea4dd1c03b77bea5e7b36a5fa,False,Bytes identical; physical identity path may be renamed.
outputs/evaluation/field_validation/local_halo7_products/2022-06-26/ST03/RF25_halo7_ST03_2022-06-26_20m.tif,outputs/evaluation/field_validation/local_halo7_products/2022-06-26/ST04/RF25_halo7_ST04_2022-06-26_20m.tif,True,13982c0e893d151bf01fc637ef59dbd028f93a0f75022cd62e08ae8db21f58e0,9d2bbb2e1459c0811fd3d1771c550ce3783815eb58c05223102d4272d63123dd,True,"Only embedded station_id metadata changed; arrays, masks and support identical."
outputs/evaluation/field_validation/local_halo7_products/2022-06-26/ST04/metadata.json,outputs/evaluation/field_validation/local_halo7_products/2022-06-26/ST01/metadata.json,True,f88d05358e4f2db78099967ee82a80c65d628f46e7c555cf4a31d5f63d892ee5,5b5132b5b5f63e99808453f2d86903b65b2706f325c551dfbc1edf4931e0162f,True,"Current identity labels, paths, metadata, workbook packaging, derived output or station pair-key digest; scientific values preserved."
outputs/evaluation/field_validation/local_halo7_products/2022-06-26/ST04/MODIS_halo7_ST04_2022-06-26_native.tif,outputs/evaluation/field_validation/local_halo7_products/2022-06-26/ST01/MODIS_halo7_ST01_2022-06-26_native.tif,True,ef3c3643506a5380d73004b72ea2e1e1f9cd62c28eea41d13071b0272e5c196c,ef3c3643506a5380d73004b72ea2e1e1f9cd62c28eea41d13071b0272e5c196c,False,Bytes identical; physical identity path may be renamed.
outputs/evaluation/field_validation/local_halo7_products/2022-06-26/ST04/raw/ST04_halo7.json,outputs/evaluation/field_validation/local_halo7_products/2022-06-26/ST01/raw/ST01_halo7.json,True,c4fda945d2d4447a8d6c1ab47e851e411c38af4535759e14d6f736dcbed89865,7180fb7e48397b613280e55cafd51b498921ebade58da552d61c386951bd5723,True,"Current identity labels, paths, metadata, workbook packaging, derived output or station pair-key digest; scientific values preserved."
outputs/evaluation/field_validation/local_halo7_products/2022-06-26/ST04/raw/ST04_halo7.tif,outputs/evaluation/field_validation/local_halo7_products/2022-06-26/ST01/raw/ST01_halo7.tif,True,0f2bccafd0bcdfc4c98691ec8d82541b036a786c8f61df862d6e8cb8f847eb18,0f2bccafd0bcdfc4c98691ec8d82541b036a786c8f61df862d6e8cb8f847eb18,False,Bytes identical; physical identity path may be renamed.
outputs/evaluation/field_validation/local_halo7_products/2022-06-26/ST04/RF25_halo7_ST04_2022-06-26_20m.tif,outputs/evaluation/field_validation/local_halo7_products/2022-06-26/ST01/RF25_halo7_ST01_2022-06-26_20m.tif,True,05d8204551d3d1c3c9b297e589f2282916fc7a4406dbeb58073ddfee60299bb7,30b2828e79b1ac619b00010020cf6a8d957fcb04b1000757358cc078b6a79ffc,True,"Only embedded station_id metadata changed; arrays, masks and support identical."
outputs/evaluation/field_validation/local_halo7_products/2022-06-26/ST05/metadata.json,outputs/evaluation/field_validation/local_halo7_products/2022-06-26/ST05/metadata.json,False,4a50b782334d3303a5a9f96ec0a97110083943f59d15b5d917493cfce608edab,9fafaace1f50d2f8defff503e920bca7cfc2f66e394e7e5a153db03c319b5a4d,True,"Current identity labels, paths, metadata, workbook packaging, derived output or station pair-key digest; scientific values preserved."
outputs/evaluation/field_validation/local_halo7_products/2022-06-26/ST05/MODIS_halo7_ST05_2022-06-26_native.tif,outputs/evaluation/field_validation/local_halo7_products/2022-06-26/ST05/MODIS_halo7_ST05_2022-06-26_native.tif,False,c0a5f51b31c6df4f131ddb0d8cf5ca284d2f1c39820df39b3b0512d8e8f90bb7,c0a5f51b31c6df4f131ddb0d8cf5ca284d2f1c39820df39b3b0512d8e8f90bb7,False,Bytes identical; physical identity path may be renamed.
outputs/evaluation/field_validation/local_halo7_products/2022-06-26/ST05/raw/ST05_halo7.json,outputs/evaluation/field_validation/local_halo7_products/2022-06-26/ST05/raw/ST05_halo7.json,False,aeec12789ecd6e2df8691cc597beda76c31e4031d5da1c18025c7917fc1aba5d,49af637a244c84094567cc70e777d5efc44e3af7e76071bf349685baa43b6b5d,True,"Current identity labels, paths, metadata, workbook packaging, derived output or station pair-key digest; scientific values preserved."
outputs/evaluation/field_validation/local_halo7_products/2022-06-26/ST05/raw/ST05_halo7.tif,outputs/evaluation/field_validation/local_halo7_products/2022-06-26/ST05/raw/ST05_halo7.tif,False,17b2fa2b8c73f956532613aca384c8ffab3d0450d438e04178a25869c1e96f12,17b2fa2b8c73f956532613aca384c8ffab3d0450d438e04178a25869c1e96f12,False,Bytes identical; physical identity path may be renamed.
outputs/evaluation/field_validation/local_halo7_products/2022-06-26/ST05/RF25_halo7_ST05_2022-06-26_20m.tif,outputs/evaluation/field_validation/local_halo7_products/2022-06-26/ST05/RF25_halo7_ST05_2022-06-26_20m.tif,False,bf2a2c50fba387a04c3149105c394028173a563e27647ce7db1fe462c95e1ba0,bf2a2c50fba387a04c3149105c394028173a563e27647ce7db1fe462c95e1ba0,False,Bytes identical; physical identity path may be renamed.
outputs/evaluation/field_validation/local_halo7_products/deterministic_signature_migration_manifest.json,outputs/evaluation/field_validation/local_halo7_products/deterministic_signature_migration_manifest.json,False,2a1d65021a27e95ca3cdd9f3862dd259630d27defe18571e542bd64ac5c2ec45,2a1d65021a27e95ca3cdd9f3862dd259630d27defe18571e542bd64ac5c2ec45,False,Unchanged baseline file.
outputs/evaluation/field_validation/local_halo7_products/logs/halo7_production_stderr.log,outputs/evaluation/field_validation/local_halo7_products/logs/halo7_production_stderr.log,False,e3b0c44298fc1c149afbf4c8996fb92427ae41e4649b934ca495991b7852b855,e3b0c44298fc1c149afbf4c8996fb92427ae41e4649b934ca495991b7852b855,False,Unchanged baseline file.
outputs/evaluation/field_validation/local_halo7_products/logs/halo7_production_stdout.log,outputs/evaluation/field_validation/local_halo7_products/logs/halo7_production_stdout.log,False,453915df151e62d9f592c83529dc773332478cb34351d899da4c3cf2492ce538,453915df151e62d9f592c83529dc773332478cb34351d899da4c3cf2492ce538,False,Unchanged baseline file.
outputs/evaluation/field_validation/local_halo7_products/production_summary.json,outputs/evaluation/field_validation/local_halo7_products/production_summary.json,False,802c4d82e4397d396d2ba651dabe093532d08d9b202baa442b220ea41912428d,c0766580361197d1a07c3dfaabec55ce755efd283ccba7b2ff67a059f8c39a34,True,"Current identity labels, paths, metadata, workbook packaging, derived output or station pair-key digest; scientific values preserved."
outputs/evaluation/field_validation/local_halo7_products/ST04_validation_extension_manifest.json,outputs/evaluation/field_validation/local_halo7_products/ST01_validation_extension_manifest.json,True,43e5a85db2427ec5dba2c5a5b5368a70fed5c40841ac089d75279158a8c28ad7,31896a835e6fc66fcf8b91a9af5e6ba0ca9093cb15960192e3c5fa100ece9729,True,"Current identity labels, paths, metadata, workbook packaging, derived output or station pair-key digest; scientific values preserved."
outputs/evaluation/field_validation/protected_after_audit.json,outputs/evaluation/field_validation/protected_after_audit.json,False,738b90fd614f151dcb7975e65c8b2410646092c33453b2cd48dd6c5f1a62ff97,738b90fd614f151dcb7975e65c8b2410646092c33453b2cd48dd6c5f1a62ff97,False,Unchanged baseline file.
outputs/evaluation/field_validation/protected_before_audit.json,outputs/evaluation/field_validation/protected_before_audit.json,False,28f88e9cec3b03e29082d5d060e5017d33ca3cb7908445836da7c2c443c4fb1a,28f88e9cec3b03e29082d5d060e5017d33ca3cb7908445836da7c2c443c4fb1a,False,Unchanged baseline file.
outputs/evaluation/field_validation/raster_2022_03_30_provenance_audit.json,outputs/evaluation/field_validation/raster_2022_03_30_provenance_audit.json,False,b5ff781243952769cf13fcc79225b5d39f6b7069d6225d96a18f0b1f9a058ec3,b5ff781243952769cf13fcc79225b5d39f6b7069d6225d96a18f0b1f9a058ec3,False,Unchanged baseline file.
outputs/evaluation/field_validation/rf25_field_product_inventory.csv,outputs/evaluation/field_validation/rf25_field_product_inventory.csv,False,9dff2e758e5922802995942e3e7af6a9b78eb255c478a922d04838a48c94b351,9dff2e758e5922802995942e3e7af6a9b78eb255c478a922d04838a48c94b351,False,Unchanged baseline file.
outputs/evaluation/field_validation/rf25_hashes_before_local.json,outputs/evaluation/field_validation/rf25_hashes_before_local.json,False,f09405894fc1f0621254af7458856f66bc1165190832ab1142bdb28b89e4402d,f09405894fc1f0621254af7458856f66bc1165190832ab1142bdb28b89e4402d,False,Unchanged baseline file.
outputs/evaluation/field_validation/st04_validation_extension/era5_nearest_land_halo_convergence/2022-03-30/audit_metadata.json,outputs/evaluation/field_validation/st01_validation_extension/era5_nearest_land_halo_convergence/2022-03-30/audit_metadata.json,True,86880d52d93ee2d2674e2517bc902520d7237ece3fadbbf1624725e5e9c17583,f235810e4d4d34765a277acaef3a29be7a7dbd827ffb83a67420b64f45bf3e33,True,"Current identity labels, paths, metadata, workbook packaging, derived output or station pair-key digest; scientific values preserved."
outputs/evaluation/field_validation/st04_validation_extension/era5_nearest_land_halo_convergence/2022-03-30/raw/ST04_era5_land_halo9_convergence_halo7.json,outputs/evaluation/field_validation/st01_validation_extension/era5_nearest_land_halo_convergence/2022-03-30/raw/ST01_era5_land_halo9_convergence_halo7.json,True,b220c509fb57ca06c54d10bbd3512a59366d9514844ada0d9ab3c4cd57ac2bd7,6a2c6b8fe3ba1981b62e4a760f2f5bbdfde62916b23777d7d77dcf06ce488693,True,"Current identity labels, paths, metadata, workbook packaging, derived output or station pair-key digest; scientific values preserved."
outputs/evaluation/field_validation/st04_validation_extension/era5_nearest_land_halo_convergence/2022-03-30/raw/ST04_era5_land_halo9_convergence_halo7.tif,outputs/evaluation/field_validation/st01_validation_extension/era5_nearest_land_halo_convergence/2022-03-30/raw/ST01_era5_land_halo9_convergence_halo7.tif,True,ba736fdd189f883dbb611a5e94a9a62262f321cbc8dcb90e66cc47a9ff7f1909,ba736fdd189f883dbb611a5e94a9a62262f321cbc8dcb90e66cc47a9ff7f1909,False,Bytes identical; physical identity path may be renamed.
outputs/evaluation/field_validation/st04_validation_extension/era5_nearest_land_halo_convergence/2022-03-30/st04_era5_halo_comparison.csv,outputs/evaluation/field_validation/st01_validation_extension/era5_nearest_land_halo_convergence/2022-03-30/st01_era5_halo_comparison.csv,True,3f53a98d3a8a960edbcd180b84d5cd9182ece8d9bc0836efd5fe1db38974d452,3f53a98d3a8a960edbcd180b84d5cd9182ece8d9bc0836efd5fe1db38974d452,False,Unchanged baseline file.
outputs/evaluation/field_validation/st04_validation_extension/era5_nearest_land_halo_convergence/2022-03-30/st04_era5_halo_summary.csv,outputs/evaluation/field_validation/st01_validation_extension/era5_nearest_land_halo_convergence/2022-03-30/st01_era5_halo_summary.csv,True,f3ce5c9a25f8939e3cf4e65678eb09597030cef9fb27649cd3e47966eed60824,f3ce5c9a25f8939e3cf4e65678eb09597030cef9fb27649cd3e47966eed60824,False,Unchanged baseline file.
outputs/evaluation/field_validation/st04_validation_extension/halo_convergence/2022-03-30/raw/ST04_halo9_convergence_halo7.json,outputs/evaluation/field_validation/st01_validation_extension/halo_convergence/2022-03-30/raw/ST01_halo9_convergence_halo7.json,True,d50734890bb01cb864f1c29dcaf829a64cf28f9c2f7b0fa5b2b3b80089c3d900,28cca0c93a24823965f957dd1da1fba3a83ed4a0ba961f5d647996699adbe551,True,"Current identity labels, paths, metadata, workbook packaging, derived output or station pair-key digest; scientific values preserved."
outputs/evaluation/field_validation/st04_validation_extension/halo_convergence/2022-03-30/raw/ST04_halo9_convergence_halo7.tif,outputs/evaluation/field_validation/st01_validation_extension/halo_convergence/2022-03-30/raw/ST01_halo9_convergence_halo7.tif,True,2c4a8cebf385d7db23cf80c53f24050312bc17a52e368c923044e1f35da4edae,2c4a8cebf385d7db23cf80c53f24050312bc17a52e368c923044e1f35da4edae,False,Bytes identical; physical identity path may be renamed.
outputs/evaluation/field_validation/st04_validation_extension/halo_convergence/2022-03-30/st04_support_diagnostic.csv,outputs/evaluation/field_validation/st01_validation_extension/halo_convergence/2022-03-30/st01_support_diagnostic.csv,True,72b4a3075e4f716f65cd4c75c820eb901d8969de406bc3697d52c6135f03523e,72b4a3075e4f716f65cd4c75c820eb901d8969de406bc3697d52c6135f03523e,False,Unchanged baseline file.
outputs/evaluation/field_validation/station_modis_parent_audit_2022-03-30.csv,outputs/evaluation/field_validation/station_modis_parent_audit_2022-03-30.csv,False,f7a47d6a1aee93c1c62886c5c0d39177920c502afd77e73610cef4600a6afcec,cf65dca37e515b7d5af548d7f1750f124f685fcd0a2946a006e8b5075ff112c8,True,"Current identity labels, paths, metadata, workbook packaging, derived output or station pair-key digest; scientific values preserved."
outputs/evaluation/field_validation/support_graph_audit.json,outputs/evaluation/field_validation/support_graph_audit.json,False,ac9a463f1338b0d5efa5e1d0a64a851ed4e39b6d4382da218edefc4b85871106,e0fbe4bee18d7c04db9e622d6814fa5e2e3ad69b4fa4cea8ee9a9c84a84cfc04,True,"Current identity labels, paths, metadata, workbook packaging, derived output or station pair-key digest; scientific values preserved."
outputs/evaluation/field_validation/transport_identity_audit_before.json,outputs/evaluation/field_validation/transport_identity_audit_before.json,False,13a2599671756d020818c8d06316fdec8170382c2ad254c5256cb8f09fbca82b,13a2599671756d020818c8d06316fdec8170382c2ad254c5256cb8f09fbca82b,False,Unchanged baseline file.
outputs/evaluation/field_validation/validation_run.log,outputs/evaluation/field_validation/validation_run.log,False,6a6200fb879dbf4225bea9719ab9e4c49920ea78abb59d86bfd1a1b52326073c,6a6200fb879dbf4225bea9719ab9e4c49920ea78abb59d86bfd1a1b52326073c,False,Unchanged baseline file.
